group,Хлеб,,,,1
Хлеб ржаной,238,100,,38c58608-6de4-4223-af03-fb859b2ff183,
Батон белый,242,100,,b3bc5fe2-6836-4e9f-9019-b991f5b5ccfe,
Сухари черные ,326,60,,78bfb0dd-25b8-454a-992b-ba3aa61a8ae4,
Сухари белые,340,70,,254e9c9d-5f47-4cac-8fc4-b1499ffd26b0,
Галеты,340,70,,dc095fde-8c34-491e-9cf5-28cda345ff33,
Печенье,410,70,,382d5b98-099c-4d31-ab70-8ed97b328762,
"Баранки, сушки",272,70,,9dfea242-2dcd-4925-b115-e6bef693e856,
Вафли,430,80,,32d01ecb-9905-404a-93f8-5c34eaf5901e,
,,,,8ea38c87-180f-4c5f-a7a7-a2ea8ead2639,
,,,,e9fb70b8-da22-469f-b81c-0b9da9de3a58,
,,,,ab9e28d5-a403-4453-a063-884c8fa63af7,
,,,,d6c068b3-cc0d-49c7-b288-4889cdd2f4d5,
,,,,0e021435-86b5-4dae-a69b-faf219060f6f,
,,,,559b827f-2bd6-4d65-8617-51842479e058,
,,,,b74d93cf-35e1-4664-8f24-8e4f5fafe66d,
,,,,16477e3c-e32d-426b-820e-41b9ebc4c3a3,
,,,,d135e1b5-25ea-4d2b-918b-c8402ccf0710,
,,,,6bc56b13-a40b-4eb6-b449-fb8e6d95f73d,
,,,,97653491-42b2-4ffb-bf8d-b476ea089908,
,,,,b58865a9-1f28-40e1-b2ac-999c3cb60a0a,
,,,,4b689387-1dd5-4606-8a2a-fe3341445f8b,
,,,,280468c2-4c43-4ad6-9bf1-00ea55fcd110,
,,,,159ce3f0-4b23-46f9-87da-59e4f9fa8a48,
,,,,55f96276-f44a-4ec8-98b3-ce48a270d56d,
,,,,0283ed07-c9e0-4818-ba0a-cdba8295dd80,
,,,,a75c2630-1e45-4bac-a04a-21910236fc63,
,,,,14f878c9-28ea-4b4b-b769-97bd1e5df51c,
,,,,ae5e9f76-087a-4c99-8513-9c336c348fc3,
,,,,3e881d0f-3ecf-40cb-b8af-a1f342a7ebdd,
,,,,57972cd2-ec33-49e7-90b9-cd3ef894f5a5,
,,,,40ef0c60-f377-41a6-b558-c6c95bbce6a4,
,,,,bda37ed1-436a-472b-95e9-20878f15f772,
,,,,97c74436-66e4-4669-8766-405fbf7910dc,
,,,,c2ec0106-55eb-4a41-9959-3b2c15625527,
,,,,5429a776-9e88-4ec7-bd1a-cebac2447980,
,,,,0adce119-5298-4446-a26e-9dea60ff0f11,
,,,,744d04ec-d6b1-4d1a-a67d-bc22d9be5f74,
,,,,ec4d32b7-afeb-4011-bde2-289547b098b0,
,,,,ddeb15ad-cea2-489e-9ef8-6c35bbd3e990,
,,,,23db24de-a1a2-445c-a8a5-d4877bf716b6,
,,,,19554feb-afe6-4a64-b98f-e2e4b0386a7c,
,,,,0f3c6885-6815-43a3-bf9b-c11c410ded85,
,,,,1467ede7-699c-4d96-b5d4-ac70bf3f1dae,
,,,,1b8d7760-25c6-4641-98f0-5cf8da185582,
,,,,d8da8226-0f5e-49f3-95d4-a44c85f715fe,
,,,,f7ab35b5-0544-4225-b95e-e08c8b00f942,
,,,,6904f6e4-3fa4-48f8-9a21-1b18b318355d,
,,,,3942adb5-e5c6-4d19-b402-294f67dc76e1,
,,,,caf14bf8-7134-4e20-a1dc-deaf87bc2793,
,,,,36c8f2cd-cc10-4605-b476-daeaa2af2465,
,,,,63636f76-3723-4980-82e1-6c7a1b7cea95,
,,,,42742dfe-828d-4e09-b1ab-36b3476fd82e,
,,,,d112de8c-ece6-486e-919d-6de587da1f42,
,,,,39c1e951-a500-4cf4-b0db-8c00328a54a4,
,,,,7c866f4c-1a27-42a0-8a9f-af8afba0dbeb,
,,,,47816b3e-5820-4d62-9012-29deeaebd549,
,,,,1174f608-4b52-40ca-b401-484d864b28a2,
,,,,58c1edf7-49c4-4834-8b44-b8790f5963c3,
,,,,c389a4e1-044e-4b6b-af1b-166df5d76bf3,
,,,,46278ad8-8d83-490f-afa9-d1cc5b891449,
,,,,437dd3f1-258a-4713-b4f7-bbbbcfbc99a3,
,,,,ebbb281a-deff-4b03-b66f-fb9f2b87a22e,
,,,,5877eabf-7aa3-41d8-98ec-7185361f08ab,
,,,,fe0cf2fc-6d5b-4de6-9fb7-981ccd0c3904,
,,,,4a2729ea-5aa6-4b32-8c35-e9103d47a2e4,
,,,,d9a241e2-5d6a-4489-836e-7d2e8fb84ce1,
,,,,14b5fee8-df01-4cab-aea1-d5302031aea2,
,,,,d112bbd1-14c6-4def-8018-8946472a8d63,
,,,,dd0a5f82-8b61-4768-851f-6953bf2f7eea,
,,,,fbd07f63-c3e7-4c83-94c4-ae421e1b6642,
,,,,150c143c-9539-48d0-83de-b64d04e21dcc,
,,,,4fb35491-2f94-4c30-be6b-23ec0ff08e09,
,,,,68fb21b2-ffba-469e-9bfc-9e241d268e29,
,,,,ed10f414-dd11-46d5-b28e-dc0cb0214c6a,
,,,,679c98d7-c47c-469b-9eee-3b8225fa2f33,
,,,,94186896-7aa1-453c-becb-47c3b4e86916,
,,,,16df4afa-b01c-4a8c-b62c-44d07dc731f2,
,,,,f2a108de-ecd0-48c9-8849-5d967ee42fa7,
,,,,479de07d-3535-438a-b2aa-b6879b86eee2,
,,,,4a8b26c9-5d4f-4b80-b7de-f454e0c24031,
,,,,fcda589a-873a-4179-83d1-306a89753e20,
,,,,d25cfc12-beec-4fdf-b732-bc335e19f968,
,,,,cfe30573-5518-4045-a84a-7bbe02d3372f,
,,,,a1eae4a4-fe70-4464-beaa-639ed429ef7f,
,,,,f8f0d5ce-a3e8-43ce-8b40-1459a9b0b8be,
,,,,d5629266-87fa-4719-95be-38f9cc4941e4,
,,,,2068b9c6-0b6c-42e3-bae8-8899ff52a15d,
,,,,bae57b27-b726-4fc6-b66a-0150d342f5c7,
,,,,446f45c7-511f-40e2-bfd6-7cb1d76c6fe2,
,,,,d0dcbbda-6a41-4e95-bfc2-3a621d108d96,
,,,,ceda0773-b00d-438c-bd07-02f8adbe4a2c,
,,,,5a0ab660-ecac-46dc-8439-b3cce7133586,
,,,,a9dcae8c-cab9-4465-9b6f-a8052e15ca90,
,,,,5ad730f5-737a-4e27-9f74-09baddf7a898,
,,,,4d68e536-6102-4534-a27e-152b5f143104,
,,,,7cde8fed-efb4-4cdd-87d2-186cbe342d69,
,,,,adf826c9-9774-4617-be54-ceb5c25adce2,
,,,,42fa5915-98a2-4110-94eb-b4ea4906fec6,
,,,,9d7ac45e-7260-40dc-8582-901eb8ba68a3,
,,,,f5dfd2e1-4b22-4f88-8a75-8d4f56c79c97,
,,,,7df6d79a-cdc8-4405-9fca-a6781ce14a90,
,,,,a080eeaa-0f1d-4acc-ae69-9ea77fca619b,
,,,,57bc4e67-5efd-405c-98d1-b53526e4b64e,
,,,,fe7d417b-2c72-4b3b-87c2-087631db3c49,
,,,,afc0a4d9-0a30-484b-a7f8-55d812d80b94,
,,,,9767be2d-ee3c-49c7-93ef-c06e21f19acf,
,,,,9d4def0c-08f7-45b5-964c-c191d20d215a,
,,,,bec1a27a-10d4-47af-9b5a-710220833b83,
,,,,d78ac424-6ce1-4456-b8a5-319e32f318a1,
,,,,ec9ee877-8722-4b2f-b47d-3b3786aff0ea,
,,,,16f980c0-b04a-408c-994b-5c0283409fba,
,,,,7078b2c0-df8c-45db-a440-5c7d1d8f313f,
,,,,43e56c09-5d39-4aef-b555-2b6c73c014e2,
,,,,779353e3-7a44-4909-9dad-2efab99e5fca,
,,,,cc0057b2-3a72-4056-98db-9427547bb36d,
,,,,78a9891c-e1b0-476e-a2e9-47fd52ff3755,
,,,,e16c0944-3ac3-41e7-9e0c-189d461f43cf,
,,,,a9072eca-928d-42bc-a34f-53b77fb352bb,
,,,,e082ad7d-d2e1-432b-be51-5ac8fa1b168e,
,,,,c3011664-9f66-4b20-b39d-3ceeba5ee484,
,,,,f42fef74-7d6c-4c15-a7f6-cc747fe845ed,
,,,,018d848e-57e2-429a-9522-69fc6648078e,
,,,,6e1350ec-8c42-4f61-8392-8395a2109012,
,,,,e9c9f4fd-ab42-4133-bc01-01277277ff77,
,,,,7c941199-f805-44b6-a1db-f811cb2e9142,
,,,,b1fdd6c6-6d46-4dc4-888a-c27e3c1e9542,
,,,,b808ebe2-fae3-42cf-a990-4a2c4d741659,
,,,,e5131d9f-2f35-4c14-923f-b2fd49280140,
,,,,9abbcc4e-d83b-4a4e-ac97-30eec57e156b,
,,,,6b6d3ac0-9abc-4e48-abf3-625176ef9519,
,,,,74a3759e-41eb-4ff2-84ba-e175a5b58c55,
,,,,047ea939-6096-4da4-b4fe-79f027778d33,
,,,,afdafdf4-bd6b-472b-86e9-80804993f7cd,
,,,,73c2ac01-cfa5-4300-9dfd-19c6aedbd01a,
,,,,0c667100-38c6-4744-ae25-7671a029b07f,
,,,,e5360c2f-6516-4097-88c9-76dfbdbc7ced,
,,,,e7ae83e7-637a-4258-8095-51b4974b4ddd,
,,,,14728ebe-3b32-497e-a7cd-b4cb98ab55c7,
,,,,fede3473-768d-434d-b80b-3cafaaf0a4a6,
,,,,fa0713f9-0b1c-4f05-ba58-2b612e817aee,
,,,,e41a96c8-6858-4555-b803-dcc580ba80ae,
,,,,4d25d5d6-b127-4108-9e0a-5981239f7213,
,,,,1e734d02-850f-425a-95f4-f6172d6b2190,
,,,,666b8eb0-5438-4d08-89d2-3b22e068fc89,
,,,,44d7f590-421f-4b56-bec8-844f2ce46a08,
,,,,218a402b-1d1f-43f4-9824-73a9609a03ac,
,,,,ffd4b6f1-0bdf-4632-83ce-a3dc7a827a0e,
,,,,9965f84e-3e06-470f-b485-0206f491bc85,
,,,,1599326b-f9b8-41d0-bccf-d9e50d3fff29,
,,,,993e5b58-1eec-4db3-babd-aaf3a90b9c6b,
,,,,c9c0bc83-e48b-424f-940a-40c3ed94858b,
,,,,15baac9c-409d-4547-b69f-e00fb9abc85b,
,,,,de7815d3-4034-4c1b-9b39-033a30a94dba,
,,,,8e696582-7a0e-463a-9e2b-205f452fb4f1,
,,,,53aa48ac-e4c0-4191-8531-f97b3adc2733,
,,,,07ed76b3-61b6-4321-bbc3-4597505ccb59,
,,,,f043f3ea-08d2-4949-871a-dd58dbb74393,
,,,,cc0ae040-42f6-466d-9c65-da4b6569c2ca,
,,,,d506fc54-cf99-4c26-a9f1-e63e447d90d0,
,,,,dce93df9-8cc0-4331-90a2-8ba0b76e32d8,
,,,,f6b66ba6-eb3a-4c77-95d7-5a5975c83f9b,
,,,,d69d4ed2-255a-4903-9707-3e9069612bc5,
,,,,2ec4c8c2-441e-496c-a8b7-a2c5ee02000d,
,,,,c9e36a86-75c3-4921-8f3a-6d2f490d7b17,
,,,,db92c32c-eb41-4e94-9100-77f8ed904513,
,,,,7ef50073-b1be-409e-8c15-147118f8329c,
,,,,39bdd747-f3b8-45a2-b571-347358b322d7,
,,,,cc0d70a2-085e-4b03-b7f0-a9e24c594926,
,,,,beed8c0a-18b0-4fc7-b23f-0d90d20aae3c,
,,,,e4996d92-be90-4b35-9878-6d573971ca8e,
,,,,152eca94-37c9-4f29-a620-4c08f1f61d24,
,,,,c6534b45-e49d-43b5-bee0-9a8f3506b78e,
,,,,8c7cef55-8119-4624-9cb1-8e5578e0b596,
,,,,63e22c54-1771-4d16-b402-04ca290dea25,
,,,,4501200f-eb12-49dd-b54e-f23f128c443e,
,,,,bb8852a5-b720-4646-b14f-b11e16dee95d,
,,,,a411da15-bf57-466f-9373-9ff156ce129a,
,,,,be1d8179-7e70-42f2-bc33-3d47f68467bf,
,,,,88aca8c8-3c81-4b90-9ee3-4e2de8bb33cd,
,,,,9775d7da-af40-4a01-9a90-8529840bfa24,
,,,,83481dd9-5e00-4ca3-97e8-80efb8a6dcb9,
,,,,831e72cc-a001-4ab3-a9bf-4b20d150292f,
,,,,8273f7b7-2299-4e3e-a3dc-6aaf4a1d8737,
,,,,95c35689-26f8-4508-8090-69cf2c08b8f1,
,,,,7a736ac1-516b-46d8-bf4e-3ea44ab96878,
,,,,ba43d2f4-96a8-458f-af6d-f06c2994e202,
,,,,c5fed65c-48ca-45c3-a147-93d288cd1790,
,,,,74b3759e-4525-48a1-b578-13dc1d47fa3d,
,,,,dd7a6ca1-4d91-4f2a-ac38-10ae0dcbb0a4,
,,,,fdbcc1f0-9c75-451b-b423-af8714103e4a,
,,,,9942707c-04d0-4a8b-bbcb-428ee9abaa8a,
,,,,04406abc-8fbc-4d19-a2b8-4f57184af9c3,
,,,,db415e80-44e8-4c2d-9e10-6be12597af3b,
,,,,2d7c141f-fb27-4724-8ee0-f5f5e2fef893,
,,,,d66b0a1c-e8da-4315-8f4b-736d5d991849,
,,,,44ad780d-8d5c-4853-8074-a42d5396ef80,
,,,,8839352b-a7f9-459d-9637-2c8e31263dc2,
,,,,930f8abd-b587-436d-aac8-bb0c2427ac5a,
,,,,aa518135-18a6-4688-a511-651349cfb9ce,
,,,,834dbc44-32b5-4442-9ad8-0aaebbb95a99,
,,,,a80f6c1c-6921-45a3-a16e-2dd4905e30b1,
,,,,a7d36f9c-3283-49c6-95a2-c3221e1f6a73,
,,,,862d4ea9-889d-4962-af4e-ffc40f25a39c,
,,,,ba5c0704-84e6-4645-acb0-6158e1b0694b,
,,,,5313dcb9-1828-44c1-bd90-27d9db12e596,
,,,,9c952da4-fe70-485f-a986-2963d12ef2bc,
,,,,3324e1c5-5749-4ded-b73d-03a4092dd669,
,,,,c66475fb-9a04-484b-825d-bbeb1ffe7a8e,
,,,,7b50a0ed-ae57-4d1e-b483-9c248acda2d4,
,,,,7ba9e80b-a25d-4a6a-96b9-465459742b2f,
,,,,0fca46f7-d7ca-4fdc-905d-3aa9c8092152,
,,,,6893de3f-65f2-457d-b1b6-3aca9a8e1fe1,
,,,,b0881a89-dd9d-4fc5-898b-37e6fe143c13,
,,,,bb6eff76-f74c-477f-8f15-34f75ced459e,
,,,,a907a466-f750-4a8d-a317-b279fa5c4b7e,
,,,,f46fee85-dbca-42ed-a0cf-c08d62d77ecc,
,,,,29890f04-f0d1-4861-94b0-94c09a6093db,
,,,,65d654ac-c75b-4867-97f4-d8d91aeec8f9,
,,,,2cdf4870-3dcd-44c6-b630-2c2078e379fe,
,,,,121a3fef-51c4-49ac-b019-7204f8978ea2,
,,,,76c15890-e6b9-4fa6-8fe0-0ba0832764e5,
,,,,be7f5ec5-6a52-4216-b069-6225451685ab,
,,,,912077b8-f06e-44e2-89e3-1ee87eb9d7a2,
,,,,39420738-6262-4423-8647-3bf6f156e88b,
,,,,6ff10a7e-c557-4721-ad1d-180cecfda952,
,,,,eeab02fd-2421-4584-99bd-58dadf539c9a,
,,,,cb0eb4fc-3afb-4381-8f49-e8d67b1bdba0,
,,,,6e99b994-f477-48af-877f-3342495509f3,
,,,,9c9d8818-fb2e-4183-9efd-9952debf88b7,
,,,,44132e38-9917-4b58-b471-d2216be4bf6e,
,,,,96aff964-9819-4099-afb4-b65ea51b3011,
,,,,28b0dc5f-a29b-41a9-9b69-33b308eb71e6,
,,,,95ee9813-8bae-4fad-9931-025b1365f553,
,,,,133a6a45-18fa-4133-b6fa-4d9178e30551,
,,,,1c3357a8-c75d-4684-bdf7-7f5ea80ae177,
,,,,84d11a96-5d1d-4de7-8f63-f6edbf7cd9a2,
,,,,42bb5489-794d-4a7e-bf5a-82954b3c06dd,
,,,,dcb7abd9-f063-4670-b8eb-795b29556df3,
,,,,d3a7ba95-5c5a-4017-bc4d-174856056de6,
,,,,ee72e43b-c606-4709-9906-65a697f3d30d,
,,,,6539e4dc-3505-413b-976d-951be73230e7,
,,,,f8e964a9-b59d-45c4-8a60-85c295c7674e,
,,,,fec641b4-712d-4e97-9798-e9b25d498671,
,,,,3cd7ab94-d438-4709-94d2-a83fb23b7c72,
,,,,9bcaed10-340b-4e38-972f-febe0091e863,
,,,,2685209b-89a6-4e01-9cad-8b9ec9076fb8,
,,,,dc4d9676-19c0-4ce3-95fc-670b1825bbd8,
,,,,bf702cd9-3cc9-4d3e-9f67-708694032209,
,,,,ed576c8a-64b8-469f-9241-2ff8f80aa900,
,,,,bb6c0a61-5c22-4b9d-962e-4577579ba7cf,
,,,,1cb9dd43-941b-42e4-b21e-453513ca295f,
,,,,fc161956-dc11-4557-a1cf-4de3494b32ae,
,,,,759ee586-8a7b-4c2e-b0ef-e3325ee8e606,
,,,,e597d1ac-3003-4ed9-96f1-c7a6016e92b0,
,,,,049c255a-ecf6-4972-a430-8d0116169aa7,
,,,,1a831fe0-c6bc-43a1-8112-4c6d37ca90fd,
,,,,e5fe7168-8a8f-4ecb-a56d-7702e93344e4,
,,,,32a248ea-8d58-492e-9474-abe396672574,
,,,,131eadd5-2d51-488d-b76e-c521966461f5,
,,,,70205aa3-09b5-4b2d-b8c2-32825b4df3ec,
,,,,cdd12867-2941-4c0d-a54b-f34ebfeaf039,
,,,,2397927e-7e52-46ec-9ee7-3b23ecb3ab5d,
,,,,5711fbcc-dee8-4a4a-bbc7-8f169f2c83ab,
,,,,5e938e36-aec4-4c23-8040-9a0133d623e1,
,,,,3128affe-0f66-478d-b3af-0a3fb6ab4a88,
,,,,c4b9fb5f-e39c-4e52-a15f-f9360e2cb29c,
,,,,cf16f1e5-749a-4986-8083-28a1953919ba,
,,,,e123cd5c-6c72-4a9d-b98e-3603f2492ec5,
,,,,f722a473-b3f2-49fd-ba47-231f433020ec,
,,,,b8449552-8852-4cc8-a5fc-8ba7fe701cfe,
,,,,429d2876-b104-47d8-8009-e7e1a621c093,
,,,,7ee80246-84ca-4b45-b289-f840165c2e2f,
,,,,ffa627aa-6833-4878-b3a7-cdaee7b5b08a,
,,,,013910c7-2463-4c0a-95c8-336b8c034abd,
,,,,28ed8a70-3487-4bdf-b9a7-7c991aba67ad,
,,,,fe2c8658-33a0-41fe-9cd5-0f82dc97b04d,
,,,,98324267-6fe0-40bc-9d3d-0a5011c4d86e,
,,,,f4de796e-feb0-4c30-a0f9-e87e6370feef,
,,,,9e9a70e4-ac7f-40ea-b312-60ce3dcab63e,
,,,,3dd0654b-19d8-4b0a-a34b-0c5007c587eb,
,,,,2df652c7-d6c4-42a4-aa2c-43475f7d3089,
,,,,4c0b6d6f-4cdd-4ce1-b56b-3143e4ef738f,
,,,,28082495-dca6-435c-abfa-3b0abe1f5ee9,
,,,,2ca3d99d-12ce-47fe-a51d-3912bfd9c412,
,,,,efa5ffb9-af3a-4420-aa2a-81436e2f1bc3,
,,,,aa21b04e-37a5-4bcb-b46a-5f465039f9c4,
,,,,ef2e9bd9-2f44-4abd-8882-253816a68ecd,
,,,,879d262c-2ecf-4eb3-8cd4-9684286e8833,
,,,,44fcccf5-af7e-49b6-80e5-624c87846621,
,,,,29433756-0b96-43b0-a5ff-c429bb936b19,
,,,,f498622c-eafa-4441-adf9-ca239fcf9d48,
,,,,ee967af9-bcc5-496b-9c42-48edb10726e5,
,,,,ee95f50e-408d-408e-b9a8-4053875626ad,
,,,,bb249da3-758c-44b4-841a-33a21b4febbb,
,,,,67352371-fc18-4a13-a025-182aa98972ec,
,,,,49463680-10b9-4074-a84c-c620c679dbb3,
,,,,2399f5b7-b227-4aba-bdbb-0941ac8880c5,
,,,,ec1b2069-a11f-48d3-8a84-2a2d442ae971,
,,,,42c31140-9d69-406f-8b09-8c6030c7285a,
,,,,fc884370-b2fb-43fc-9f6e-258bd5aab1e8,
,,,,accee057-1a58-4287-87ee-978fcd9fd7ac,
,,,,20d12fe8-a13b-413b-a327-05b01071c709,
,,,,6867cf66-4a10-4559-a835-c53e81fe3535,
,,,,fd0c44a3-06e9-4e6e-a64c-33982ba98cae,
,,,,8f795599-8b8a-41d0-87d5-d1f23df40d73,
,,,,30ba22ae-dec1-48a2-9243-0a6a7d449346,
,,,,45a02458-26cd-4117-87a2-978fa49064fc,
,,,,3f97cf0f-0024-4e53-a02f-adad79e76014,
,,,,700adfce-59f0-4018-a6ef-b6f0f99cdcd2,
,,,,06604a04-df8a-45fd-a1d3-c29992d860b4,
,,,,7ec8bc16-d45b-471b-ab45-c13fe4d6d523,
,,,,7229d2f9-92ac-42fd-93bd-399fe5390bac,
,,,,cb63f5bd-13a3-4041-86f2-af151a12c672,
,,,,14d157c4-bf0b-447d-94c8-ca7e0ee4be2a,
,,,,61bc834d-d660-4714-b939-041eec658a49,
,,,,a701a26e-e46d-42b9-bc14-2eb1ecbce9f7,
,,,,93f892dd-ca69-4d2d-b10f-c646fa7b0517,
,,,,276aedf5-fc9f-4fcf-8570-6f3944e93e78,
,,,,dd0c956e-677e-48ba-b025-b495b12fb61b,
,,,,86f8cdd4-3011-4b1c-94a6-25061738ec47,
,,,,44f20721-91c3-44a7-8727-25290beffb47,
,,,,5a4eeff7-972d-4035-b65e-4f30b0b3abcd,
,,,,12bc39fe-593b-422f-897c-39b1f476b05e,
,,,,c6cbb901-cde9-429e-b269-07beb59c16b0,
,,,,fdb752fd-ea6d-4e24-b7cc-d06b698afcc6,
,,,,b96965e3-b7bf-40d4-bef2-faa95fd13fd5,
,,,,f9ba7169-1b8b-4ebc-94fc-adb075c99320,
,,,,f6f404ad-8170-4cc3-b0b2-ebceb4230522,
,,,,694828c7-75e9-4e23-b0c4-67e1abae8dc5,
,,,,acea86aa-51ec-421a-9be7-f91967b17abb,
,,,,21cdeca4-a292-4d94-845d-653b40968989,
,,,,b409e513-b724-408a-b929-d60d42281d61,
,,,,4c73f3c7-f356-49e3-9357-a78ca709d141,
,,,,dffd5c33-c70b-4fe9-98ca-0b4cb84839e5,
,,,,856b3608-3273-404f-bf74-c8a1fd02fb88,
,,,,719e4748-4f82-4db5-b7e1-7cbb522c7f18,
,,,,3c4e9c7d-092c-44d4-bec8-284b87d40f18,
,,,,9a9794ba-1538-4cc5-b605-173977a1746a,
,,,,b9042100-ff3a-4c9c-a912-49c3b9c1d39b,
,,,,4aef9487-dc50-487d-a5bd-c4681a08c9d6,
,,,,d49d33c3-7a6e-4b72-8e7a-d8e750d9716e,
,,,,e0d092ec-2a63-4a39-9e8e-3213fcaba77c,
,,,,5c2cbbb2-b2fa-49b4-8470-e27b0d68676e,
,,,,c2d122bc-958c-49ad-a519-e6031c2136cf,
,,,,16f754cd-582b-4bf9-a986-7ed629dde824,
,,,,8d875889-82a6-43e3-aab1-8f3384d33ae2,
,,,,80cc8361-4593-46ab-a620-0972284bca61,
,,,,102eb197-3c37-49ef-9549-aac701df379a,
,,,,6a1079d4-48d5-42d3-bc2d-908924a38d62,
,,,,5673b06d-223a-4b46-9bb2-a330a3f9e00d,
,,,,b92ff15a-2dab-4350-ad8e-ec324c11e8f9,
,,,,06a7c6d9-868a-492b-92eb-320ea15b9e48,
,,,,58f08d7b-b939-4889-b3f0-e34c57512d6a,
,,,,e23eb629-aef4-422e-b7e5-b6165e085770,
,,,,02d37fcc-17f7-4242-b5d4-f1082cbf3503,
,,,,24da779b-72a7-4c33-a405-3e51b9d1d250,
,,,,76b48be7-482d-43c8-836d-cda40b989eeb,
,,,,9637db1d-8128-4e69-bf52-4c8c233c8358,
,,,,52a2e39b-7ea1-4b2d-9877-574705e74b11,
,,,,b44b30f0-5bb7-4c75-9c71-b125958a6600,
,,,,3c4513bf-e557-4eeb-832f-6a0d0921c99a,
,,,,f87fb6a4-a43a-4a4f-a2e0-3b1b80bae168,
,,,,3b76a3e9-663f-459d-88c6-ab87cffc815b,
,,,,fc85210b-c327-4ba2-9103-cd5ef5f030d2,
,,,,129fdd16-9941-4189-be16-a076749ace3f,
,,,,772c0478-89c4-4122-8646-7256743245d5,
,,,,f8b38bd4-f294-4728-908f-43ac7ae14f81,
,,,,2a2da4fa-8170-4388-b29c-62b0f3b0992d,
,,,,885882eb-b8c3-400b-b786-165fde9fea16,
,,,,df25ca76-39cc-4a05-8c7e-5faa41b1d65e,
,,,,33045f7d-3f96-4395-bc2a-7ce7e6c75877,
,,,,5a2af4df-bbfe-453c-9fc1-a456504cfb46,
,,,,96bd096e-9e83-4189-9ef5-b8da17fdc9dc,
,,,,8da5d5e4-453a-4ba4-9c5e-1befc88c4f7c,
,,,,b733f7a2-0974-467b-b6d8-bc2c0e4b4392,
,,,,052ba879-6be3-4bd9-8e75-0c8c9f4d6017,
,,,,1e2d7b85-3d72-4369-b0b2-4d69c672ceae,
,,,,22258db7-478c-46b9-b4cc-873cbbec3056,
,,,,30c1a4e0-6bec-458f-8b6d-9e2e08c94c4f,
,,,,b1f23664-a721-49c5-aa6a-cc28b7f9e791,
,,,,bc8f6bf5-4a46-4136-98a0-5d427eea142a,
,,,,c9b344b6-ac12-47bc-87a7-613d34b1a5de,
,,,,82815b0d-4ee5-4925-92ab-d2d7adf0a024,
,,,,749ead28-c0a0-423a-baf5-dbd5b89d4c72,
,,,,d595ba01-b4cb-47d8-9ff9-f614f3326846,
,,,,36fda727-a097-4093-a241-8e310662147f,
,,,,f52eae51-2520-4d08-8a02-dcdc4dcd40f9,
,,,,6bed585a-6a35-40af-8fd5-a3c6f5d5ea33,
,,,,af051a18-3847-4242-a005-47c99b951226,
,,,,af21cd01-f182-4eea-afdd-3085af065739,
,,,,af561929-5872-4c7c-8f91-e39421e86ed4,
,,,,9e6c9f19-d06f-4b6b-9154-8b2cc7ba70da,
,,,,bd69f59f-db3b-42ba-b7c6-45b6e0e9d47c,
,,,,5c3cdb92-d926-48df-a5eb-f77fb40d2cd5,
,,,,0b320641-ba60-4f98-849a-41d2929e8847,
,,,,603e580d-e286-45f2-be8e-39685aebd858,
,,,,98c66837-577b-426c-a74f-eb0e865fcc12,
,,,,24f557b2-6703-4d7d-b5c4-ecf8f181dcdc,
,,,,89e32efe-6101-4215-bc58-6df03926addf,
,,,,c1ef88ce-a911-4cfd-9952-a2448f042e24,
,,,,77989d3a-bad2-4ec2-a88a-83973b2d4aa4,
,,,,aa2a40be-3822-41e2-956b-4bf403b29991,
,,,,57c2ea63-516d-41ae-ae4f-c67959809f61,
,,,,2f000485-2c81-416c-88d9-887eb82ea9c2,
,,,,5e6512a6-5bb6-4462-abb5-bf7bb230fe4c,
,,,,00d2c4de-29c7-4fdd-8e89-86769b304b56,
,,,,a8b0c898-a12a-45b4-b370-60b3b04bf6ff,
,,,,a7031348-7a50-4c98-9462-6233232ffff7,
,,,,93b62eb8-0a3c-40f1-a6d0-a11fc64c045a,
,,,,12970022-4ed3-42cc-b49f-6630aa058e33,
,,,,07078e43-0949-46f5-86f4-26c3a9e1b770,
,,,,47fe7cd0-fb9e-4210-8441-6ef09ed90ce6,
,,,,ec524164-6c71-429f-bccf-6bf0a48026a0,
,,,,f47eac54-024f-441d-9ca6-273acc1bebc9,
,,,,698f4c6c-e1c8-4bc9-ac16-c55045df4a4a,
,,,,e72c6710-6bba-4f28-9fc8-502492fc594c,
,,,,7ef7da23-4577-4508-993e-41385aad9d58,
,,,,5c1d08b2-0594-45ee-bb9f-1633c7eacc91,
,,,,a369d815-bba8-4832-881d-01c6c3d44233,
,,,,69af06c7-04ec-4483-8ccc-d8a3e7fbbef0,
,,,,c74e9ee6-0fd1-4576-b48d-1b94ec8ebb70,
,,,,2b94b922-564c-4ece-b4e8-13a2f3512c22,
,,,,f1580f1b-66e6-48dc-ac18-16cfe82d19a4,
,,,,be9f4a09-4dd3-4b9f-9b4a-e1ad31668e6e,
,,,,75139a03-1ef4-42d1-8bb0-f5f28e2c8abb,
,,,,96934ba4-b171-416c-9dec-c82599291068,
,,,,08f77bd1-99df-4815-901c-3df688301650,
,,,,a501c514-0479-4e69-acdd-8b0da7ab85a4,
,,,,d2bece67-729d-49d2-ae4f-3a6632987ab2,
,,,,034369ad-b70e-4dc5-b488-8e546ecfbae0,
,,,,1da4148f-636c-4c10-b55a-a62388f5acbc,
,,,,c7535eda-1323-4c48-9fb4-6916e8e631a0,
,,,,c0a8e0df-3c43-4f02-b0bf-f7d60a3f60f0,
,,,,41fccf31-20c5-4e7a-91ea-9e20dac8f1a5,
,,,,9ea7bc5e-2d45-4559-9c95-68287ee75ed3,
,,,,7b73f376-fa51-41f4-b2fd-17b7d8596648,
,,,,428fddbc-9357-4ae8-9bb2-1d87389a1957,
,,,,1ed16950-efd3-4005-a305-2594db480054,
,,,,9d88f748-156e-464e-934b-22ffcb5996c4,
,,,,88a604a4-fe3d-406f-baec-9ef977ddaa9a,
,,,,3fced92f-f588-4024-9412-7cd6f64dff03,
,,,,03cb3fc2-2940-4b76-bb7d-af0fa9e46c34,
,,,,d128a3bd-e98d-4aae-a4c1-95aa71cbe328,
,,,,9495e674-38fd-4bb2-94c8-62b7d0b162e7,
,,,,5fa9181b-c75c-43cd-9a29-ac4f44964023,
,,,,a4e23bbe-6804-4583-8304-fde3cb9a5026,
,,,,a0d3ce70-b0ac-4e73-a9c2-ba7502aa53d6,
,,,,e743ae52-441d-4b52-9dfc-ad15342b9322,
,,,,10d4913d-1d45-4966-a4bc-c7b07ec230cd,
,,,,479ac11a-cb07-43db-b39e-996927c4eca2,
,,,,fef2e7b8-37cb-46f9-8e71-295b4cb00c22,
,,,,0795c3ef-e9f3-4a9a-a7c6-709dcf04bfba,
,,,,ecd528e3-2a76-4bfe-b089-0da3b6affd1b,
,,,,1885d401-4a19-40c5-aea1-fcbe85315099,
,,,,cbe691fa-a1e2-4e41-9674-2640c8560b1d,
,,,,cbdf02e7-e9bd-43d9-90b6-dbfe2dda92db,
,,,,e9341833-81c4-46fb-8f23-c7cb8326197a,
,,,,0ec464f5-5065-4133-8def-66be74da1710,
,,,,eef6ded1-e781-40e0-b4fa-df76da7316b9,
,,,,de25bead-3d96-46af-873e-8d867467ec0e,
,,,,0b40afbe-6243-4bd4-bfcb-72a3e42cba36,
,,,,eef5688b-01a0-450b-9f4a-383f35c83b03,
,,,,8f492b78-3eec-4ade-a693-700e558217b6,
,,,,6076cd08-9a51-4bd7-895a-efd6f5fae13e,
,,,,9f9c2b35-32c6-46b4-bc21-01e41c14d965,
,,,,60d17533-8286-42fa-9a7a-483845a249bb,
,,,,89fe9214-8d44-4c7e-bf0d-efbe89cec863,
,,,,4e118760-deeb-4b07-89dd-3c8e1b51ac26,
,,,,195d2dfd-97a2-4409-b9cd-03dc25fb5abf,
,,,,5e5e3446-dab3-4c57-8cb1-398726a268d8,
,,,,56f1f0e8-2c37-4570-a444-047a408da3e5,
,,,,bc2f61a0-b5ff-4b5d-85e6-744b6a2266ee,
,,,,79f78257-516e-4a44-aeb4-729227d84a96,
,,,,167ac29a-b6ec-4a3e-95a2-182006cfc2e8,
,,,,8e525d53-ba00-4ee5-9f62-bc57f2a83c64,
,,,,a0f345b2-d3f5-4d7c-9236-bddb99fa2313,
,,,,82ca5e76-2491-40ac-aaa7-71bc80ecfb0a,
,,,,29709192-36a8-42f3-b824-11289e8544c6,
,,,,99cf4c27-95eb-4034-9af5-37536e39389f,
,,,,7eef9a87-0de7-4e6d-94d7-3a34c802619a,
,,,,0072de5d-b353-4aff-a2cc-592e93ec30ab,
,,,,031378bc-c741-4c05-8d97-a87747c8d66d,
,,,,af3eba0c-ad92-40df-91d5-d853fd594d6f,
,,,,bf02e38a-cd3d-4570-9c73-36ce4c3aaee7,
,,,,bee71c80-6ff9-4703-be18-989d956107cb,
,,,,f15f0292-df30-4aa3-83a9-30f90262f1f7,
,,,,5000838d-b7ba-42e7-8443-05bc4a41a271,
,,,,6cbe851a-6b41-4109-87bc-e505a0ea8ebf,
,,,,768ede39-98fb-4d90-a1c7-b6313af9b3db,
,,,,94ee9767-2e43-4030-ad69-83e85af63a2d,
,,,,6a0760af-3385-4db7-98bf-17158641a7c9,
,,,,f486a680-a0b9-4078-aa3e-b1329db116ef,
,,,,8c9465ec-097d-494e-b498-9f4b99185691,
,,,,28b12484-aee7-45c0-bc34-7df18a2454de,
,,,,05e83d97-3207-4857-9183-f3d96ce2cd22,
,,,,b06ff561-8389-4f3e-b651-e89d80e244f4,
,,,,e152587c-8379-4b0f-8623-e1c8d7b879ff,
,,,,6f7b2e3c-0c29-41b2-b5de-d34b6aeb78ce,
,,,,cbdc15ee-fffe-4f2f-98ac-7b0c00982264,
,,,,6c28b451-28e4-41e9-8bcb-11c81b3f02b9,
,,,,692cf686-c0c7-42b5-91d3-67a8f7b2640f,
,,,,15136d96-760a-4206-b069-961107884fc1,
,,,,1e2c7575-0ff0-4097-8953-9bebd4acc39b,
,,,,5810eff4-6967-48df-b304-8408d1ba45d1,
,,,,472b8fc4-1c27-4594-82fc-857033c7f1e0,
,,,,c483f02e-02c7-411a-a59b-cdbefe128ff6,
,,,,33348fe0-d607-415b-80b4-04caa9502870,
,,,,68262e7b-6f98-422a-b70e-8906149ecbb5,
,,,,15dab5d9-e124-4c49-bb17-e861adc20536,
,,,,bb19ce35-01fc-4203-9c2d-e170e2440cb7,
,,,,269bda07-a2f0-4c39-8bdb-b30503fd0852,
,,,,fd390bf0-9c4d-4ed3-ab0c-f285a859b15f,
,,,,8ffdfa38-c292-461d-b4d9-3823ce1d0faf,
,,,,2194e2f5-568f-4485-a83d-9a02ce44c354,
,,,,c52382d6-e4a3-4edd-ae31-b84340fc238d,
,,,,c0148a47-ba50-41c9-9d5f-2fdbb0a7ba89,
,,,,2700ac17-31fe-49d6-8669-f79ce99257a6,
,,,,5424e576-049b-4326-b9af-02a35d505cf2,
,,,,4c873fae-c586-4b5b-9117-17f22857fb9a,
,,,,eb6964e9-2eb5-461a-8d7f-a795e9279194,
,,,,00222e43-3557-404a-98fc-c47b1b7bbf21,
,,,,0d74cd39-773c-485f-971f-a227d0f0f128,
,,,,5d560d5e-2fa9-4cd7-9b60-7a1844332ff6,
,,,,8558a00e-73e5-48a1-bde4-e916aea03ab5,
,,,,6951c3b7-b5b6-44ca-8eb5-df75b39706d5,
,,,,42aeb208-dc85-43dd-8d53-212b54971b59,
,,,,49bf959c-1a29-49fd-b4eb-088c4c963e3f,
,,,,ea2d53b5-aef6-4804-96b8-84e25ecf7bc2,
,,,,56452263-e5eb-4c51-a05c-17b29edab48b,
,,,,23796e8b-757a-4401-8183-90fa8ab21a2a,
,,,,55971e7b-be33-435e-b408-249ed88699ae,
,,,,b35ade7f-8733-47a3-8790-975952aae243,
,,,,580a5bc0-27ce-4d58-912d-95b9a2ed21b3,
,,,,b04c5c75-3831-4dcb-bb85-4df926a4506e,
,,,,27625d33-8e85-4a64-9f9d-62bf2ffc0421,
,,,,78581527-1fbd-4400-ace6-045f8c7d76ef,
,,,,c037a193-636a-4dbc-96cc-9f4af4a43c11,
,,,,2dfd61b7-805f-402e-b980-e40ba1df2a2d,
,,,,e32abd81-1d6d-4f53-85fb-f839e4deefe2,
,,,,e8fc9b7a-2976-4e01-a0da-8b075914d97b,
,,,,c8c3c4f9-2baa-499c-a4a1-f47c84267627,
,,,,38386665-f60b-4824-b57b-4a469e62ded9,
,,,,8ada2a57-a0b8-4696-bc1c-5efcaec6a7be,
,,,,a7fdc29f-bf6e-4333-b09d-a1ca08cae169,
,,,,53505bb9-2745-402a-82c6-f007ad97c7c6,
,,,,a293c348-e972-4b82-8a9f-42f414b05ec6,
,,,,d6adaa29-15af-4b0f-ae7e-12d53ed3ea26,
,,,,6f4919fd-b8cd-4130-b8ea-bde2e3356fdb,
,,,,e1838885-5068-464f-990b-d74d86569a8b,
,,,,6d4a9641-63a1-4618-b9e1-54aa98a0d38b,
,,,,ecc54761-b850-4ef6-bb4d-fa087c83e837,
,,,,5c97e24e-9a90-4c2b-9e81-a92f01b09805,
,,,,e7e509a8-3689-4acb-a21a-55cf9f0caa6c,
,,,,6e4bb115-4332-4ce6-9c81-ccacc2c79f0a,
,,,,5b2d8ecf-1764-4788-a6b7-3b50394b58fc,
,,,,563ea219-97fb-4537-bfd4-3b47695d0619,
,,,,468b2655-ada2-49e7-99d5-cc09d35e726f,
,,,,67a5d507-486a-4081-9da9-0ad92ea37b30,
,,,,65185977-acd6-4317-8f5e-e219a06b4a21,
,,,,c2e25c9c-0692-47b5-9179-3e9404100ec9,
,,,,c3f8ab20-413a-4ec7-8076-f41484aa7d78,
,,,,2841eff0-fd43-4d43-9314-76303b904a56,
,,,,b320a21e-8cbd-41ce-aba7-f6e72083168c,
,,,,aa642acf-f38f-4847-aa7b-b52e36cebd69,
,,,,2f1312a7-73bd-42e8-8880-1fdef1394967,
,,,,f87c86db-64bc-4712-a09f-ec694402b1b7,
,,,,0c6145c2-0b64-40c9-8694-4831d62c9c3e,
,,,,64e2617f-c530-4b7b-bdef-aa169a904430,
,,,,67e8b94d-9cb6-4c15-b1f0-b69d4e9461b2,
,,,,a2a1e02c-c7a1-4d08-ad0b-e9e598ec8a5a,
,,,,148bba60-1076-45f0-9e4a-434ba0c5231c,
,,,,ae6c7bc3-f2cd-4645-9663-c7ab1e871c6d,
,,,,166c1497-2403-4e1a-ac7c-7d030bda137d,
,,,,a62899a2-afd5-4022-b10e-f1e554ab429d,
,,,,f7354081-bbd5-4de7-ac23-22cf1c4a6992,
,,,,f5fc5d84-938b-4aaa-b03f-4a60fd9ad8b6,
,,,,2d5e72c1-0cb5-450e-9231-424a7f5e58aa,
,,,,e0951d79-c758-4c58-b836-3a97c98ce458,
,,,,95cb497e-39a8-4fd7-96b4-88eea7e9785a,
,,,,f610e528-64f2-4732-977e-96322580093f,
,,,,c1586874-98f4-47e5-acd5-9751638258a1,
,,,,c36caa2e-d96a-4c58-8451-f65314802399,
,,,,97d23219-cabd-4017-901e-046deff99ad1,
,,,,8a595722-23d5-4b56-a7a6-82d2ea080986,
,,,,87b1ac47-ef40-411d-a596-c533431e8da3,
,,,,9bf04e29-707a-44fb-a3e6-66c8832a2b73,
,,,,37b464c9-4e40-4862-8851-672ec79a3a54,
,,,,bb1ab0f0-6d48-457a-8f1b-659903205e06,
,,,,91b8fc12-f2df-4b3e-8e28-641acb7a2049,
,,,,c59665c6-a274-4aad-8c02-1e3795dcdb52,
,,,,c040464a-1116-4550-8775-9b352c68e2b3,
,,,,e522495f-b54f-4f05-bd6b-c5add480b98f,
,,,,4f6ca907-7208-418e-adb2-73435fffc0f9,
,,,,ef2094e2-76f6-46aa-8dbd-d27c9bc9995c,
,,,,114c17df-0f86-4cc1-8087-4d1a9879889e,
,,,,f271c7ff-2030-4c1a-bbfe-f6d5176b8969,
,,,,af24614b-e0a6-4249-90ba-1a134764e580,
,,,,28ba2660-c359-4de1-a2ba-8ce9ed145baa,
,,,,d16de634-05aa-477f-a862-ffe2d715d372,
,,,,f314f9bb-6177-427d-abf4-86e529419ae6,
,,,,008e28c7-18fc-442c-a27c-b01899d55f70,
,,,,1d941286-ff63-4ad5-a84b-6ad3dd5351ff,
,,,,75802aa7-0534-46c9-a23b-9da53326ccbf,
,,,,ffef6fd5-5eb0-4d8b-8b98-2e979073426c,
,,,,4b2c719d-c123-4e64-9948-49c4042f444f,
,,,,5827ea12-53d1-4b46-b5c7-2b9d8bbd0cc7,
,,,,0e84cf06-7e4c-4815-94c2-b104742aa95d,
,,,,4c1c22f2-864b-46e6-a91a-2e1061c09066,
,,,,6b249534-7a96-48ff-b3a9-5b4882bb9019,
,,,,51fc291d-5557-4b9b-b52d-09361762a705,
,,,,21fa366e-1407-4196-a954-91dfb382b986,
,,,,568d16cc-9da8-495d-a006-14532d0640d3,
,,,,7c00312b-643d-4de4-9357-89047395662b,
,,,,001b9366-3149-46f4-95b0-740200df8d06,
,,,,a8ff212e-d188-40d8-9370-032edae35caa,
,,,,bedd6561-a347-4b21-94be-2349e70457a8,
,,,,a84f14b6-3698-4e73-b0a2-9fb3871a7d31,
,,,,94ba5aba-e653-4f38-8e08-461aa321cf6a,
,,,,2c8166f8-75d0-49b1-8905-d4e5ed1a6411,
,,,,4d57ac1a-ad75-4ebf-a416-22f725d4feeb,
,,,,3616e66c-e64c-4e39-8546-d0d5dd462a05,
,,,,2101d937-fd8a-47c9-81c0-aec846ddeb94,
,,,,6c78a25e-df97-49f5-bcd3-7ab2a60bba66,
,,,,54df4e5e-915c-4d04-a50e-162c94fbb571,
,,,,d30afb33-a30e-4955-a2c0-5193e2035a77,
,,,,f75b12d2-9486-4c67-bc7a-0982cfc270ce,
,,,,30dd35f7-1ca1-4d1c-9bd9-0c6d1b317b6b,
,,,,dc8132a9-d339-4743-9651-72177ea9226a,
,,,,3e68d35d-5a52-4782-8350-3ab5d64090d3,
,,,,4e8dfa1c-e9dc-4575-9774-95aa211e40ca,
,,,,3ddb7f19-9b5c-4b10-b433-e261e67c1d30,
,,,,d0355ed9-6948-4f14-8939-72af4caa3cce,
,,,,fb544aa7-4d95-4fdd-bd34-9fca724aa454,
,,,,d2424309-70da-4df8-8494-023e30bce7d6,
,,,,473720e4-63cb-4dc0-9c68-ed0b92217d81,
,,,,d4674745-e409-4125-8577-dd004c2822d2,
,,,,baf6a427-2e80-41d5-9a6f-488fa4faed50,
,,,,d957cbf1-70b2-43b8-b496-830d53290439,
,,,,96cbc817-72c2-4745-bcea-c7d398e8bf7b,
,,,,3ac6c441-4ec6-4446-9dc8-971f5f58e44d,
,,,,ecc6b977-b3a5-46c7-b736-798ce8b19490,
,,,,ec3c8baa-2b23-4a68-a0bc-59dca6a2d981,
,,,,ef0d8e1c-23cd-488b-a29e-78da23195e0c,
,,,,52ae39fb-4a26-4766-b6f3-66082095c5ca,
,,,,8d154455-ba81-45ba-86ea-93c0db630fa8,
,,,,c4e524c0-ff10-4f81-ac18-3ff853430506,
,,,,6d326eb3-e81c-4a03-95c5-1ea54d884dda,
,,,,b2abde68-36ae-4e01-afa4-ea2132821603,
,,,,afe9ad53-8a50-4681-8d84-dff4c033fd9d,
,,,,6ad1c43c-5cd0-42ea-935e-0b548b9583ef,
,,,,c9fc0409-3a1e-41aa-a134-acabe63ec85c,
,,,,40a4d4b3-846b-426a-b42c-07fac5516d65,
,,,,c934e8b5-bfc6-4b04-bf8b-f29c79509d86,
,,,,8218d599-0fa3-4d8e-8c3e-78e0db801ea7,
,,,,8695e740-f244-4f49-81cf-738169cddabd,
,,,,2e342c52-e060-49a5-925d-c1664828e869,
,,,,7be768c7-a500-4b75-a7aa-c0ea79b1f4c6,
,,,,253bd5ec-e07a-4db5-b0ef-ad03f3c8e903,
,,,,47dfaf8e-477d-4bfc-9670-d6c1abe20cd9,
,,,,2a6c11be-9b72-4105-bc76-0529803f9b5b,
,,,,d095a309-7886-4b71-be64-7edf3e5d15b4,
,,,,908c7830-0a8f-401b-ba4a-b9ad18129e47,
,,,,11ac7ae0-4d0e-4f5d-a632-a0cf6d4e2a1e,
,,,,73e2693c-e246-4b3f-bfb4-0c3d9637bb5a,
,,,,f36f6ab2-e239-46bd-9fc2-6ebdda8dc557,
,,,,d442a48e-2a6a-4355-b76a-0146a6813050,
,,,,df0b2453-8d65-4cf2-a93e-a121170f5a8c,
,,,,a9b15d85-0f65-4598-b425-2522654f8507,
,,,,929a0076-19f3-4ef3-94c9-37f0f0be2aa4,
,,,,261eead5-9c11-4797-8a64-e581b5a28bc3,
,,,,6784e547-e969-4e0d-a9f0-fff11a692af9,
,,,,7ebb0967-e1ec-4cb6-ba21-22259bc90031,
,,,,2bb89c55-c240-4d6e-a03a-7c8086247f32,
,,,,9b7b0302-e7d8-424b-9ed5-07b33a5892c0,
,,,,5a03a20c-3dcf-47ca-a7ab-a2efe658ae80,
,,,,f8b972a1-1c4c-4807-8e6e-867a7d4418a8,
,,,,484bb990-0bbd-42c6-9d5e-a3c28527ba55,
,,,,0450be80-7fcf-40d2-9205-d4ccda78c0d5,
,,,,b99e79b0-c5b7-4458-86eb-1030df36c08b,
,,,,4a2f1cc4-a0c9-4449-b369-fb87d623c042,
,,,,bd303bb3-7784-46c1-98ba-6b693ea53d53,
,,,,c7d1f349-d86b-4237-8625-180aa556dec9,
,,,,a7acd390-f5d2-4136-b442-fe9e1f5a2627,
,,,,b886a27e-3c05-488b-9a03-00b3d70f88f4,
,,,,221d8c7d-ff0b-498d-a144-a35503ffcb5f,
,,,,b2ee92c0-c6b6-4350-915e-82bea5116705,
,,,,91adb29d-7619-4df2-a11c-4a7377f1434e,
,,,,aaa188b6-0c7a-43d3-ab03-981fcab2959c,
,,,,1e768b2d-df7e-41e0-83ab-58e4592c1ea1,
,,,,95669e72-ec97-472e-9961-6a0e6a899fbf,
,,,,f4529774-7901-4f7d-85b7-4436c07c2e4f,
,,,,2aa53436-e1a1-4740-9883-41d95f4299f1,
,,,,30f423c3-ed14-48c4-955f-76ac5786e6aa,
,,,,8ee9b9d8-52d1-4ae8-ab21-f0a4891f595a,
,,,,9f232365-64a4-4c34-b80a-54a38ec583c8,
,,,,08f579a8-7be8-4f3a-adc1-30ac39441878,
,,,,2a6d54d7-e514-440e-b549-2e8302ed63ed,
,,,,270eb33f-32f1-46bd-8faf-999ccdae8622,
,,,,9d8ea5f6-8da8-4fd5-93bb-61f1bd9b959b,
,,,,f463bac3-0cc6-4ebc-b650-7f66759eacd6,
,,,,f15dedf3-7eb7-4ad8-a2a8-c75efef41712,
,,,,bf307f94-fd00-4ca3-82a4-7dfa1a0bb191,
,,,,6a00e996-87f8-4614-a22d-97b0496b9bf6,
,,,,318b6e17-c8c8-485d-87dc-fdd29bd5069c,
,,,,41191cfd-9763-4888-b5d2-34993b5e320b,
,,,,04b7a494-97bc-4ca5-b9e8-f9c73d8cb1b5,
,,,,23f3b718-e1a2-41b2-8fdc-70b8dc3a046e,
,,,,da9eb6b3-cdeb-4460-885b-e0f30c28fe28,
,,,,ffb37095-dca1-4f18-9090-c29ad29f1312,
,,,,f34e229d-5d82-4f92-abe8-ba863ebabfb3,
,,,,8ae049e7-1914-4245-8950-ecec7197e357,
,,,,75c74c75-02e0-4da3-930a-3b195a279c81,
,,,,c7d4c663-466f-4ff2-b3e7-d8020c7bf583,
,,,,2d102531-238c-4ffa-bdd4-96bb022d9154,
,,,,45f5a7e2-c767-4d7d-bc60-ac123d9ed9a6,
,,,,8f2321bc-d600-4ffe-8871-a628b45502cb,
,,,,fcc905c4-7681-4073-b4b4-3a7ad9a44cc8,
,,,,752b13cf-766e-4f96-bb0e-b9e0caf6c26b,
,,,,3acaaa4f-c51c-4493-ae8f-447ff82bca43,
,,,,21f32051-8fd2-4407-9e29-059df03ac56f,
,,,,eca06b08-f125-48ef-a48b-320fb9587dce,
,,,,5131ab3f-0e68-452d-8e06-d593c729c31c,
,,,,07214286-f989-4d52-a787-f518092f0066,
,,,,9269f50e-bad6-4e86-9107-5551cdd0565d,
,,,,7ae42b2e-57f4-403c-ae07-5f5240e9b8e4,
,,,,3b582340-daac-41ca-90bc-49d3da24d96e,
,,,,3db31892-9ff5-4dcc-9c95-9b1ba0c09962,
,,,,6da63218-d6a8-44a5-aa88-04cdb16bc5ca,
,,,,392b31d0-821b-43a8-9c22-92e7bfe72810,
,,,,97677830-67f9-49f7-b00e-2235cd31fc91,
,,,,0046a0aa-2d5e-43bf-96cf-78a315a9e71c,
,,,,17b16825-d62f-4808-ae50-bd900b2400ba,
,,,,4aa09ce7-4620-4843-b000-a3663dd4aeb7,
,,,,d5cd0d8b-2339-4b13-91db-89c22af4e210,
,,,,8e6f4b26-0384-443e-8149-2813be150c03,
,,,,45fb632d-8a0d-4890-a799-fe0c792920bf,
,,,,7c945a9f-4d08-4130-bfbd-7eec116c5f08,
,,,,d119caaa-e8ca-4faf-9110-da222001ae84,
,,,,94e9b74f-58bb-449a-9ea0-b910b74c3486,
,,,,354f5de9-d6ab-4c7a-aa1d-f1cf1c72a728,
,,,,08e3348f-abcc-47ec-965c-9545c9f345cd,
,,,,7fd7bcaa-2874-4ca3-b65e-1bbd9cbab377,
,,,,ac55cfc8-a950-412c-b0d6-ab1d79d12338,
,,,,6c3a170b-510b-46b7-81e5-7b76d426e398,
,,,,9eb2791b-046b-4f64-8ee7-03141ff7ced8,
,,,,1d52b960-da10-4dab-8467-4fee6e179114,
,,,,384fccf5-7aa8-4e5d-bb05-40e15063fc08,
,,,,377fdb77-0fde-49ec-b4c3-f30f2970b2cc,
,,,,da167267-74c8-4b48-a1b9-df147f6801a7,
,,,,cc03ccd9-fca2-4fb0-a6fa-ac5d45ace8f6,
,,,,d0b30076-e2ae-46ab-bc87-4b89ad66e516,
,,,,39d6a995-f693-4c64-a862-b401b53976b8,
,,,,5f3c652b-38a5-4a32-89fd-263dc9a98038,
,,,,10c05ffa-fa6c-4e49-a4e4-86274ff86323,
,,,,7d3ed860-dc73-4389-9068-99ad6b50e2cb,
,,,,eb9b4540-f780-4c5c-9fd5-cb742a94c90f,
,,,,41177047-62ec-4b01-bc6e-6e7ba1aa3645,
,,,,f76dfada-53a9-4494-ac19-f08c7f13df60,
,,,,31d2c99a-565b-4687-bafb-9926136379a9,
,,,,d7402ff9-3773-4ee6-918b-18b6d9eeaf1d,
,,,,34223b68-d23f-4e5a-aceb-79cf1a80101b,
,,,,488a7419-5c92-4580-82a4-800126fb84fd,
,,,,6cec5703-6bff-4d16-b5ce-4f10e0e2f452,
,,,,e638060b-8cd9-4137-a23f-fa562a444782,
,,,,70a20987-3db2-4db2-ace1-93debfacce96,
,,,,a4937100-85c4-491f-8f6c-fe7679b92705,
,,,,68f47109-f4af-40f7-a440-5471a243cc46,
,,,,27b59150-1a15-4132-b7b8-8d8d27d914e9,
,,,,0b6248f9-7511-4522-a33c-0b315cd55b3b,
,,,,f228bb7f-5729-4d85-b50e-3f572bcc153e,
,,,,ea225687-0a17-40b3-aed4-ddcd6fb28f4e,
,,,,5995d112-a6c2-4280-ace8-4ece310f53ee,
,,,,411490e5-a4e5-4016-b654-f1436bc69642,
,,,,33cc0f5c-52a9-4ce1-ac1f-e843a65236ff,
,,,,ac20e870-7a02-41d8-8d3b-58e5cb2f47a3,
,,,,2a61c055-7f12-4359-8890-b634954ccfa0,
,,,,d234e386-14e6-4ab0-97e5-a170e6b47acd,
,,,,7d3ea7af-f3a7-4fd6-ae7d-bee39598f089,
,,,,21778ead-2831-4a2f-9978-71970dea9629,
,,,,480f4459-742b-4fc3-a324-f56c064de74a,
,,,,51483202-ead3-4676-b63c-9834c25e5d51,
,,,,467e7937-f082-4671-af20-d3447b5dc86a,
,,,,4c94f40a-5f7a-41ce-8f4d-fec660b56923,
,,,,37e3cc6b-c7f7-45f9-84b8-728d2a6eb07e,
,,,,6259885b-866b-4325-9129-e15fa7005771,
,,,,db4b14ff-b56d-4667-aaaf-fbbd8709a7d1,
,,,,301a561f-ae36-41b8-93b0-24340cc2a989,
,,,,73e4592a-b1f4-4c37-a5ba-2660bf68d1e6,
,,,,f1df0493-b7b4-4f01-bae7-4d2f716e48a7,
,,,,f19fc552-a0fb-480b-8baf-ac9f2697ca73,
,,,,9001eb80-1d81-4746-a42d-201d5ae7d9a0,
,,,,88994f61-259b-4393-8815-4a1281cc0b67,
,,,,360cecea-3627-4e7a-9c54-5e43310d8be3,
,,,,ffefd421-3bbf-410b-9949-c61bc1f1f8a3,
,,,,4d164e90-0b69-4acb-afcf-8b3ba84e1084,
,,,,39f0c44d-e89c-450d-8110-f18f7d064a16,
,,,,5cb792ce-30c6-4b7a-a20c-e8b7cdc136e3,
,,,,3249a0e4-bf42-4586-a5a1-ea52d23f4b0d,
,,,,2bfb8449-9d80-4538-90be-93ae9d052849,
,,,,600896a8-fd84-4d8b-84fe-761be0a6b1e6,
,,,,4ebec6d9-bb1b-42b3-b1cb-e6aad7dea47d,
,,,,8f44973c-f9c7-486f-ba73-cae7ab333835,
,,,,e0ad3ec2-ff6b-42ee-ae23-ed5eb1d1e33b,
,,,,2c6d6c23-e52d-4753-ad63-ef264ee9339e,
,,,,345ef44e-4a29-43bb-8e00-3bf81987fef5,
,,,,14d250c8-3693-492c-b20a-32dcea10c0c7,
,,,,dd40bd3d-abf1-44c6-8587-f582bb0bf945,
,,,,38509531-0d10-42ab-92d8-dcd20b4fc660,
,,,,0ad9d72d-cc2d-4602-9d0c-8517265f3d38,
,,,,3fbc1598-1b20-4667-ab8e-e8d8009a46b0,
,,,,9ad91fdf-5199-4f6d-bec6-188d478fe81d,
,,,,4ba66e97-08a8-44ca-abac-f9a9a40de458,
,,,,95394630-3b1c-422f-abfc-fa1ec6712573,
,,,,c88d7adc-08a9-4e1b-bd96-e533654bc316,
,,,,d2f1d0cf-2694-4823-b961-b573b58c0871,
,,,,aa2e3d4b-1e24-47a6-b5f3-4267080a4d4c,
,,,,da1499d7-b94b-4e23-9f39-6b27d7c40e1b,
,,,,bfc42521-bf55-4257-82f6-bd07bceb01ba,
,,,,e5573ffa-c1ce-4794-aac5-e1a4fa789b8e,
,,,,2d894fa4-6180-4f9d-8ef0-6d168146acf4,
,,,,bcad9592-3101-4327-abe1-4087c76ba04d,
,,,,288bd005-3708-4fee-893e-6d1be9766f37,
,,,,1b212fa4-584c-4f28-9d28-b83dc37ac1e0,
,,,,66d75f85-2e41-4a25-8652-331b5ec25741,
,,,,75605553-129a-4c08-8410-43da5eb73061,
,,,,69f05646-376d-47f3-b9f7-2dfd0d67c488,
,,,,524397b1-ad1c-4ddc-9db0-2227cd6740da,
,,,,6e1adb4d-82a0-4b78-8a02-e40f1091fbab,
,,,,98ba1b45-fe58-4412-98e3-e8456643c1d1,
,,,,e3e188ce-f909-491e-b17e-d69e2d608fc7,
,,,,c9f9fe8f-791d-450f-9ea6-f29d69be6e9f,
,,,,e45e38b3-cd33-480f-9651-fad40f897407,
,,,,ddcfee75-ca9a-4467-bc7b-ef515f929866,
,,,,52829558-9ceb-4f9b-bf7c-b07958dcb2bc,
,,,,4894ccfd-4e85-4a08-b771-86932399cadc,
,,,,a551db1c-e6b9-486c-829a-f02d62e0fcb3,
,,,,8aabca9d-73ac-4797-bc5a-e24543f4bbd8,
,,,,04fe028d-aaed-4af8-9411-72fb99a13dda,
,,,,2fb9f330-61fb-4258-b875-164995e89649,
,,,,a9d65db4-53c2-4e85-9e74-23ce59008b20,
,,,,a0445319-4f8c-4eda-8be9-e830fa164811,
,,,,7937f9d9-c0a7-4d09-b0c6-51722c6b2552,
,,,,3621836f-e04f-480c-8375-2fbc1cc2d55b,
,,,,964d1ebb-e3fa-4206-93e1-88b7fbc7e248,
,,,,938b1e90-2f79-45d2-bd89-1babbe664978,
,,,,80edeab9-5462-4486-be63-1b1b0fce05c0,
,,,,067a18e4-cc19-47ba-90c1-5ae7c6faf560,
,,,,e045598b-63cb-4d70-991e-20164a66433b,
,,,,a775a907-d572-4468-940c-02e599d74d28,
,,,,0ad2fe47-5b34-41b0-932a-bc561f31066d,
,,,,77491213-5852-40c8-bfaf-b364205cdcf4,
,,,,4f74ca6d-b6d8-462d-bc7e-072e5ef5b604,
,,,,ee8130db-1bbe-4124-a442-3b9a0d028cb9,
,,,,0b46c3fe-fa64-4828-8f71-a8aeb69cf89d,
,,,,b15a0ce5-fdef-4e55-8e8b-89012decfcf7,
,,,,29227801-0c6a-4cd1-9917-1abbd6fcdf1a,
,,,,48d912c7-8c37-433c-bfe8-2e54b842bd33,
,,,,91d4080d-77cc-4191-b263-d1d989da083e,
,,,,0899f0da-0471-45d2-b5a5-8cc8364d33b5,
,,,,a08eaffb-d9da-4d99-ab30-73a4552bcea8,
,,,,54d2fc60-7b30-4f33-a197-c8c4de82674e,
,,,,c215dbda-1b62-471a-b170-c93f26f58926,
,,,,1a379b23-6b74-42bd-8d08-b1b6d8b2531e,
,,,,0cfa7626-b225-4502-bd15-18ed06e8d463,
,,,,2f642ecf-4b55-41dd-b2e8-aba24203ca01,
,,,,dc0815bd-94b1-43dd-ba5b-195525a076f8,
,,,,b99f6319-556c-43d0-851f-99b28c0c82b7,
,,,,f7fe312a-3f3d-4323-8a42-23379ca9a9c2,
,,,,3245e402-a3db-493f-977e-4048ed072585,
,,,,f5c38747-38a0-49e4-8d9e-9afb811e65e8,
,,,,fd2b4c70-cbf5-4df5-b421-3aa5e3ea0392,
,,,,57704261-00f9-4490-8795-409b64e4f61b,
,,,,bd6a9f52-ae26-4cf0-9f54-021075851048,
,,,,383d3ebc-5899-4c9c-b703-dd90568ba5cb,
,,,,d9ef0b75-8985-490f-94f4-6319ad0ec8da,
,,,,93ab25a9-3617-4584-9464-5f67b167376c,
,,,,31c04c60-9659-4d69-b0ba-521cf35dae96,
,,,,9ac4b46b-5e57-4cee-a378-43283931c849,
,,,,ed75aba9-3763-4666-81a3-05ca7ffc49ac,
,,,,611aeaa1-b5a5-4ff9-a7c5-734b22632d87,
,,,,4058178f-07e2-4ee2-b790-7e66152fc78a,
,,,,fc8c95bb-d586-4c0d-b16e-4a07fad0b99e,
,,,,a3860ba1-ed66-4b4b-98db-a000edb6bf61,
,,,,8242d432-13ed-43dd-b5a0-38b170926385,
,,,,2f8f9669-a0b8-4162-8396-20dcadae932b,
,,,,af01625f-c735-428f-9027-8ab0485d164f,
,,,,71cb16dc-9f88-4aca-840e-0f5c7e459994,
,,,,67de7bf5-a8ec-467f-af67-b51b2949fc8c,
,,,,4e25d37f-496e-4335-a1e8-8843873e604d,
,,,,1cc151ff-0f3b-467a-bfc1-e689b84771f1,
,,,,7d649448-f9de-4e63-8c7c-9566f1673323,
,,,,ad8d98e7-ba64-4aa0-a3f9-c5b042fdbb6e,
,,,,80eb996c-ed14-433f-958a-52ca80dd8e27,
,,,,421c803a-5f79-4d7e-995e-aec73e998a8e,
,,,,c31f20e9-2728-45ea-8c2a-e470643b4c44,
,,,,3f461dd9-9082-4ef2-a647-4c62e2d9a6db,
,,,,244b99d2-e863-4525-bb6c-724dc96b7b1f,
,,,,9d0a4547-d034-46ea-a39f-e2e2b7eb5e78,
,,,,d46dddaf-31e1-4361-bc67-ff4aeb24e533,
,,,,b2155f7e-2e82-4b93-a9bb-870915d0feda,
,,,,f02ca947-51ab-42f4-a71d-3531adac9617,
,,,,1dd4fe85-ab06-4600-8cd4-c9b8afb37e54,
,,,,b169f5bc-1bb3-408e-8c8e-6d75fa8695fc,
,,,,b1403a9b-8015-465e-882c-fc6ecc18d871,
,,,,2c5aa328-6f27-490a-a96b-523335b60e52,
,,,,383dea43-f4b4-4d3f-bc6c-cdd2eb2b3d88,
,,,,a3f324ba-176f-4e90-8e08-dad9d8e3c564,
,,,,47c0cfc2-4473-4191-a832-409a81dc7fd4,
,,,,f9d673af-1d15-4c14-9c58-ac170a52fc5a,
,,,,2d8482e3-e5cd-4a45-9862-60bcd1492a89,
,,,,40238430-96e3-45d7-af98-1ec8e78ec7f1,
,,,,f5f976dc-f328-4478-886a-4b483f72c652,
,,,,aecacdaa-37ea-4bde-9eb8-55a890c2ccf8,
,,,,2bf40c27-ed60-45be-ad2b-2f91aa3b5cec,
,,,,18806c1e-25f5-4028-8de1-00e1df0f05eb,
,,,,0760a387-8d38-431e-ab6a-268d8d5ae28b,
,,,,e5b7bf55-5c88-4625-88bd-fb5c50dbfeb7,
,,,,3450cba5-a3d6-4b02-93aa-1d43f20a003f,
,,,,fb18327c-8b3b-48ac-a453-3fe5fd05f175,
,,,,92605496-dc19-49ff-bc31-3fc1a9a21765,
,,,,7dc44bc2-d500-4d1b-acad-36f45042ea83,
,,,,d2dd8cf7-b192-45d5-930b-77c109ea6e2a,
,,,,eceaf524-d1f3-45e1-9d57-8726dfc93dca,
,,,,3b3c4935-9b57-4f8e-bd9e-f51b6f05bb40,
,,,,eee4ff00-3292-45a1-a95a-fc11dfc22f1e,
,,,,e455dd9d-3e99-4f4f-bde1-d12eaa536a9b,
,,,,da0dc815-954d-44be-8894-205578ca9b49,
,,,,c59a231e-1059-4be6-bf5b-7c7ade91ffb3,
,,,,ad138735-1c40-49fc-85b0-2f4cb1c5145a,
,,,,cb38716e-df75-407f-9857-88bb1233f569,
,,,,2565cd83-f532-400b-bf45-feef775a8471,
,,,,6b9b5992-a70d-4c94-a92e-0e0772982a89,
,,,,f6957820-b139-409e-92e7-433777279698,
,,,,225e4ee6-6926-4e0d-942e-c06dc154b1c2,
,,,,166952f8-7b09-4def-afef-92b5d343ee85,
,,,,c7ffe47d-d924-4184-87ac-aba904242cc4,
,,,,520823a6-fca8-4611-8f9c-712f78439920,
,,,,5a1ab47c-aa0b-4274-87b8-ea7ecd73a744,
,,,,b01460e8-f3c0-42aa-9e53-08dcebe33749,
,,,,199bfacc-73b7-468e-bbb5-0152698bef0a,
,,,,6096b899-17f9-4187-8d34-ac5668ed0b26,
,,,,8822d6b0-e1b8-4f04-b1bb-0fa0edf00ab4,
,,,,3e002a18-56ac-4c34-be14-e75316add216,
,,,,7aee50a3-a9f5-4723-a29d-c1643bc45deb,
,,,,84865bad-937c-455a-9b89-2441fc09e960,
,,,,25f734c0-6824-45e2-97b3-bd2e562892c9,
,,,,36e883e5-dfce-4e64-8960-7d45ed9b38b4,
,,,,299dca73-40a9-4e2a-87d5-0101c63af6eb,
,,,,3a01f0a4-c717-4960-ae37-ee8f9c05b0cf,
,,,,addd7739-ee45-4434-96c8-9ac4559d3681,
,,,,52e63d97-871a-40f8-aa01-9864867a71f9,
,,,,d94f20d5-9221-405c-be23-f6c6db922594,
,,,,94c82fe4-4992-4d86-bcfc-4787144d2545,
,,,,f079579d-04f3-4616-923a-bb49c6847b28,
,,,,c7c85705-b8f5-42a5-b523-beec87c8676d,
,,,,3e1370cf-1ec7-4a45-9745-b2b086aeee75,
,,,,6e3a14b6-c390-4fcc-bf3a-b37e502967f9,
,,,,b7c35bb5-fb32-4464-9cf7-0ccb64cf79d1,
,,,,ddbd3af9-5334-4869-8dac-f52dbfaa8642,
,,,,d2028d58-7106-4a3e-974f-50b9e09a75ab,
,,,,37170d99-1d0c-4787-b9fb-a049cf1f9b3a,
,,,,0b1cf6b1-bf69-4bd3-8597-7c784011e7d7,
,,,,e80f5537-9c41-4eed-8361-e3d475af41c1,
,,,,b79ab9b2-ff47-4a58-bc95-1d7c8e7df9d3,
,,,,bdccb1c2-3ff3-47d7-8981-6974bfa1c406,
,,,,7edcb5af-b9cf-4688-b34e-5f48ffd2a0ac,
,,,,72af01fe-9625-4295-8073-aefe4702bff6,
,,,,229a6177-fa4e-4648-b27c-462097104c4d,
,,,,dc23f40b-0d9c-4ee5-9dde-304d051307c2,
,,,,4335d9fa-840e-4dcd-8217-667c68196eb6,
,,,,cf434d84-6910-459b-abbc-369f6622704f,
,,,,ce0a1789-b0c1-4ab3-ad7c-f0109bfdda9c,
,,,,8e607c24-bb68-4993-b15b-6c25b0dbfa94,
,,,,cd78d2cf-5f10-4eea-9b45-7441a8a9dd4c,
,,,,15ff0174-eba1-41a1-8230-bd865239cc04,
,,,,9bf0ddd5-b029-4d66-a79c-dc43edeba7fa,
,,,,fb92f7f7-65e2-4db1-bb24-f50b4a8da260,
,,,,186b9424-5d5e-4d94-989c-ba6721c2592c,
,,,,be9c4e71-6dcc-4856-9df5-584b8ce5b63f,
,,,,9f05ecd5-b429-4140-90fc-34df68f85136,
,,,,7e75f67f-132d-49f9-a4b1-179c2e493316,
,,,,399293f7-5326-4da5-9f61-38b22ed6a5d7,
,,,,b1ac9c76-0065-4186-aee0-9d625cd01d35,
,,,,f94051e5-346e-4701-8ca4-379499f71235,
,,,,b3f22a71-45fa-42a1-b6b5-fbfd82ccc06c,
,,,,37d77b1b-0826-470d-b0b3-b6f957504352,
,,,,49ad57fa-4912-47a0-b241-5a3c89ba6403,
,,,,a3faae07-8074-46f4-b01b-15552350b490,
,,,,52cd7149-b608-4439-9bad-08fd7ecb73d6,
,,,,81284e77-17b8-4bb9-bccb-a473e5a12608,
,,,,00420a14-ef44-4abc-abac-5890bab0f7f2,
,,,,168d1c77-e152-47e3-b66c-8626f05cdb23,
,,,,1fed4f49-78fd-4510-86fa-936839392b35,
,,,,754631e3-7e45-4e6d-81df-9865aed9b9b4,
,,,,5b3365ca-2a36-4e4b-8610-5626090567f5,
,,,,b7d99fce-8825-4e99-a7be-15990f2d97f1,
,,,,9da19d68-befa-40cd-bf78-48acdb780a81,
,,,,c48ac2cb-22ff-40e6-b676-9c69c12c04a4,
,,,,968ba3b7-e58f-43a8-ac6d-3a783753743d,
,,,,93cc4f2c-bd7f-46be-93df-4b346d2ded45,
