group,Консервы,,,,1
Паштет Alnatura,194,125,,78355e98-5309-11e4-aaab-000b6a4d90f4,
Томатная паста 25%,79,70,,78364da1-5309-11e4-aaab-000b6a4d90f4,
Икра кабачковая «Верес»,97,300,,7836be71-5309-11e4-aaab-000b6a4d90f4,
Икра баклажанная,148,300,,78373032-5309-11e4-aaab-000b6a4d90f4,
Маслины консервированные,172,170,,7837a1cf-5309-11e4-aaab-000b6a4d90f4,
Оливки зеленые маринованные,125,100,,78387905-5309-11e4-aaab-000b6a4d90f4,
,,,,783ab4d5-5309-11e4-aaab-000b6a4d90f4,
,,,,783b3e3f-5309-11e4-aaab-000b6a4d90f4,
,,,,783bb0ad-5309-11e4-aaab-000b6a4d90f4,
,,,,783c22b1-5309-11e4-aaab-000b6a4d90f4,
,,,,783c94d4-5309-11e4-aaab-000b6a4d90f4,
,,,,783d7b86-5309-11e4-aaab-000b6a4d90f4,
,,,,783dedb7-5309-11e4-aaab-000b6a4d90f4,
,,,,783e5f8e-5309-11e4-aaab-000b6a4d90f4,
,,,,783ed086-5309-11e4-aaab-000b6a4d90f4,
,,,,783fb9a4-5309-11e4-aaab-000b6a4d90f4,
,,,,78402c1a-5309-11e4-aaab-000b6a4d90f4,
,,,,78409d39-5309-11e4-aaab-000b6a4d90f4,
,,,,78410e02-5309-11e4-aaab-000b6a4d90f4,
,,,,7841e1bc-5309-11e4-aaab-000b6a4d90f4,
,,,,7842661e-5309-11e4-aaab-000b6a4d90f4,
,,,,7842e886-5309-11e4-aaab-000b6a4d90f4,
,,,,7843593e-5309-11e4-aaab-000b6a4d90f4,
,,,,78444b57-5309-11e4-aaab-000b6a4d90f4,
,,,,7844cd7c-5309-11e4-aaab-000b6a4d90f4,
,,,,78453ec8-5309-11e4-aaab-000b6a4d90f4,
,,,,7845afa1-5309-11e4-aaab-000b6a4d90f4,
,,,,784696ef-5309-11e4-aaab-000b6a4d90f4,
,,,,784709f7-5309-11e4-aaab-000b6a4d90f4,
,,,,78477b5e-5309-11e4-aaab-000b6a4d90f4,
,,,,7847ecc6-5309-11e4-aaab-000b6a4d90f4,
,,,,7848c2ea-5309-11e4-aaab-000b6a4d90f4,
,,,,78493523-5309-11e4-aaab-000b6a4d90f4,
,,,,7849babb-5309-11e4-aaab-000b6a4d90f4,
,,,,784a2c4f-5309-11e4-aaab-000b6a4d90f4,
,,,,784a9e7d-5309-11e4-aaab-000b6a4d90f4,
,,,,784b1081-5309-11e4-aaab-000b6a4d90f4,
,,,,784bf88b-5309-11e4-aaab-000b6a4d90f4,
,,,,784c69a1-5309-11e4-aaab-000b6a4d90f4,
,,,,784cdbd8-5309-11e4-aaab-000b6a4d90f4,
,,,,784d4dc0-5309-11e4-aaab-000b6a4d90f4,
,,,,784e3cf5-5309-11e4-aaab-000b6a4d90f4,
,,,,784eaeeb-5309-11e4-aaab-000b6a4d90f4,
,,,,784f2124-5309-11e4-aaab-000b6a4d90f4,
,,,,784f92bb-5309-11e4-aaab-000b6a4d90f4,
,,,,78506832-5309-11e4-aaab-000b6a4d90f4,
,,,,7850ef86-5309-11e4-aaab-000b6a4d90f4,
,,,,7851988a-5309-11e4-aaab-000b6a4d90f4,
,,,,78521c76-5309-11e4-aaab-000b6a4d90f4,
,,,,7852d018-5309-11e4-aaab-000b6a4d90f4,
,,,,785355c7-5309-11e4-aaab-000b6a4d90f4,
,,,,7853c7d6-5309-11e4-aaab-000b6a4d90f4,
,,,,78543997-5309-11e4-aaab-000b6a4d90f4,
,,,,78550751-5309-11e4-aaab-000b6a4d90f4,
,,,,7855795d-5309-11e4-aaab-000b6a4d90f4,
,,,,78560007-5309-11e4-aaab-000b6a4d90f4,
,,,,785681f1-5309-11e4-aaab-000b6a4d90f4,
,,,,7856f3cc-5309-11e4-aaab-000b6a4d90f4,
,,,,78576557-5309-11e4-aaab-000b6a4d90f4,
,,,,785832d4-5309-11e4-aaab-000b6a4d90f4,
,,,,7858a44c-5309-11e4-aaab-000b6a4d90f4,
,,,,785913dc-5309-11e4-aaab-000b6a4d90f4,
,,,,78598601-5309-11e4-aaab-000b6a4d90f4,
,,,,785a7b93-5309-11e4-aaab-000b6a4d90f4,
,,,,785aed65-5309-11e4-aaab-000b6a4d90f4,
,,,,785b5d93-5309-11e4-aaab-000b6a4d90f4,
,,,,785bcee2-5309-11e4-aaab-000b6a4d90f4,
,,,,785ca4ed-5309-11e4-aaab-000b6a4d90f4,
,,,,785d170d-5309-11e4-aaab-000b6a4d90f4,
,,,,785da727-5309-11e4-aaab-000b6a4d90f4,
,,,,785e1925-5309-11e4-aaab-000b6a4d90f4,
,,,,785e8cbc-5309-11e4-aaab-000b6a4d90f4,
,,,,785eff03-5309-11e4-aaab-000b6a4d90f4,
,,,,785fed7c-5309-11e4-aaab-000b6a4d90f4,
,,,,78605fd1-5309-11e4-aaab-000b6a4d90f4,
,,,,7860d208-5309-11e4-aaab-000b6a4d90f4,
,,,,7861436f-5309-11e4-aaab-000b6a4d90f4,
,,,,78622275-5309-11e4-aaab-000b6a4d90f4,
,,,,7862a9a8-5309-11e4-aaab-000b6a4d90f4,
,,,,78631ba6-5309-11e4-aaab-000b6a4d90f4,
,,,,78638ca1-5309-11e4-aaab-000b6a4d90f4,
,,,,78643be6-5309-11e4-aaab-000b6a4d90f4,
,,,,7864c9fe-5309-11e4-aaab-000b6a4d90f4,
,,,,78653b23-5309-11e4-aaab-000b6a4d90f4,
,,,,7865ad8b-5309-11e4-aaab-000b6a4d90f4,
,,,,78667dff-5309-11e4-aaab-000b6a4d90f4,
,,,,78670e89-5309-11e4-aaab-000b6a4d90f4,
,,,,786797f9-5309-11e4-aaab-000b6a4d90f4,
,,,,786809ec-5309-11e4-aaab-000b6a4d90f4,
,,,,7868d99a-5309-11e4-aaab-000b6a4d90f4,
,,,,78694d41-5309-11e4-aaab-000b6a4d90f4,
,,,,7869beee-5309-11e4-aaab-000b6a4d90f4,
,,,,786a6273-5309-11e4-aaab-000b6a4d90f4,
,,,,786addf8-5309-11e4-aaab-000b6a4d90f4,
,,,,786b4f60-5309-11e4-aaab-000b6a4d90f4,
,,,,786bc235-5309-11e4-aaab-000b6a4d90f4,
,,,,786cb1f8-5309-11e4-aaab-000b6a4d90f4,
,,,,786d2663-5309-11e4-aaab-000b6a4d90f4,
,,,,786d9673-5309-11e4-aaab-000b6a4d90f4,
,,,,786e06aa-5309-11e4-aaab-000b6a4d90f4,
,,,,786edda5-5309-11e4-aaab-000b6a4d90f4,
,,,,786f5fa0-5309-11e4-aaab-000b6a4d90f4,
,,,,786fd148-5309-11e4-aaab-000b6a4d90f4,
,,,,78704203-5309-11e4-aaab-000b6a4d90f4,
,,,,7870c269-5309-11e4-aaab-000b6a4d90f4,
,,,,78717476-5309-11e4-aaab-000b6a4d90f4,
,,,,7871fbb6-5309-11e4-aaab-000b6a4d90f4,
,,,,78726c41-5309-11e4-aaab-000b6a4d90f4,
,,,,7872dcab-5309-11e4-aaab-000b6a4d90f4,
,,,,7873b466-5309-11e4-aaab-000b6a4d90f4,
,,,,78743908-5309-11e4-aaab-000b6a4d90f4,
,,,,7874a983-5309-11e4-aaab-000b6a4d90f4,
,,,,78751918-5309-11e4-aaab-000b6a4d90f4,
,,,,7875ee78-5309-11e4-aaab-000b6a4d90f4,
,,,,787661ea-5309-11e4-aaab-000b6a4d90f4,
,,,,7876ed37-5309-11e4-aaab-000b6a4d90f4,
,,,,78775e88-5309-11e4-aaab-000b6a4d90f4,
,,,,7877cd3b-5309-11e4-aaab-000b6a4d90f4,
,,,,78783e87-5309-11e4-aaab-000b6a4d90f4,
,,,,787937f8-5309-11e4-aaab-000b6a4d90f4,
,,,,7879a936-5309-11e4-aaab-000b6a4d90f4,
,,,,787a3339-5309-11e4-aaab-000b6a4d90f4,
,,,,787aa357-5309-11e4-aaab-000b6a4d90f4,
,,,,787b86c0-5309-11e4-aaab-000b6a4d90f4,
,,,,787c0e5d-5309-11e4-aaab-000b6a4d90f4,
,,,,787c7ed1-5309-11e4-aaab-000b6a4d90f4,
,,,,787cf0c5-5309-11e4-aaab-000b6a4d90f4,
,,,,787d6141-5309-11e4-aaab-000b6a4d90f4,
,,,,787e45c2-5309-11e4-aaab-000b6a4d90f4,
,,,,787ec86a-5309-11e4-aaab-000b6a4d90f4,
,,,,787f3991-5309-11e4-aaab-000b6a4d90f4,
,,,,787fa93d-5309-11e4-aaab-000b6a4d90f4,
,,,,7880b0d8-5309-11e4-aaab-000b6a4d90f4,
,,,,788120fc-5309-11e4-aaab-000b6a4d90f4,
,,,,788191ab-5309-11e4-aaab-000b6a4d90f4,
,,,,788201aa-5309-11e4-aaab-000b6a4d90f4,
,,,,7882bba1-5309-11e4-aaab-000b6a4d90f4,
,,,,78832db3-5309-11e4-aaab-000b6a4d90f4,
,,,,7883b125-5309-11e4-aaab-000b6a4d90f4,
,,,,7884217d-5309-11e4-aaab-000b6a4d90f4,
,,,,788490d2-5309-11e4-aaab-000b6a4d90f4,
,,,,788500a5-5309-11e4-aaab-000b6a4d90f4,
,,,,7885e61b-5309-11e4-aaab-000b6a4d90f4,
,,,,788657fa-5309-11e4-aaab-000b6a4d90f4,
,,,,7886de96-5309-11e4-aaab-000b6a4d90f4,
,,,,78874e9b-5309-11e4-aaab-000b6a4d90f4,
,,,,78880783-5309-11e4-aaab-000b6a4d90f4,
,,,,78887a20-5309-11e4-aaab-000b6a4d90f4,
,,,,7888e9d4-5309-11e4-aaab-000b6a4d90f4,
,,,,78896bc4-5309-11e4-aaab-000b6a4d90f4,
,,,,7889dd05-5309-11e4-aaab-000b6a4d90f4,
,,,,788a4cb6-5309-11e4-aaab-000b6a4d90f4,
,,,,788abddd-5309-11e4-aaab-000b6a4d90f4,
,,,,788b8dd9-5309-11e4-aaab-000b6a4d90f4,
,,,,788c119f-5309-11e4-aaab-000b6a4d90f4,
,,,,788c81a1-5309-11e4-aaab-000b6a4d90f4,
,,,,788cf305-5309-11e4-aaab-000b6a4d90f4,
,,,,788da8e2-5309-11e4-aaab-000b6a4d90f4,
,,,,788e359d-5309-11e4-aaab-000b6a4d90f4,
,,,,788ea5d6-5309-11e4-aaab-000b6a4d90f4,
,,,,788f2703-5309-11e4-aaab-000b6a4d90f4,
,,,,7890054b-5309-11e4-aaab-000b6a4d90f4,
,,,,78907701-5309-11e4-aaab-000b6a4d90f4,
,,,,7890e6a6-5309-11e4-aaab-000b6a4d90f4,
,,,,78915726-5309-11e4-aaab-000b6a4d90f4,
,,,,7891c646-5309-11e4-aaab-000b6a4d90f4,
,,,,789236e7-5309-11e4-aaab-000b6a4d90f4,
,,,,7892be01-5309-11e4-aaab-000b6a4d90f4,
,,,,78932e1c-5309-11e4-aaab-000b6a4d90f4,
,,,,78939e56-5309-11e4-aaab-000b6a4d90f4,
,,,,78940e0a-5309-11e4-aaab-000b6a4d90f4,
,,,,7894f281-5309-11e4-aaab-000b6a4d90f4,
,,,,789563d8-5309-11e4-aaab-000b6a4d90f4,
,,,,7895d36b-5309-11e4-aaab-000b6a4d90f4,
,,,,7896437d-5309-11e4-aaab-000b6a4d90f4,
,,,,7896fc5a-5309-11e4-aaab-000b6a4d90f4,
,,,,78978772-5309-11e4-aaab-000b6a4d90f4,
,,,,7897f6eb-5309-11e4-aaab-000b6a4d90f4,
,,,,78986675-5309-11e4-aaab-000b6a4d90f4,
,,,,7899460c-5309-11e4-aaab-000b6a4d90f4,
,,,,7899cc0b-5309-11e4-aaab-000b6a4d90f4,
,,,,789a3bfc-5309-11e4-aaab-000b6a4d90f4,
,,,,789aab5c-5309-11e4-aaab-000b6a4d90f4,
,,,,789b1b7d-5309-11e4-aaab-000b6a4d90f4,
,,,,789c053a-5309-11e4-aaab-000b6a4d90f4,
,,,,789c751b-5309-11e4-aaab-000b6a4d90f4,
,,,,789ce4cf-5309-11e4-aaab-000b6a4d90f4,
,,,,789d5503-5309-11e4-aaab-000b6a4d90f4,
,,,,789e2acd-5309-11e4-aaab-000b6a4d90f4,
,,,,789eac42-5309-11e4-aaab-000b6a4d90f4,
,,,,789f1aea-5309-11e4-aaab-000b6a4d90f4,
,,,,78a000ba-5309-11e4-aaab-000b6a4d90f4,
,,,,78a087af-5309-11e4-aaab-000b6a4d90f4,
,,,,78a0f6be-5309-11e4-aaab-000b6a4d90f4,
,,,,78a168db-5309-11e4-aaab-000b6a4d90f4,
,,,,78a24906-5309-11e4-aaab-000b6a4d90f4,
,,,,78a2cce7-5309-11e4-aaab-000b6a4d90f4,
,,,,78a352bd-5309-11e4-aaab-000b6a4d90f4,
,,,,78a3c206-5309-11e4-aaab-000b6a4d90f4,
,,,,78a4319e-5309-11e4-aaab-000b6a4d90f4,
,,,,78a5062a-5309-11e4-aaab-000b6a4d90f4,
,,,,78ab536c-5309-11e4-aaab-000b6a4d90f4,
,,,,78abda40-5309-11e4-aaab-000b6a4d90f4,
,,,,78ac4a74-5309-11e4-aaab-000b6a4d90f4,
,,,,78ad22dd-5309-11e4-aaab-000b6a4d90f4,
,,,,78ade346-5309-11e4-aaab-000b6a4d90f4,
,,,,78ae525e-5309-11e4-aaab-000b6a4d90f4,
,,,,78aeede8-5309-11e4-aaab-000b6a4d90f4,
,,,,78af7eac-5309-11e4-aaab-000b6a4d90f4,
,,,,78b0036d-5309-11e4-aaab-000b6a4d90f4,
,,,,78b072bf-5309-11e4-aaab-000b6a4d90f4,
,,,,78b195e3-5309-11e4-aaab-000b6a4d90f4,
,,,,78b20601-5309-11e4-aaab-000b6a4d90f4,
,,,,78b273dd-5309-11e4-aaab-000b6a4d90f4,
,,,,78b2f969-5309-11e4-aaab-000b6a4d90f4,
,,,,78b368dd-5309-11e4-aaab-000b6a4d90f4,
,,,,78b3da07-5309-11e4-aaab-000b6a4d90f4,
,,,,78b449c9-5309-11e4-aaab-000b6a4d90f4,
,,,,78b4b82d-5309-11e4-aaab-000b6a4d90f4,
,,,,78b5274a-5309-11e4-aaab-000b6a4d90f4,
,,,,78b5aa87-5309-11e4-aaab-000b6a4d90f4,
,,,,78b61a21-5309-11e4-aaab-000b6a4d90f4,
,,,,78b6c9ba-5309-11e4-aaab-000b6a4d90f4,
,,,,78b738eb-5309-11e4-aaab-000b6a4d90f4,
,,,,78b7a8ea-5309-11e4-aaab-000b6a4d90f4,
,,,,78b81825-5309-11e4-aaab-000b6a4d90f4,
,,,,78b888d8-5309-11e4-aaab-000b6a4d90f4,
,,,,78b8f69d-5309-11e4-aaab-000b6a4d90f4,
,,,,78b96683-5309-11e4-aaab-000b6a4d90f4,
,,,,78b9d7c3-5309-11e4-aaab-000b6a4d90f4,
,,,,78ba6242-5309-11e4-aaab-000b6a4d90f4,
,,,,78bb2321-5309-11e4-aaab-000b6a4d90f4,
,,,,78bbe0e4-5309-11e4-aaab-000b6a4d90f4,
,,,,78be5222-5309-11e4-aaab-000b6a4d90f4,
,,,,78bec354-5309-11e4-aaab-000b6a4d90f4,
,,,,78bf340f-5309-11e4-aaab-000b6a4d90f4,
,,,,78bfa2cd-5309-11e4-aaab-000b6a4d90f4,
,,,,78c03c52-5309-11e4-aaab-000b6a4d90f4,
,,,,78c0cfac-5309-11e4-aaab-000b6a4d90f4,
,,,,78c1413b-5309-11e4-aaab-000b6a4d90f4,
,,,,78c1b18b-5309-11e4-aaab-000b6a4d90f4,
,,,,78c25279-5309-11e4-aaab-000b6a4d90f4,
,,,,78c2c40e-5309-11e4-aaab-000b6a4d90f4,
,,,,78c3339a-5309-11e4-aaab-000b6a4d90f4,
,,,,78c3a43e-5309-11e4-aaab-000b6a4d90f4,
,,,,78c41367-5309-11e4-aaab-000b6a4d90f4,
,,,,78c48395-5309-11e4-aaab-000b6a4d90f4,
,,,,78c518a1-5309-11e4-aaab-000b6a4d90f4,
,,,,78c588cd-5309-11e4-aaab-000b6a4d90f4,
,,,,78c5fa29-5309-11e4-aaab-000b6a4d90f4,
,,,,78c66997-5309-11e4-aaab-000b6a4d90f4,
,,,,78c6d9f0-5309-11e4-aaab-000b6a4d90f4,
,,,,78c74a4b-5309-11e4-aaab-000b6a4d90f4,
,,,,78c7b9f1-5309-11e4-aaab-000b6a4d90f4,
,,,,78c829a2-5309-11e4-aaab-000b6a4d90f4,
,,,,78c8b190-5309-11e4-aaab-000b6a4d90f4,
,,,,78c95268-5309-11e4-aaab-000b6a4d90f4,
,,,,78c9c30c-5309-11e4-aaab-000b6a4d90f4,
,,,,78ca74a6-5309-11e4-aaab-000b6a4d90f4,
,,,,78cae582-5309-11e4-aaab-000b6a4d90f4,
,,,,78cb6948-5309-11e4-aaab-000b6a4d90f4,
,,,,78cbda32-5309-11e4-aaab-000b6a4d90f4,
,,,,78cd049d-5309-11e4-aaab-000b6a4d90f4,
,,,,78cdbde6-5309-11e4-aaab-000b6a4d90f4,
,,,,78ce4415-5309-11e4-aaab-000b6a4d90f4,
,,,,78ceb3d7-5309-11e4-aaab-000b6a4d90f4,
,,,,78cf2355-5309-11e4-aaab-000b6a4d90f4,
,,,,78cf935d-5309-11e4-aaab-000b6a4d90f4,
,,,,78d0044f-5309-11e4-aaab-000b6a4d90f4,
,,,,78d07468-5309-11e4-aaab-000b6a4d90f4,
,,,,78d0e410-5309-11e4-aaab-000b6a4d90f4,
,,,,78d153d5-5309-11e4-aaab-000b6a4d90f4,
,,,,78d1c48f-5309-11e4-aaab-000b6a4d90f4,
,,,,78d234cc-5309-11e4-aaab-000b6a4d90f4,
,,,,78d2a6a3-5309-11e4-aaab-000b6a4d90f4,
,,,,78d333af-5309-11e4-aaab-000b6a4d90f4,
,,,,78d3a48e-5309-11e4-aaab-000b6a4d90f4,
,,,,78d41513-5309-11e4-aaab-000b6a4d90f4,
,,,,78d48f0f-5309-11e4-aaab-000b6a4d90f4,
,,,,78d501b5-5309-11e4-aaab-000b6a4d90f4,
,,,,78d570f9-5309-11e4-aaab-000b6a4d90f4,
,,,,78d5eb2f-5309-11e4-aaab-000b6a4d90f4,
,,,,78d66e18-5309-11e4-aaab-000b6a4d90f4,
,,,,78d704ad-5309-11e4-aaab-000b6a4d90f4,
,,,,78d77437-5309-11e4-aaab-000b6a4d90f4,
,,,,78d7e7a9-5309-11e4-aaab-000b6a4d90f4,
,,,,78d88a6f-5309-11e4-aaab-000b6a4d90f4,
,,,,78d9104a-5309-11e4-aaab-000b6a4d90f4,
,,,,78d9807f-5309-11e4-aaab-000b6a4d90f4,
,,,,78da0433-5309-11e4-aaab-000b6a4d90f4,
,,,,78da884c-5309-11e4-aaab-000b6a4d90f4,
,,,,78db3023-5309-11e4-aaab-000b6a4d90f4,
,,,,78dba0f1-5309-11e4-aaab-000b6a4d90f4,
,,,,78dc141d-5309-11e4-aaab-000b6a4d90f4,
,,,,78dc848c-5309-11e4-aaab-000b6a4d90f4,
,,,,78dcf4d4-5309-11e4-aaab-000b6a4d90f4,
,,,,78dd657d-5309-11e4-aaab-000b6a4d90f4,
,,,,78ddd92a-5309-11e4-aaab-000b6a4d90f4,
,,,,78de7acb-5309-11e4-aaab-000b6a4d90f4,
,,,,78deecdd-5309-11e4-aaab-000b6a4d90f4,
,,,,78df5da3-5309-11e4-aaab-000b6a4d90f4,
,,,,78dfcdfe-5309-11e4-aaab-000b6a4d90f4,
,,,,78e058fd-5309-11e4-aaab-000b6a4d90f4,
,,,,78e0ca5c-5309-11e4-aaab-000b6a4d90f4,
,,,,78e13b59-5309-11e4-aaab-000b6a4d90f4,
,,,,78e1bf40-5309-11e4-aaab-000b6a4d90f4,
,,,,78e23097-5309-11e4-aaab-000b6a4d90f4,
,,,,78e29fde-5309-11e4-aaab-000b6a4d90f4,
,,,,78e347f5-5309-11e4-aaab-000b6a4d90f4,
,,,,78e3d009-5309-11e4-aaab-000b6a4d90f4,
,,,,78e44126-5309-11e4-aaab-000b6a4d90f4,
,,,,78e4b0fe-5309-11e4-aaab-000b6a4d90f4,
,,,,78e523a9-5309-11e4-aaab-000b6a4d90f4,
,,,,78e59453-5309-11e4-aaab-000b6a4d90f4,
,,,,78e6044d-5309-11e4-aaab-000b6a4d90f4,
,,,,78e6758a-5309-11e4-aaab-000b6a4d90f4,
,,,,78e6e53e-5309-11e4-aaab-000b6a4d90f4,
,,,,78e75835-5309-11e4-aaab-000b6a4d90f4,
,,,,78e7c8fb-5309-11e4-aaab-000b6a4d90f4,
,,,,78e83a1d-5309-11e4-aaab-000b6a4d90f4,
,,,,78e8abc7-5309-11e4-aaab-000b6a4d90f4,
,,,,78e91b84-5309-11e4-aaab-000b6a4d90f4,
,,,,78e98c1a-5309-11e4-aaab-000b6a4d90f4,
,,,,78e9fc8e-5309-11e4-aaab-000b6a4d90f4,
,,,,78ea6e25-5309-11e4-aaab-000b6a4d90f4,
,,,,78eadf55-5309-11e4-aaab-000b6a4d90f4,
,,,,78eb52ff-5309-11e4-aaab-000b6a4d90f4,
,,,,78ebc355-5309-11e4-aaab-000b6a4d90f4,
,,,,78ec67c6-5309-11e4-aaab-000b6a4d90f4,
,,,,78ecd846-5309-11e4-aaab-000b6a4d90f4,
,,,,78ed48d7-5309-11e4-aaab-000b6a4d90f4,
,,,,78ede049-5309-11e4-aaab-000b6a4d90f4,
,,,,78ee64f9-5309-11e4-aaab-000b6a4d90f4,
,,,,78eeed27-5309-11e4-aaab-000b6a4d90f4,
,,,,78ef5cfa-5309-11e4-aaab-000b6a4d90f4,
,,,,78efccbb-5309-11e4-aaab-000b6a4d90f4,
,,,,78f03d70-5309-11e4-aaab-000b6a4d90f4,
,,,,78f0d66c-5309-11e4-aaab-000b6a4d90f4,
,,,,78f14947-5309-11e4-aaab-000b6a4d90f4,
,,,,78f1b920-5309-11e4-aaab-000b6a4d90f4,
,,,,78f22a0a-5309-11e4-aaab-000b6a4d90f4,
,,,,78f29ae0-5309-11e4-aaab-000b6a4d90f4,
,,,,78f30c9b-5309-11e4-aaab-000b6a4d90f4,
,,,,78f37d05-5309-11e4-aaab-000b6a4d90f4,
,,,,78f3ec46-5309-11e4-aaab-000b6a4d90f4,
,,,,78f45deb-5309-11e4-aaab-000b6a4d90f4,
,,,,78f4cee9-5309-11e4-aaab-000b6a4d90f4,
,,,,78f54263-5309-11e4-aaab-000b6a4d90f4,
,,,,78f5b31b-5309-11e4-aaab-000b6a4d90f4,
,,,,78f621fd-5309-11e4-aaab-000b6a4d90f4,
,,,,78f6938c-5309-11e4-aaab-000b6a4d90f4,
,,,,78f71762-5309-11e4-aaab-000b6a4d90f4,
,,,,78f789a9-5309-11e4-aaab-000b6a4d90f4,
,,,,78f7fae4-5309-11e4-aaab-000b6a4d90f4,
,,,,78f88278-5309-11e4-aaab-000b6a4d90f4,
,,,,78f90515-5309-11e4-aaab-000b6a4d90f4,
,,,,78f976cb-5309-11e4-aaab-000b6a4d90f4,
,,,,78f9feee-5309-11e4-aaab-000b6a4d90f4,
,,,,78fa7438-5309-11e4-aaab-000b6a4d90f4,
,,,,78fae57e-5309-11e4-aaab-000b6a4d90f4,
,,,,78fb56b4-5309-11e4-aaab-000b6a4d90f4,
,,,,78fbc77c-5309-11e4-aaab-000b6a4d90f4,
,,,,78fc3967-5309-11e4-aaab-000b6a4d90f4,
,,,,78fca8ee-5309-11e4-aaab-000b6a4d90f4,
,,,,78fd1a4a-5309-11e4-aaab-000b6a4d90f4,
,,,,78fd8d28-5309-11e4-aaab-000b6a4d90f4,
,,,,78fdfd97-5309-11e4-aaab-000b6a4d90f4,
,,,,78fe6f13-5309-11e4-aaab-000b6a4d90f4,
,,,,78fefa65-5309-11e4-aaab-000b6a4d90f4,
,,,,78ff6b84-5309-11e4-aaab-000b6a4d90f4,
,,,,78ffdcd0-5309-11e4-aaab-000b6a4d90f4,
,,,,79004d9b-5309-11e4-aaab-000b6a4d90f4,
,,,,7900bdf6-5309-11e4-aaab-000b6a4d90f4,
,,,,79012e8a-5309-11e4-aaab-000b6a4d90f4,
,,,,79019f68-5309-11e4-aaab-000b6a4d90f4,
,,,,790210b7-5309-11e4-aaab-000b6a4d90f4,
,,,,79028145-5309-11e4-aaab-000b6a4d90f4,
,,,,7902f157-5309-11e4-aaab-000b6a4d90f4,
,,,,790362e1-5309-11e4-aaab-000b6a4d90f4,
,,,,7903dcfd-5309-11e4-aaab-000b6a4d90f4,
,,,,79044df5-5309-11e4-aaab-000b6a4d90f4,
,,,,7904becf-5309-11e4-aaab-000b6a4d90f4,
,,,,79052f40-5309-11e4-aaab-000b6a4d90f4,
,,,,79059f16-5309-11e4-aaab-000b6a4d90f4,
,,,,79060fa6-5309-11e4-aaab-000b6a4d90f4,
,,,,79068098-5309-11e4-aaab-000b6a4d90f4,
,,,,790707a7-5309-11e4-aaab-000b6a4d90f4,
,,,,7907770c-5309-11e4-aaab-000b6a4d90f4,
,,,,7907e8f2-5309-11e4-aaab-000b6a4d90f4,
,,,,790893e4-5309-11e4-aaab-000b6a4d90f4,
,,,,79091dcc-5309-11e4-aaab-000b6a4d90f4,
,,,,7909923f-5309-11e4-aaab-000b6a4d90f4,
,,,,790a02c1-5309-11e4-aaab-000b6a4d90f4,
,,,,790a72ea-5309-11e4-aaab-000b6a4d90f4,
,,,,790b2846-5309-11e4-aaab-000b6a4d90f4,
,,,,790bada9-5309-11e4-aaab-000b6a4d90f4,
,,,,790c3c84-5309-11e4-aaab-000b6a4d90f4,
,,,,790cb194-5309-11e4-aaab-000b6a4d90f4,
,,,,790d63ef-5309-11e4-aaab-000b6a4d90f4,
,,,,790de8b6-5309-11e4-aaab-000b6a4d90f4,
,,,,790e58ea-5309-11e4-aaab-000b6a4d90f4,
,,,,790ec975-5309-11e4-aaab-000b6a4d90f4,
,,,,790f8e42-5309-11e4-aaab-000b6a4d90f4,
,,,,79101cc1-5309-11e4-aaab-000b6a4d90f4,
,,,,79108c1c-5309-11e4-aaab-000b6a4d90f4,
,,,,7910fd05-5309-11e4-aaab-000b6a4d90f4,
,,,,7911a710-5309-11e4-aaab-000b6a4d90f4,
,,,,79122d18-5309-11e4-aaab-000b6a4d90f4,
,,,,79129ed0-5309-11e4-aaab-000b6a4d90f4,
,,,,79130f37-5309-11e4-aaab-000b6a4d90f4,
,,,,79138037-5309-11e4-aaab-000b6a4d90f4,
,,,,79142fd6-5309-11e4-aaab-000b6a4d90f4,
,,,,7914b475-5309-11e4-aaab-000b6a4d90f4,
,,,,791524cd-5309-11e4-aaab-000b6a4d90f4,
,,,,791595e1-5309-11e4-aaab-000b6a4d90f4,
,,,,79160818-5309-11e4-aaab-000b6a4d90f4,
,,,,7916cc59-5309-11e4-aaab-000b6a4d90f4,
,,,,79173d80-5309-11e4-aaab-000b6a4d90f4,
,,,,7917d546-5309-11e4-aaab-000b6a4d90f4,
,,,,79184628-5309-11e4-aaab-000b6a4d90f4,
,,,,791919aa-5309-11e4-aaab-000b6a4d90f4,
,,,,79198a6a-5309-11e4-aaab-000b6a4d90f4,
,,,,7919fb6a-5309-11e4-aaab-000b6a4d90f4,
,,,,791a6c6d-5309-11e4-aaab-000b6a4d90f4,
,,,,791b1d50-5309-11e4-aaab-000b6a4d90f4,
,,,,791b8de6-5309-11e4-aaab-000b6a4d90f4,
,,,,791bff69-5309-11e4-aaab-000b6a4d90f4,
,,,,791c8465-5309-11e4-aaab-000b6a4d90f4,
,,,,791cf49f-5309-11e4-aaab-000b6a4d90f4,
,,,,791d6418-5309-11e4-aaab-000b6a4d90f4,
,,,,791dd479-5309-11e4-aaab-000b6a4d90f4,
,,,,791e90e4-5309-11e4-aaab-000b6a4d90f4,
,,,,791f1783-5309-11e4-aaab-000b6a4d90f4,
,,,,791f86c1-5309-11e4-aaab-000b6a4d90f4,
,,,,791ff6f3-5309-11e4-aaab-000b6a4d90f4,
,,,,7920c2dd-5309-11e4-aaab-000b6a4d90f4,
,,,,7921371d-5309-11e4-aaab-000b6a4d90f4,
,,,,7921baa8-5309-11e4-aaab-000b6a4d90f4,
,,,,79222da5-5309-11e4-aaab-000b6a4d90f4,
,,,,79229e35-5309-11e4-aaab-000b6a4d90f4,
,,,,7923540f-5309-11e4-aaab-000b6a4d90f4,
,,,,7923d80c-5309-11e4-aaab-000b6a4d90f4,
,,,,79245e43-5309-11e4-aaab-000b6a4d90f4,
,,,,7924cfa5-5309-11e4-aaab-000b6a4d90f4,
,,,,79258421-5309-11e4-aaab-000b6a4d90f4,
,,,,79260c98-5309-11e4-aaab-000b6a4d90f4,
,,,,79267d7f-5309-11e4-aaab-000b6a4d90f4,
,,,,7926f065-5309-11e4-aaab-000b6a4d90f4,
,,,,7927608c-5309-11e4-aaab-000b6a4d90f4,
,,,,79282a4d-5309-11e4-aaab-000b6a4d90f4,
,,,,79289a5d-5309-11e4-aaab-000b6a4d90f4,
,,,,79292011-5309-11e4-aaab-000b6a4d90f4,
,,,,7929906f-5309-11e4-aaab-000b6a4d90f4,
,,,,792a00e6-5309-11e4-aaab-000b6a4d90f4,
,,,,792a70c7-5309-11e4-aaab-000b6a4d90f4,
,,,,792b3e7e-5309-11e4-aaab-000b6a4d90f4,
,,,,792baf09-5309-11e4-aaab-000b6a4d90f4,
,,,,792c1fc6-5309-11e4-aaab-000b6a4d90f4,
,,,,792c8ef6-5309-11e4-aaab-000b6a4d90f4,
,,,,792d52fd-5309-11e4-aaab-000b6a4d90f4,
,,,,792dd961-5309-11e4-aaab-000b6a4d90f4,
,,,,792e4b86-5309-11e4-aaab-000b6a4d90f4,
,,,,792ed06e-5309-11e4-aaab-000b6a4d90f4,
,,,,792f959d-5309-11e4-aaab-000b6a4d90f4,
,,,,79301978-5309-11e4-aaab-000b6a4d90f4,
,,,,79308add-5309-11e4-aaab-000b6a4d90f4,
,,,,7930fb47-5309-11e4-aaab-000b6a4d90f4,
,,,,79316be2-5309-11e4-aaab-000b6a4d90f4,
,,,,7931dbf2-5309-11e4-aaab-000b6a4d90f4,
,,,,79324c67-5309-11e4-aaab-000b6a4d90f4,
,,,,7932bd02-5309-11e4-aaab-000b6a4d90f4,
,,,,79334262-5309-11e4-aaab-000b6a4d90f4,
,,,,7933b2b3-5309-11e4-aaab-000b6a4d90f4,
,,,,7934237b-5309-11e4-aaab-000b6a4d90f4,
,,,,7934e422-5309-11e4-aaab-000b6a4d90f4,
,,,,793553ac-5309-11e4-aaab-000b6a4d90f4,
,,,,7935c485-5309-11e4-aaab-000b6a4d90f4,
,,,,7936355c-5309-11e4-aaab-000b6a4d90f4,
,,,,7936a55b-5309-11e4-aaab-000b6a4d90f4,
,,,,79372d2a-5309-11e4-aaab-000b6a4d90f4,
,,,,7937a77c-5309-11e4-aaab-000b6a4d90f4,
,,,,79381801-5309-11e4-aaab-000b6a4d90f4,
,,,,7938d700-5309-11e4-aaab-000b6a4d90f4,
,,,,793949a9-5309-11e4-aaab-000b6a4d90f4,
,,,,7939cb0d-5309-11e4-aaab-000b6a4d90f4,
,,,,793a3c08-5309-11e4-aaab-000b6a4d90f4,
,,,,793aae1c-5309-11e4-aaab-000b6a4d90f4,
,,,,793b76a2-5309-11e4-aaab-000b6a4d90f4,
,,,,793bf852-5309-11e4-aaab-000b6a4d90f4,
,,,,793c69e9-5309-11e4-aaab-000b6a4d90f4,
,,,,793cda5a-5309-11e4-aaab-000b6a4d90f4,
,,,,793d4abb-5309-11e4-aaab-000b6a4d90f4,
,,,,793e162b-5309-11e4-aaab-000b6a4d90f4,
,,,,793e874f-5309-11e4-aaab-000b6a4d90f4,
,,,,793ef83c-5309-11e4-aaab-000b6a4d90f4,
,,,,793f9cee-5309-11e4-aaab-000b6a4d90f4,
,,,,79400d4f-5309-11e4-aaab-000b6a4d90f4,
,,,,79408232-5309-11e4-aaab-000b6a4d90f4,
,,,,79414dd3-5309-11e4-aaab-000b6a4d90f4,
,,,,7941bf86-5309-11e4-aaab-000b6a4d90f4,
,,,,794230fc-5309-11e4-aaab-000b6a4d90f4,
,,,,7942b5af-5309-11e4-aaab-000b6a4d90f4,
,,,,7943266c-5309-11e4-aaab-000b6a4d90f4,
,,,,79439780-5309-11e4-aaab-000b6a4d90f4,
,,,,79445ea2-5309-11e4-aaab-000b6a4d90f4,
,,,,7944e3ae-5309-11e4-aaab-000b6a4d90f4,
,,,,794554d8-5309-11e4-aaab-000b6a4d90f4,
,,,,7945c624-5309-11e4-aaab-000b6a4d90f4,
,,,,79463722-5309-11e4-aaab-000b6a4d90f4,
,,,,794714bc-5309-11e4-aaab-000b6a4d90f4,
,,,,7947854a-5309-11e4-aaab-000b6a4d90f4,
,,,,79480d3b-5309-11e4-aaab-000b6a4d90f4,
,,,,79487e0b-5309-11e4-aaab-000b6a4d90f4,
,,,,7948eeaa-5309-11e4-aaab-000b6a4d90f4,
,,,,79495fce-5309-11e4-aaab-000b6a4d90f4,
,,,,794a46b8-5309-11e4-aaab-000b6a4d90f4,
,,,,794adc0f-5309-11e4-aaab-000b6a4d90f4,
,,,,794b4bdf-5309-11e4-aaab-000b6a4d90f4,
,,,,794c1bff-5309-11e4-aaab-000b6a4d90f4,
,,,,794ca89e-5309-11e4-aaab-000b6a4d90f4,
,,,,794d1961-5309-11e4-aaab-000b6a4d90f4,
,,,,794d88bc-5309-11e4-aaab-000b6a4d90f4,
,,,,794ea9bf-5309-11e4-aaab-000b6a4d90f4,
,,,,794f2db3-5309-11e4-aaab-000b6a4d90f4,
,,,,794f9cdc-5309-11e4-aaab-000b6a4d90f4,
,,,,79500e4e-5309-11e4-aaab-000b6a4d90f4,
,,,,7950c1d8-5309-11e4-aaab-000b6a4d90f4,
,,,,7951b0ab-5309-11e4-aaab-000b6a4d90f4,
,,,,7952215a-5309-11e4-aaab-000b6a4d90f4,
,,,,7952b575-5309-11e4-aaab-000b6a4d90f4,
,,,,7953a161-5309-11e4-aaab-000b6a4d90f4,
,,,,795411bd-5309-11e4-aaab-000b6a4d90f4,
,,,,7954bd51-5309-11e4-aaab-000b6a4d90f4,
,,,,795545a9-5309-11e4-aaab-000b6a4d90f4,
,,,,7955da5b-5309-11e4-aaab-000b6a4d90f4,
,,,,79564aa9-5309-11e4-aaab-000b6a4d90f4,
,,,,79572e07-5309-11e4-aaab-000b6a4d90f4,
,,,,79587f94-5309-11e4-aaab-000b6a4d90f4,
,,,,7959aa1b-5309-11e4-aaab-000b6a4d90f4,
,,,,795a1e83-5309-11e4-aaab-000b6a4d90f4,
,,,,795a90bf-5309-11e4-aaab-000b6a4d90f4,
,,,,795b762c-5309-11e4-aaab-000b6a4d90f4,
,,,,795bffbd-5309-11e4-aaab-000b6a4d90f4,
,,,,795c72cb-5309-11e4-aaab-000b6a4d90f4,
,,,,795ce5a3-5309-11e4-aaab-000b6a4d90f4,
,,,,795d9be4-5309-11e4-aaab-000b6a4d90f4,
,,,,795e2911-5309-11e4-aaab-000b6a4d90f4,
,,,,795e9ea7-5309-11e4-aaab-000b6a4d90f4,
,,,,795f13d5-5309-11e4-aaab-000b6a4d90f4,
,,,,795f875d-5309-11e4-aaab-000b6a4d90f4,
,,,,79605c3d-5309-11e4-aaab-000b6a4d90f4,
,,,,7960cf69-5309-11e4-aaab-000b6a4d90f4,
,,,,79616aee-5309-11e4-aaab-000b6a4d90f4,
,,,,7961f6bb-5309-11e4-aaab-000b6a4d90f4,
,,,,79626b61-5309-11e4-aaab-000b6a4d90f4,
,,,,7963306e-5309-11e4-aaab-000b6a4d90f4,
,,,,7963e29c-5309-11e4-aaab-000b6a4d90f4,
,,,,796456a5-5309-11e4-aaab-000b6a4d90f4,
,,,,7964ca73-5309-11e4-aaab-000b6a4d90f4,
,,,,7966419c-5309-11e4-aaab-000b6a4d90f4,
,,,,7966b737-5309-11e4-aaab-000b6a4d90f4,
,,,,79672b69-5309-11e4-aaab-000b6a4d90f4,
,,,,79679e5b-5309-11e4-aaab-000b6a4d90f4,
,,,,7968d2d6-5309-11e4-aaab-000b6a4d90f4,
,,,,7969589d-5309-11e4-aaab-000b6a4d90f4,
,,,,7969ddf8-5309-11e4-aaab-000b6a4d90f4,
,,,,796ac710-5309-11e4-aaab-000b6a4d90f4,
,,,,796b3b08-5309-11e4-aaab-000b6a4d90f4,
,,,,796bb04d-5309-11e4-aaab-000b6a4d90f4,
,,,,796c23e3-5309-11e4-aaab-000b6a4d90f4,
,,,,796cea10-5309-11e4-aaab-000b6a4d90f4,
,,,,796d5dd9-5309-11e4-aaab-000b6a4d90f4,
,,,,796de721-5309-11e4-aaab-000b6a4d90f4,
,,,,796e5a69-5309-11e4-aaab-000b6a4d90f4,
,,,,796ed8e3-5309-11e4-aaab-000b6a4d90f4,
,,,,796f4cd9-5309-11e4-aaab-000b6a4d90f4,
,,,,79702d63-5309-11e4-aaab-000b6a4d90f4,
,,,,7970b718-5309-11e4-aaab-000b6a4d90f4,
,,,,79712ac4-5309-11e4-aaab-000b6a4d90f4,
,,,,7971a01d-5309-11e4-aaab-000b6a4d90f4,
,,,,79726e14-5309-11e4-aaab-000b6a4d90f4,
,,,,7972f4a5-5309-11e4-aaab-000b6a4d90f4,
,,,,7973689d-5309-11e4-aaab-000b6a4d90f4,
,,,,7973dc22-5309-11e4-aaab-000b6a4d90f4,
,,,,7974e82c-5309-11e4-aaab-000b6a4d90f4,
,,,,7975712e-5309-11e4-aaab-000b6a4d90f4,
,,,,7975e59e-5309-11e4-aaab-000b6a4d90f4,
,,,,79766d92-5309-11e4-aaab-000b6a4d90f4,
,,,,79773684-5309-11e4-aaab-000b6a4d90f4,
,,,,7977bf3e-5309-11e4-aaab-000b6a4d90f4,
,,,,797849dd-5309-11e4-aaab-000b6a4d90f4,
,,,,7978bd47-5309-11e4-aaab-000b6a4d90f4,
,,,,797984cb-5309-11e4-aaab-000b6a4d90f4,
,,,,7979fbf6-5309-11e4-aaab-000b6a4d90f4,
,,,,797a7048-5309-11e4-aaab-000b6a4d90f4,
,,,,797ae3d6-5309-11e4-aaab-000b6a4d90f4,
,,,,797b6a04-5309-11e4-aaab-000b6a4d90f4,
,,,,797bdfa8-5309-11e4-aaab-000b6a4d90f4,
,,,,797c5238-5309-11e4-aaab-000b6a4d90f4,
,,,,797cc5c0-5309-11e4-aaab-000b6a4d90f4,
,,,,797da544-5309-11e4-aaab-000b6a4d90f4,
,,,,797e1b1c-5309-11e4-aaab-000b6a4d90f4,
,,,,797e8eb8-5309-11e4-aaab-000b6a4d90f4,
,,,,797f027b-5309-11e4-aaab-000b6a4d90f4,
,,,,797fe2e9-5309-11e4-aaab-000b6a4d90f4,
,,,,798056f0-5309-11e4-aaab-000b6a4d90f4,
,,,,7980c99e-5309-11e4-aaab-000b6a4d90f4,
,,,,79813c74-5309-11e4-aaab-000b6a4d90f4,
,,,,79820a39-5309-11e4-aaab-000b6a4d90f4,
,,,,798293be-5309-11e4-aaab-000b6a4d90f4,
,,,,798306e8-5309-11e4-aaab-000b6a4d90f4,
,,,,79837a3b-5309-11e4-aaab-000b6a4d90f4,
,,,,79845987-5309-11e4-aaab-000b6a4d90f4,
,,,,7984e1f8-5309-11e4-aaab-000b6a4d90f4,
,,,,79857645-5309-11e4-aaab-000b6a4d90f4,
,,,,7985e921-5309-11e4-aaab-000b6a4d90f4,
,,,,7986a15e-5309-11e4-aaab-000b6a4d90f4,
,,,,79872fa3-5309-11e4-aaab-000b6a4d90f4,
,,,,7987b578-5309-11e4-aaab-000b6a4d90f4,
,,,,7988296b-5309-11e4-aaab-000b6a4d90f4,
,,,,79889c35-5309-11e4-aaab-000b6a4d90f4,
,,,,79890ee6-5309-11e4-aaab-000b6a4d90f4,
,,,,7989e5c8-5309-11e4-aaab-000b6a4d90f4,
,,,,798a92d0-5309-11e4-aaab-000b6a4d90f4,
,,,,798b068e-5309-11e4-aaab-000b6a4d90f4,
,,,,798b7a3d-5309-11e4-aaab-000b6a4d90f4,
,,,,798c6031-5309-11e4-aaab-000b6a4d90f4,
,,,,798cd59a-5309-11e4-aaab-000b6a4d90f4,
,,,,798d48a4-5309-11e4-aaab-000b6a4d90f4,
,,,,798dbbe7-5309-11e4-aaab-000b6a4d90f4,
,,,,798e931a-5309-11e4-aaab-000b6a4d90f4,
,,,,798f18de-5309-11e4-aaab-000b6a4d90f4,
,,,,798f8cbd-5309-11e4-aaab-000b6a4d90f4,
,,,,7990005c-5309-11e4-aaab-000b6a4d90f4,
,,,,7990d980-5309-11e4-aaab-000b6a4d90f4,
,,,,79916120-5309-11e4-aaab-000b6a4d90f4,
,,,,7991e831-5309-11e4-aaab-000b6a4d90f4,
,,,,79925c02-5309-11e4-aaab-000b6a4d90f4,
,,,,79933f0c-5309-11e4-aaab-000b6a4d90f4,
,,,,7993b456-5309-11e4-aaab-000b6a4d90f4,
,,,,79942788-5309-11e4-aaab-000b6a4d90f4,
,,,,7994ad79-5309-11e4-aaab-000b6a4d90f4,
,,,,79951f90-5309-11e4-aaab-000b6a4d90f4,
,,,,79959263-5309-11e4-aaab-000b6a4d90f4,
,,,,799666e4-5309-11e4-aaab-000b6a4d90f4,
,,,,7996efdb-5309-11e4-aaab-000b6a4d90f4,
,,,,79976204-5309-11e4-aaab-000b6a4d90f4,
,,,,7997d81c-5309-11e4-aaab-000b6a4d90f4,
,,,,7998a903-5309-11e4-aaab-000b6a4d90f4,
,,,,79993071-5309-11e4-aaab-000b6a4d90f4,
,,,,7999a373-5309-11e4-aaab-000b6a4d90f4,
,,,,799a16e2-5309-11e4-aaab-000b6a4d90f4,
,,,,799ae833-5309-11e4-aaab-000b6a4d90f4,
,,,,799b723f-5309-11e4-aaab-000b6a4d90f4,
,,,,799be475-5309-11e4-aaab-000b6a4d90f4,
,,,,799c5979-5309-11e4-aaab-000b6a4d90f4,
,,,,799cd5c8-5309-11e4-aaab-000b6a4d90f4,
,,,,799dc341-5309-11e4-aaab-000b6a4d90f4,
,,,,799e3627-5309-11e4-aaab-000b6a4d90f4,
,,,,799ea942-5309-11e4-aaab-000b6a4d90f4,
,,,,799f1d56-5309-11e4-aaab-000b6a4d90f4,
,,,,799ff375-5309-11e4-aaab-000b6a4d90f4,
,,,,79a06677-5309-11e4-aaab-000b6a4d90f4,
,,,,79a0d8f3-5309-11e4-aaab-000b6a4d90f4,
,,,,79a14bfb-5309-11e4-aaab-000b6a4d90f4,
,,,,79a1d5b0-5309-11e4-aaab-000b6a4d90f4,
,,,,79a25b83-5309-11e4-aaab-000b6a4d90f4,
,,,,79a2df53-5309-11e4-aaab-000b6a4d90f4,
,,,,79a3e43d-5309-11e4-aaab-000b6a4d90f4,
,,,,79a4576c-5309-11e4-aaab-000b6a4d90f4,
,,,,79a4ca33-5309-11e4-aaab-000b6a4d90f4,
,,,,79a53d81-5309-11e4-aaab-000b6a4d90f4,
,,,,79a613ad-5309-11e4-aaab-000b6a4d90f4,
,,,,79a69865-5309-11e4-aaab-000b6a4d90f4,
,,,,79a70b5d-5309-11e4-aaab-000b6a4d90f4,
,,,,79a77e4b-5309-11e4-aaab-000b6a4d90f4,
,,,,79a85669-5309-11e4-aaab-000b6a4d90f4,
,,,,79a8de32-5309-11e4-aaab-000b6a4d90f4,
,,,,79a96565-5309-11e4-aaab-000b6a4d90f4,
,,,,79a9f18c-5309-11e4-aaab-000b6a4d90f4,
,,,,79aadaef-5309-11e4-aaab-000b6a4d90f4,
,,,,79ab4db7-5309-11e4-aaab-000b6a4d90f4,
,,,,79abc12f-5309-11e4-aaab-000b6a4d90f4,
,,,,79ac3498-5309-11e4-aaab-000b6a4d90f4,
,,,,79ad0a25-5309-11e4-aaab-000b6a4d90f4,
,,,,79ad7cad-5309-11e4-aaab-000b6a4d90f4,
,,,,79ae02ef-5309-11e4-aaab-000b6a4d90f4,
,,,,79ae8977-5309-11e4-aaab-000b6a4d90f4,
,,,,79aefddc-5309-11e4-aaab-000b6a4d90f4,
,,,,79af6fe9-5309-11e4-aaab-000b6a4d90f4,
,,,,79b06755-5309-11e4-aaab-000b6a4d90f4,
,,,,79b0daa6-5309-11e4-aaab-000b6a4d90f4,
,,,,79b14d73-5309-11e4-aaab-000b6a4d90f4,
,,,,79b1d16a-5309-11e4-aaab-000b6a4d90f4,
,,,,79b2a934-5309-11e4-aaab-000b6a4d90f4,
,,,,79b31c90-5309-11e4-aaab-000b6a4d90f4,
,,,,79b3a38a-5309-11e4-aaab-000b6a4d90f4,
,,,,79b418ab-5309-11e4-aaab-000b6a4d90f4,
,,,,79b48b0e-5309-11e4-aaab-000b6a4d90f4,
,,,,79b569af-5309-11e4-aaab-000b6a4d90f4,
,,,,79b5f091-5309-11e4-aaab-000b6a4d90f4,
,,,,79b663f5-5309-11e4-aaab-000b6a4d90f4,
,,,,79b708cd-5309-11e4-aaab-000b6a4d90f4,
,,,,79b7db57-5309-11e4-aaab-000b6a4d90f4,
,,,,79b86247-5309-11e4-aaab-000b6a4d90f4,
,,,,79b8d5b9-5309-11e4-aaab-000b6a4d90f4,
,,,,79b94944-5309-11e4-aaab-000b6a4d90f4,
,,,,79b9fc15-5309-11e4-aaab-000b6a4d90f4,
,,,,79ba84e2-5309-11e4-aaab-000b6a4d90f4,
,,,,79baf9c2-5309-11e4-aaab-000b6a4d90f4,
,,,,79bb6c84-5309-11e4-aaab-000b6a4d90f4,
,,,,79bc235c-5309-11e4-aaab-000b6a4d90f4,
,,,,79bcc404-5309-11e4-aaab-000b6a4d90f4,
,,,,79bd4b93-5309-11e4-aaab-000b6a4d90f4,
,,,,79bdbe8f-5309-11e4-aaab-000b6a4d90f4,
,,,,79be31e3-5309-11e4-aaab-000b6a4d90f4,
,,,,79bef5b4-5309-11e4-aaab-000b6a4d90f4,
,,,,79bf68bc-5309-11e4-aaab-000b6a4d90f4,
,,,,79bfdbe2-5309-11e4-aaab-000b6a4d90f4,
,,,,79c04db4-5309-11e4-aaab-000b6a4d90f4,
,,,,79c14845-5309-11e4-aaab-000b6a4d90f4,
,,,,79c1bbef-5309-11e4-aaab-000b6a4d90f4,
,,,,79c22ebf-5309-11e4-aaab-000b6a4d90f4,
,,,,79c2a181-5309-11e4-aaab-000b6a4d90f4,
,,,,79c354a3-5309-11e4-aaab-000b6a4d90f4,
,,,,79c3dcc0-5309-11e4-aaab-000b6a4d90f4,
,,,,79c44f74-5309-11e4-aaab-000b6a4d90f4,
,,,,79c4c24f-5309-11e4-aaab-000b6a4d90f4,
,,,,79c534b8-5309-11e4-aaab-000b6a4d90f4,
,,,,79c6203d-5309-11e4-aaab-000b6a4d90f4,
,,,,79c693a9-5309-11e4-aaab-000b6a4d90f4,
,,,,79c7084c-5309-11e4-aaab-000b6a4d90f4,
,,,,79c779c4-5309-11e4-aaab-000b6a4d90f4,
,,,,79c84225-5309-11e4-aaab-000b6a4d90f4,
,,,,79c8b5b9-5309-11e4-aaab-000b6a4d90f4,
,,,,79c928c9-5309-11e4-aaab-000b6a4d90f4,
,,,,79c99b61-5309-11e4-aaab-000b6a4d90f4,
,,,,79ca72e2-5309-11e4-aaab-000b6a4d90f4,
,,,,79cafbc8-5309-11e4-aaab-000b6a4d90f4,
,,,,79cb6e58-5309-11e4-aaab-000b6a4d90f4,
,,,,79cbe0bb-5309-11e4-aaab-000b6a4d90f4,
,,,,79cc8ded-5309-11e4-aaab-000b6a4d90f4,
,,,,79cd2134-5309-11e4-aaab-000b6a4d90f4,
,,,,79cd9630-5309-11e4-aaab-000b6a4d90f4,
,,,,79ce086f-5309-11e4-aaab-000b6a4d90f4,
,,,,79ce7b55-5309-11e4-aaab-000b6a4d90f4,
,,,,79cf5b67-5309-11e4-aaab-000b6a4d90f4,
,,,,79cfee9b-5309-11e4-aaab-000b6a4d90f4,
,,,,79d07031-5309-11e4-aaab-000b6a4d90f4,
,,,,79d0e32e-5309-11e4-aaab-000b6a4d90f4,
,,,,79d1d4d8-5309-11e4-aaab-000b6a4d90f4,
,,,,79d2477e-5309-11e4-aaab-000b6a4d90f4,
,,,,79d2bb33-5309-11e4-aaab-000b6a4d90f4,
,,,,79d32e3d-5309-11e4-aaab-000b6a4d90f4,
,,,,79d41ab8-5309-11e4-aaab-000b6a4d90f4,
,,,,79d48d34-5309-11e4-aaab-000b6a4d90f4,
,,,,79d50151-5309-11e4-aaab-000b6a4d90f4,
,,,,79d57423-5309-11e4-aaab-000b6a4d90f4,
,,,,79d62a43-5309-11e4-aaab-000b6a4d90f4,
,,,,79d69c68-5309-11e4-aaab-000b6a4d90f4,
,,,,79d7235a-5309-11e4-aaab-000b6a4d90f4,
,,,,79d7965d-5309-11e4-aaab-000b6a4d90f4,
,,,,79d80906-5309-11e4-aaab-000b6a4d90f4,
,,,,79d8f91d-5309-11e4-aaab-000b6a4d90f4,
,,,,79d9adac-5309-11e4-aaab-000b6a4d90f4,
,,,,79da20a1-5309-11e4-aaab-000b6a4d90f4,
,,,,79da92e8-5309-11e4-aaab-000b6a4d90f4,
,,,,79db46e1-5309-11e4-aaab-000b6a4d90f4,
,,,,79dbcdc8-5309-11e4-aaab-000b6a4d90f4,
,,,,79dc4113-5309-11e4-aaab-000b6a4d90f4,
,,,,79dcb48d-5309-11e4-aaab-000b6a4d90f4,
,,,,79dd86c1-5309-11e4-aaab-000b6a4d90f4,
,,,,79de1b51-5309-11e4-aaab-000b6a4d90f4,
,,,,79de8e51-5309-11e4-aaab-000b6a4d90f4,
,,,,79df007f-5309-11e4-aaab-000b6a4d90f4,
,,,,79dfe659-5309-11e4-aaab-000b6a4d90f4,
,,,,79e06e0d-5309-11e4-aaab-000b6a4d90f4,
,,,,79e0e192-5309-11e4-aaab-000b6a4d90f4,
,,,,79e154b6-5309-11e4-aaab-000b6a4d90f4,
,,,,79e226d8-5309-11e4-aaab-000b6a4d90f4,
,,,,79e2ae48-5309-11e4-aaab-000b6a4d90f4,
,,,,79e320d3-5309-11e4-aaab-000b6a4d90f4,
,,,,79e392c0-5309-11e4-aaab-000b6a4d90f4,
,,,,79e4419e-5309-11e4-aaab-000b6a4d90f4,
,,,,79e4caa3-5309-11e4-aaab-000b6a4d90f4,
,,,,79e58f40-5309-11e4-aaab-000b6a4d90f4,
,,,,79e61632-5309-11e4-aaab-000b6a4d90f4,
,,,,79e70158-5309-11e4-aaab-000b6a4d90f4,
,,,,79e7a36b-5309-11e4-aaab-000b6a4d90f4,
,,,,79e83b29-5309-11e4-aaab-000b6a4d90f4,
,,,,79e8ae90-5309-11e4-aaab-000b6a4d90f4,
,,,,79e984ec-5309-11e4-aaab-000b6a4d90f4,
,,,,79e9fa1f-5309-11e4-aaab-000b6a4d90f4,
,,,,79ea6bd8-5309-11e4-aaab-000b6a4d90f4,
,,,,79eadf98-5309-11e4-aaab-000b6a4d90f4,
,,,,79ebcc08-5309-11e4-aaab-000b6a4d90f4,
,,,,79ec4f12-5309-11e4-aaab-000b6a4d90f4,
,,,,79ecd84f-5309-11e4-aaab-000b6a4d90f4,
,,,,79ed4c5d-5309-11e4-aaab-000b6a4d90f4,
,,,,79edc01b-5309-11e4-aaab-000b6a4d90f4,
,,,,79ee5d3a-5309-11e4-aaab-000b6a4d90f4,
,,,,79ef4503-5309-11e4-aaab-000b6a4d90f4,
,,,,79efb867-5309-11e4-aaab-000b6a4d90f4,
,,,,79f02af4-5309-11e4-aaab-000b6a4d90f4,
,,,,79f10330-5309-11e4-aaab-000b6a4d90f4,
,,,,79f24f38-5309-11e4-aaab-000b6a4d90f4,
,,,,79f3930a-5309-11e4-aaab-000b6a4d90f4,
,,,,79f46289-5309-11e4-aaab-000b6a4d90f4,
,,,,79f5b16c-5309-11e4-aaab-000b6a4d90f4,
,,,,79f6d95b-5309-11e4-aaab-000b6a4d90f4,
,,,,79f7610e-5309-11e4-aaab-000b6a4d90f4,
,,,,79f7d55f-5309-11e4-aaab-000b6a4d90f4,
,,,,79f84851-5309-11e4-aaab-000b6a4d90f4,
,,,,79f91bea-5309-11e4-aaab-000b6a4d90f4,
,,,,79f9a1ff-5309-11e4-aaab-000b6a4d90f4,
,,,,79fa374b-5309-11e4-aaab-000b6a4d90f4,
,,,,79faaa4e-5309-11e4-aaab-000b6a4d90f4,
,,,,79fb9e34-5309-11e4-aaab-000b6a4d90f4,
,,,,79fc10a7-5309-11e4-aaab-000b6a4d90f4,
,,,,79fc83c3-5309-11e4-aaab-000b6a4d90f4,
,,,,79fd074e-5309-11e4-aaab-000b6a4d90f4,
,,,,79fea6ea-5309-11e4-aaab-000b6a4d90f4,
,,,,79ff1a1c-5309-11e4-aaab-000b6a4d90f4,
,,,,7a00302d-5309-11e4-aaab-000b6a4d90f4,
,,,,7a00cbc7-5309-11e4-aaab-000b6a4d90f4,
,,,,7a01547e-5309-11e4-aaab-000b6a4d90f4,
,,,,7a01c892-5309-11e4-aaab-000b6a4d90f4,
,,,,7a024f25-5309-11e4-aaab-000b6a4d90f4,
,,,,7a02c189-5309-11e4-aaab-000b6a4d90f4,
,,,,7a03bca2-5309-11e4-aaab-000b6a4d90f4,
,,,,7a043058-5309-11e4-aaab-000b6a4d90f4,
,,,,7a04bc7c-5309-11e4-aaab-000b6a4d90f4,
,,,,7a053039-5309-11e4-aaab-000b6a4d90f4,
,,,,7a06056d-5309-11e4-aaab-000b6a4d90f4,
,,,,7a068fb3-5309-11e4-aaab-000b6a4d90f4,
,,,,7a073305-5309-11e4-aaab-000b6a4d90f4,
,,,,7a07af53-5309-11e4-aaab-000b6a4d90f4,
,,,,7a0880c0-5309-11e4-aaab-000b6a4d90f4,
,,,,7a08f377-5309-11e4-aaab-000b6a4d90f4,
,,,,7a0965f0-5309-11e4-aaab-000b6a4d90f4,
,,,,7a09d9a6-5309-11e4-aaab-000b6a4d90f4,
,,,,7a0ac0c1-5309-11e4-aaab-000b6a4d90f4,
,,,,7a0b3205-5309-11e4-aaab-000b6a4d90f4,
,,,,7a0bb746-5309-11e4-aaab-000b6a4d90f4,
,,,,7a0c2b44-5309-11e4-aaab-000b6a4d90f4,
,,,,7a0ce8c4-5309-11e4-aaab-000b6a4d90f4,
,,,,7a0d5ac5-5309-11e4-aaab-000b6a4d90f4,
,,,,7a0df4ba-5309-11e4-aaab-000b6a4d90f4,
,,,,7a0e67c4-5309-11e4-aaab-000b6a4d90f4,
,,,,7a0edafc-5309-11e4-aaab-000b6a4d90f4,
,,,,7a0f4cd0-5309-11e4-aaab-000b6a4d90f4,
,,,,7a10341e-5309-11e4-aaab-000b6a4d90f4,
,,,,7a10cf95-5309-11e4-aaab-000b6a4d90f4,
,,,,7a114281-5309-11e4-aaab-000b6a4d90f4,
,,,,7a11b3f1-5309-11e4-aaab-000b6a4d90f4,
,,,,7a1272a1-5309-11e4-aaab-000b6a4d90f4,
,,,,7a12f72a-5309-11e4-aaab-000b6a4d90f4,
,,,,7a136a6a-5309-11e4-aaab-000b6a4d90f4,
,,,,7a13dbbe-5309-11e4-aaab-000b6a4d90f4,
,,,,7a14afa5-5309-11e4-aaab-000b6a4d90f4,
,,,,7a1536bb-5309-11e4-aaab-000b6a4d90f4,
,,,,7a15aa1a-5309-11e4-aaab-000b6a4d90f4,
,,,,7a161bd5-5309-11e4-aaab-000b6a4d90f4,
,,,,7a168e92-5309-11e4-aaab-000b6a4d90f4,
,,,,7a175e24-5309-11e4-aaab-000b6a4d90f4,
,,,,7a17d156-5309-11e4-aaab-000b6a4d90f4,
,,,,7a18429f-5309-11e4-aaab-000b6a4d90f4,
,,,,7a18b4f1-5309-11e4-aaab-000b6a4d90f4,
,,,,7a198c13-5309-11e4-aaab-000b6a4d90f4,
,,,,7a19ff34-5309-11e4-aaab-000b6a4d90f4,
,,,,7a1a82f4-5309-11e4-aaab-000b6a4d90f4,
,,,,7a1af724-5309-11e4-aaab-000b6a4d90f4,
,,,,7a1b699a-5309-11e4-aaab-000b6a4d90f4,
,,,,7a1bdc6a-5309-11e4-aaab-000b6a4d90f4,
,,,,7a1cd298-5309-11e4-aaab-000b6a4d90f4,
,,,,7a1d4592-5309-11e4-aaab-000b6a4d90f4,
,,,,7a1db88f-5309-11e4-aaab-000b6a4d90f4,
,,,,7a1e2b1f-5309-11e4-aaab-000b6a4d90f4,
,,,,7a1f0031-5309-11e4-aaab-000b6a4d90f4,
,,,,7a1fa650-5309-11e4-aaab-000b6a4d90f4,
,,,,7a2019ba-5309-11e4-aaab-000b6a4d90f4,
,,,,7a208c1a-5309-11e4-aaab-000b6a4d90f4,
,,,,7a20fe3a-5309-11e4-aaab-000b6a4d90f4,
,,,,7a21ebab-5309-11e4-aaab-000b6a4d90f4,
,,,,7a225e1c-5309-11e4-aaab-000b6a4d90f4,
,,,,7a22d0c2-5309-11e4-aaab-000b6a4d90f4,
,,,,7a23d3c8-5309-11e4-aaab-000b6a4d90f4,
,,,,7a24615f-5309-11e4-aaab-000b6a4d90f4,
,,,,7a24d462-5309-11e4-aaab-000b6a4d90f4,
,,,,7a2545d7-5309-11e4-aaab-000b6a4d90f4,
,,,,7a2612b7-5309-11e4-aaab-000b6a4d90f4,
,,,,7a268ba4-5309-11e4-aaab-000b6a4d90f4,
,,,,7a26ff45-5309-11e4-aaab-000b6a4d90f4,
,,,,7a278443-5309-11e4-aaab-000b6a4d90f4,
,,,,7a27f72f-5309-11e4-aaab-000b6a4d90f4,
,,,,7a2869b7-5309-11e4-aaab-000b6a4d90f4,
,,,,7a28dd96-5309-11e4-aaab-000b6a4d90f4,
,,,,7a29aede-5309-11e4-aaab-000b6a4d90f4,
,,,,7a2a215b-5309-11e4-aaab-000b6a4d90f4,
,,,,7a2a937d-5309-11e4-aaab-000b6a4d90f4,
,,,,7a2b1a9a-5309-11e4-aaab-000b6a4d90f4,
,,,,7a2befc5-5309-11e4-aaab-000b6a4d90f4,
,,,,7a2c8796-5309-11e4-aaab-000b6a4d90f4,
,,,,7a2d0fa0-5309-11e4-aaab-000b6a4d90f4,
,,,,7a2d8297-5309-11e4-aaab-000b6a4d90f4,
,,,,7a2e3b22-5309-11e4-aaab-000b6a4d90f4,
,,,,7a2ec16a-5309-11e4-aaab-000b6a4d90f4,
,,,,7a2f34d1-5309-11e4-aaab-000b6a4d90f4,
,,,,7a2fa73f-5309-11e4-aaab-000b6a4d90f4,
,,,,7a3039ef-5309-11e4-aaab-000b6a4d90f4,
,,,,7a313295-5309-11e4-aaab-000b6a4d90f4,
,,,,7a31a500-5309-11e4-aaab-000b6a4d90f4,
,,,,7a321726-5309-11e4-aaab-000b6a4d90f4,
,,,,7a32f847-5309-11e4-aaab-000b6a4d90f4,
,,,,7a336c98-5309-11e4-aaab-000b6a4d90f4,
,,,,7a33df0f-5309-11e4-aaab-000b6a4d90f4,
,,,,7a34510d-5309-11e4-aaab-000b6a4d90f4,
,,,,7a34c2b3-5309-11e4-aaab-000b6a4d90f4,
,,,,7a354b40-5309-11e4-aaab-000b6a4d90f4,
,,,,7a35c7f8-5309-11e4-aaab-000b6a4d90f4,
,,,,7a363a9e-5309-11e4-aaab-000b6a4d90f4,
,,,,7a371132-5309-11e4-aaab-000b6a4d90f4,
,,,,7a3795c9-5309-11e4-aaab-000b6a4d90f4,
,,,,7a380810-5309-11e4-aaab-000b6a4d90f4,
,,,,7a387ab6-5309-11e4-aaab-000b6a4d90f4,
,,,,7a393246-5309-11e4-aaab-000b6a4d90f4,
,,,,7a39b965-5309-11e4-aaab-000b6a4d90f4,
,,,,7a3a2bf5-5309-11e4-aaab-000b6a4d90f4,
,,,,7a3a9dfe-5309-11e4-aaab-000b6a4d90f4,
,,,,7a3b7ce8-5309-11e4-aaab-000b6a4d90f4,
,,,,7a3c0341-5309-11e4-aaab-000b6a4d90f4,
,,,,7a3c7683-5309-11e4-aaab-000b6a4d90f4,
,,,,7a3ce8ba-5309-11e4-aaab-000b6a4d90f4,
,,,,7a3da118-5309-11e4-aaab-000b6a4d90f4,
,,,,7a3e5066-5309-11e4-aaab-000b6a4d90f4,
,,,,7a3ec338-5309-11e4-aaab-000b6a4d90f4,
,,,,7a3f348d-5309-11e4-aaab-000b6a4d90f4,
,,,,7a401b60-5309-11e4-aaab-000b6a4d90f4,
,,,,7a408eab-5309-11e4-aaab-000b6a4d90f4,
,,,,7a410116-5309-11e4-aaab-000b6a4d90f4,
,,,,7a4173fd-5309-11e4-aaab-000b6a4d90f4,
,,,,7a422d9d-5309-11e4-aaab-000b6a4d90f4,
,,,,7a42b5f7-5309-11e4-aaab-000b6a4d90f4,
,,,,7a4327c3-5309-11e4-aaab-000b6a4d90f4,
,,,,7a43abf3-5309-11e4-aaab-000b6a4d90f4,
,,,,7a447dfc-5309-11e4-aaab-000b6a4d90f4,
,,,,7a4505e4-5309-11e4-aaab-000b6a4d90f4,
,,,,7a45789e-5309-11e4-aaab-000b6a4d90f4,
,,,,7a45e9b2-5309-11e4-aaab-000b6a4d90f4,
,,,,7a46b29f-5309-11e4-aaab-000b6a4d90f4,
,,,,7a473d6e-5309-11e4-aaab-000b6a4d90f4,
,,,,7a47b101-5309-11e4-aaab-000b6a4d90f4,
,,,,7a485ba0-5309-11e4-aaab-000b6a4d90f4,
,,,,7a491a5e-5309-11e4-aaab-000b6a4d90f4,
,,,,7a49a1e2-5309-11e4-aaab-000b6a4d90f4,
,,,,7a4a1442-5309-11e4-aaab-000b6a4d90f4,
,,,,7a4a8617-5309-11e4-aaab-000b6a4d90f4,
,,,,7a4b6809-5309-11e4-aaab-000b6a4d90f4,
,,,,7a4bef69-5309-11e4-aaab-000b6a4d90f4,
,,,,7a4c607f-5309-11e4-aaab-000b6a4d90f4,
,,,,7a4cd3ab-5309-11e4-aaab-000b6a4d90f4,
,,,,7a4d8b0c-5309-11e4-aaab-000b6a4d90f4,
,,,,7a4dff5b-5309-11e4-aaab-000b6a4d90f4,
,,,,7a4e8339-5309-11e4-aaab-000b6a4d90f4,
,,,,7a4ef5ad-5309-11e4-aaab-000b6a4d90f4,
,,,,7a4f8ab9-5309-11e4-aaab-000b6a4d90f4,
,,,,7a4ffd6d-5309-11e4-aaab-000b6a4d90f4,
,,,,7a50e6c8-5309-11e4-aaab-000b6a4d90f4,
,,,,7a5158c9-5309-11e4-aaab-000b6a4d90f4,
,,,,7a51cb2f-5309-11e4-aaab-000b6a4d90f4,
,,,,7a523dde-5309-11e4-aaab-000b6a4d90f4,
,,,,7a530b41-5309-11e4-aaab-000b6a4d90f4,
,,,,7a537e35-5309-11e4-aaab-000b6a4d90f4,
,,,,7a53f1c1-5309-11e4-aaab-000b6a4d90f4,
,,,,7a546382-5309-11e4-aaab-000b6a4d90f4,
,,,,7a554b67-5309-11e4-aaab-000b6a4d90f4,
,,,,7a55d1c2-5309-11e4-aaab-000b6a4d90f4,
,,,,7a5643fb-5309-11e4-aaab-000b6a4d90f4,
,,,,7a56b6aa-5309-11e4-aaab-000b6a4d90f4,
,,,,7a57b013-5309-11e4-aaab-000b6a4d90f4,
,,,,7a582382-5309-11e4-aaab-000b6a4d90f4,
,,,,7a589591-5309-11e4-aaab-000b6a4d90f4,
,,,,7a5908b5-5309-11e4-aaab-000b6a4d90f4,
,,,,7a59f0a2-5309-11e4-aaab-000b6a4d90f4,
,,,,7a5a7585-5309-11e4-aaab-000b6a4d90f4,
,,,,7a5ae8ff-5309-11e4-aaab-000b6a4d90f4,
,,,,7a5b5ad4-5309-11e4-aaab-000b6a4d90f4,
,,,,7a5bcbb8-5309-11e4-aaab-000b6a4d90f4,
,,,,7a5c895c-5309-11e4-aaab-000b6a4d90f4,
,,,,7a5d17b4-5309-11e4-aaab-000b6a4d90f4,
,,,,7a5d8a07-5309-11e4-aaab-000b6a4d90f4,
,,,,7a5dfb01-5309-11e4-aaab-000b6a4d90f4,
,,,,7a5ee013-5309-11e4-aaab-000b6a4d90f4,
,,,,7a5f67d1-5309-11e4-aaab-000b6a4d90f4,
,,,,7a5fd9f4-5309-11e4-aaab-000b6a4d90f4,
,,,,7a604c5f-5309-11e4-aaab-000b6a4d90f4,
,,,,7a60e083-5309-11e4-aaab-000b6a4d90f4,
