Чеснок,146,30,,5e136ed7-54aa-11e4-8592-000b6a4d90f4
Шпинат,17,30,,5e15594d-54aa-11e4-8592-000b6a4d90f4
Щавель,21,30,,5e15c9c7-54aa-11e4-8592-000b6a4d90f4
Хрен,67,30,,5e1639dc-54aa-11e4-8592-000b6a4d90f4
Укроп,28,30,,5e16a9cb-54aa-11e4-8592-000b6a4d90f4
Лук репчатый,30,30,,5e1718fe-54aa-11e4-8592-000b6a4d90f4
Лук-порей,24,30,,5e17a8ab-54aa-11e4-8592-000b6a4d90f4
Зеленый лук,29,30,,5e18194a-54aa-11e4-8592-000b6a4d90f4
Цикорий,21,30,,5e189eed-54aa-11e4-8592-000b6a4d90f4
,,,,5e192545-54aa-11e4-8592-000b6a4d90f4
,,,,5e1995a6-54aa-11e4-8592-000b6a4d90f4
,,,,5e1a184c-54aa-11e4-8592-000b6a4d90f4
,,,,5e1aa81e-54aa-11e4-8592-000b6a4d90f4
,,,,5e1b439a-54aa-11e4-8592-000b6a4d90f4
,,,,5e1bf981-54aa-11e4-8592-000b6a4d90f4
,,,,5e1c6c4b-54aa-11e4-8592-000b6a4d90f4
,,,,5e1cdcea-54aa-11e4-8592-000b6a4d90f4
,,,,5e1d4d02-54aa-11e4-8592-000b6a4d90f4
,,,,5e1dbc35-54aa-11e4-8592-000b6a4d90f4
,,,,5e1e3a9a-54aa-11e4-8592-000b6a4d90f4
,,,,5e1ed8f4-54aa-11e4-8592-000b6a4d90f4
,,,,5e1f49c8-54aa-11e4-8592-000b6a4d90f4
,,,,5e1fcddb-54aa-11e4-8592-000b6a4d90f4
,,,,5e203ea7-54aa-11e4-8592-000b6a4d90f4
,,,,5e20b014-54aa-11e4-8592-000b6a4d90f4
,,,,5e2120b2-54aa-11e4-8592-000b6a4d90f4
,,,,5e219143-54aa-11e4-8592-000b6a4d90f4
,,,,5e220028-54aa-11e4-8592-000b6a4d90f4
,,,,5e227133-54aa-11e4-8592-000b6a4d90f4
,,,,5e22f860-54aa-11e4-8592-000b6a4d90f4
,,,,5e2385ce-54aa-11e4-8592-000b6a4d90f4
,,,,5e240833-54aa-11e4-8592-000b6a4d90f4
,,,,5e247928-54aa-11e4-8592-000b6a4d90f4
,,,,5e24e9ee-54aa-11e4-8592-000b6a4d90f4
,,,,5e255ab1-54aa-11e4-8592-000b6a4d90f4
,,,,5e25cb63-54aa-11e4-8592-000b6a4d90f4
,,,,5e265223-54aa-11e4-8592-000b6a4d90f4
,,,,5e26d5ee-54aa-11e4-8592-000b6a4d90f4
,,,,5e275c7b-54aa-11e4-8592-000b6a4d90f4
,,,,5e28c97b-54aa-11e4-8592-000b6a4d90f4
,,,,5e29d08d-54aa-11e4-8592-000b6a4d90f4
,,,,5e2acd98-54aa-11e4-8592-000b6a4d90f4
,,,,5e2bd845-54aa-11e4-8592-000b6a4d90f4
,,,,5e2d682a-54aa-11e4-8592-000b6a4d90f4
,,,,5e2ddb4e-54aa-11e4-8592-000b6a4d90f4
,,,,5e2e7a0a-54aa-11e4-8592-000b6a4d90f4
,,,,5e2ee9e8-54aa-11e4-8592-000b6a4d90f4
,,,,5e2f5bfd-54aa-11e4-8592-000b6a4d90f4
,,,,5e2fcd06-54aa-11e4-8592-000b6a4d90f4
,,,,5e3071b2-54aa-11e4-8592-000b6a4d90f4
,,,,5e311a8c-54aa-11e4-8592-000b6a4d90f4
,,,,5e318c29-54aa-11e4-8592-000b6a4d90f4
,,,,5e3212c2-54aa-11e4-8592-000b6a4d90f4
,,,,5e3284cb-54aa-11e4-8592-000b6a4d90f4
,,,,5e32f758-54aa-11e4-8592-000b6a4d90f4
,,,,5e33672b-54aa-11e4-8592-000b6a4d90f4
,,,,5e33d916-54aa-11e4-8592-000b6a4d90f4
,,,,5e344a3a-54aa-11e4-8592-000b6a4d90f4
,,,,5e34bcc2-54aa-11e4-8592-000b6a4d90f4
,,,,5e352d15-54aa-11e4-8592-000b6a4d90f4
,,,,5e359d70-54aa-11e4-8592-000b6a4d90f4
,,,,5e361362-54aa-11e4-8592-000b6a4d90f4
,,,,5e368497-54aa-11e4-8592-000b6a4d90f4
,,,,5e36f68b-54aa-11e4-8592-000b6a4d90f4
,,,,5e37ac8b-54aa-11e4-8592-000b6a4d90f4
,,,,5e381f29-54aa-11e4-8592-000b6a4d90f4
,,,,5e3890a7-54aa-11e4-8592-000b6a4d90f4
,,,,5e3903fa-54aa-11e4-8592-000b6a4d90f4
,,,,5e397508-54aa-11e4-8592-000b6a4d90f4
,,,,5e39e4e6-54aa-11e4-8592-000b6a4d90f4
,,,,5e3a561b-54aa-11e4-8592-000b6a4d90f4
,,,,5e3afafa-54aa-11e4-8592-000b6a4d90f4
,,,,5e3b6d8c-54aa-11e4-8592-000b6a4d90f4
,,,,5e3bde79-54aa-11e4-8592-000b6a4d90f4
,,,,5e3c4fba-54aa-11e4-8592-000b6a4d90f4
,,,,5e3cc1ea-54aa-11e4-8592-000b6a4d90f4
,,,,5e3d3363-54aa-11e4-8592-000b6a4d90f4
,,,,5e3da527-54aa-11e4-8592-000b6a4d90f4
,,,,5e3e1659-54aa-11e4-8592-000b6a4d90f4
,,,,5e3e8780-54aa-11e4-8592-000b6a4d90f4
,,,,5e3f0eb0-54aa-11e4-8592-000b6a4d90f4
,,,,5e3f833f-54aa-11e4-8592-000b6a4d90f4
,,,,5e3ff4f8-54aa-11e4-8592-000b6a4d90f4
,,,,5e40683d-54aa-11e4-8592-000b6a4d90f4
,,,,5e40d9df-54aa-11e4-8592-000b6a4d90f4
,,,,5e414c08-54aa-11e4-8592-000b6a4d90f4
,,,,5e41bd8b-54aa-11e4-8592-000b6a4d90f4
,,,,5e422ec6-54aa-11e4-8592-000b6a4d90f4
,,,,5e42b1dc-54aa-11e4-8592-000b6a4d90f4
,,,,5e434de0-54aa-11e4-8592-000b6a4d90f4
,,,,5e43bf8e-54aa-11e4-8592-000b6a4d90f4
,,,,5e44314c-54aa-11e4-8592-000b6a4d90f4
,,,,5e44a19a-54aa-11e4-8592-000b6a4d90f4
,,,,5e45135b-54aa-11e4-8592-000b6a4d90f4
,,,,5e462525-54aa-11e4-8592-000b6a4d90f4
,,,,5e46b5c2-54aa-11e4-8592-000b6a4d90f4
,,,,5e47272f-54aa-11e4-8592-000b6a4d90f4
,,,,5e479889-54aa-11e4-8592-000b6a4d90f4
,,,,5e480a0c-54aa-11e4-8592-000b6a4d90f4
,,,,5e487bcb-54aa-11e4-8592-000b6a4d90f4
,,,,5e48ef5e-54aa-11e4-8592-000b6a4d90f4
,,,,5e496149-54aa-11e4-8592-000b6a4d90f4
,,,,5e49d2f1-54aa-11e4-8592-000b6a4d90f4
,,,,5e4a44aa-54aa-11e4-8592-000b6a4d90f4
,,,,5e4ae405-54aa-11e4-8592-000b6a4d90f4
,,,,5e4b551f-54aa-11e4-8592-000b6a4d90f4
,,,,5e4bc8dc-54aa-11e4-8592-000b6a4d90f4
,,,,5e4c39b0-54aa-11e4-8592-000b6a4d90f4
,,,,5e4cab4c-54aa-11e4-8592-000b6a4d90f4
,,,,5e4d1cd0-54aa-11e4-8592-000b6a4d90f4
,,,,5e4d8da9-54aa-11e4-8592-000b6a4d90f4
,,,,5e4e13db-54aa-11e4-8592-000b6a4d90f4
,,,,5e4e8e89-54aa-11e4-8592-000b6a4d90f4
,,,,5e4f00fd-54aa-11e4-8592-000b6a4d90f4
,,,,5e4f71d0-54aa-11e4-8592-000b6a4d90f4
,,,,5e4ff6d4-54aa-11e4-8592-000b6a4d90f4
,,,,5e5068c2-54aa-11e4-8592-000b6a4d90f4
,,,,5e50dab8-54aa-11e4-8592-000b6a4d90f4
,,,,5e514c25-54aa-11e4-8592-000b6a4d90f4
,,,,5e51bc0e-54aa-11e4-8592-000b6a4d90f4
,,,,5e525ecc-54aa-11e4-8592-000b6a4d90f4
,,,,5e52d0db-54aa-11e4-8592-000b6a4d90f4
,,,,5e5341e6-54aa-11e4-8592-000b6a4d90f4
,,,,5e53b428-54aa-11e4-8592-000b6a4d90f4
,,,,5e542501-54aa-11e4-8592-000b6a4d90f4
,,,,5e549669-54aa-11e4-8592-000b6a4d90f4
,,,,5e550e00-54aa-11e4-8592-000b6a4d90f4
,,,,5e557f87-54aa-11e4-8592-000b6a4d90f4
,,,,5e55f1c5-54aa-11e4-8592-000b6a4d90f4
,,,,5e566259-54aa-11e4-8592-000b6a4d90f4
,,,,5e56d462-54aa-11e4-8592-000b6a4d90f4
,,,,5e574645-54aa-11e4-8592-000b6a4d90f4
,,,,5e57b830-54aa-11e4-8592-000b6a4d90f4
,,,,5e582aec-54aa-11e4-8592-000b6a4d90f4
,,,,5e589c4e-54aa-11e4-8592-000b6a4d90f4
,,,,5e590d2d-54aa-11e4-8592-000b6a4d90f4
,,,,5e59bef2-54aa-11e4-8592-000b6a4d90f4
,,,,5e5a46aa-54aa-11e4-8592-000b6a4d90f4
,,,,5e5ab86b-54aa-11e4-8592-000b6a4d90f4
,,,,5e5b29a3-54aa-11e4-8592-000b6a4d90f4
,,,,5e5bd4a1-54aa-11e4-8592-000b6a4d90f4
,,,,5e5c4657-54aa-11e4-8592-000b6a4d90f4
,,,,5e5ce4e4-54aa-11e4-8592-000b6a4d90f4
,,,,5e5d55d6-54aa-11e4-8592-000b6a4d90f4
,,,,5e5ded89-54aa-11e4-8592-000b6a4d90f4
,,,,5e5e7d63-54aa-11e4-8592-000b6a4d90f4
,,,,5e5efa91-54aa-11e4-8592-000b6a4d90f4
,,,,5e5f6c55-54aa-11e4-8592-000b6a4d90f4
,,,,5e5ff3b4-54aa-11e4-8592-000b6a4d90f4
,,,,5e60925d-54aa-11e4-8592-000b6a4d90f4
,,,,5e6105ed-54aa-11e4-8592-000b6a4d90f4
,,,,5e61785e-54aa-11e4-8592-000b6a4d90f4
,,,,5e61e99f-54aa-11e4-8592-000b6a4d90f4
,,,,5e625b4c-54aa-11e4-8592-000b6a4d90f4
,,,,5e62cd86-54aa-11e4-8592-000b6a4d90f4
,,,,5e633d9b-54aa-11e4-8592-000b6a4d90f4
,,,,5e63dac3-54aa-11e4-8592-000b6a4d90f4
,,,,5e646eec-54aa-11e4-8592-000b6a4d90f4
,,,,5e64e195-54aa-11e4-8592-000b6a4d90f4
,,,,5e65a89e-54aa-11e4-8592-000b6a4d90f4
,,,,5e665520-54aa-11e4-8592-000b6a4d90f4
,,,,5e66c6d3-54aa-11e4-8592-000b6a4d90f4
,,,,5e6738f9-54aa-11e4-8592-000b6a4d90f4
,,,,5e67a9d8-54aa-11e4-8592-000b6a4d90f4
,,,,5e681b5e-54aa-11e4-8592-000b6a4d90f4
,,,,5e688d5a-54aa-11e4-8592-000b6a4d90f4
,,,,5e690cf4-54aa-11e4-8592-000b6a4d90f4
,,,,5e697f03-54aa-11e4-8592-000b6a4d90f4
,,,,5e6a027a-54aa-11e4-8592-000b6a4d90f4
,,,,5e6a75bd-54aa-11e4-8592-000b6a4d90f4
,,,,5e6ae7be-54aa-11e4-8592-000b6a4d90f4
,,,,5e6b591a-54aa-11e4-8592-000b6a4d90f4
,,,,5e6bcb0b-54aa-11e4-8592-000b6a4d90f4
,,,,5e6c3bea-54aa-11e4-8592-000b6a4d90f4
,,,,5e6cad68-54aa-11e4-8592-000b6a4d90f4
,,,,5e6d1f88-54aa-11e4-8592-000b6a4d90f4
,,,,5e6da680-54aa-11e4-8592-000b6a4d90f4
,,,,5e6e184c-54aa-11e4-8592-000b6a4d90f4
,,,,5e6e8a39-54aa-11e4-8592-000b6a4d90f4
,,,,5e6efb4d-54aa-11e4-8592-000b6a4d90f4
,,,,5e6f6d51-54aa-11e4-8592-000b6a4d90f4
,,,,5e6fdeb9-54aa-11e4-8592-000b6a4d90f4
,,,,5e7050c8-54aa-11e4-8592-000b6a4d90f4
,,,,5e70d892-54aa-11e4-8592-000b6a4d90f4
,,,,5e714a1b-54aa-11e4-8592-000b6a4d90f4
,,,,5e71bc8c-54aa-11e4-8592-000b6a4d90f4
,,,,5e7243b9-54aa-11e4-8592-000b6a4d90f4
,,,,5e72b3f0-54aa-11e4-8592-000b6a4d90f4
,,,,5e732584-54aa-11e4-8592-000b6a4d90f4
,,,,5e739ad9-54aa-11e4-8592-000b6a4d90f4
,,,,5e740d1e-54aa-11e4-8592-000b6a4d90f4
,,,,5e747e88-54aa-11e4-8592-000b6a4d90f4
,,,,5e74efdc-54aa-11e4-8592-000b6a4d90f4
,,,,5e7560c3-54aa-11e4-8592-000b6a4d90f4
,,,,5e75e4d4-54aa-11e4-8592-000b6a4d90f4
,,,,5e7655fe-54aa-11e4-8592-000b6a4d90f4
,,,,5e76c82c-54aa-11e4-8592-000b6a4d90f4
,,,,5e773a30-54aa-11e4-8592-000b6a4d90f4
,,,,5e77ac02-54aa-11e4-8592-000b6a4d90f4
,,,,5e781dcc-54aa-11e4-8592-000b6a4d90f4
,,,,5e789236-54aa-11e4-8592-000b6a4d90f4
,,,,5e790390-54aa-11e4-8592-000b6a4d90f4
,,,,5e7974fa-54aa-11e4-8592-000b6a4d90f4
,,,,5e79e6cf-54aa-11e4-8592-000b6a4d90f4
,,,,5e7a7ae2-54aa-11e4-8592-000b6a4d90f4
,,,,5e7b07b6-54aa-11e4-8592-000b6a4d90f4
,,,,5e7b78a5-54aa-11e4-8592-000b6a4d90f4
,,,,5e7bead6-54aa-11e4-8592-000b6a4d90f4
,,,,5e7c5c11-54aa-11e4-8592-000b6a4d90f4
,,,,5e7ce87e-54aa-11e4-8592-000b6a4d90f4
,,,,5e7d6bea-54aa-11e4-8592-000b6a4d90f4
,,,,5e7ddcfe-54aa-11e4-8592-000b6a4d90f4
,,,,5e7e4f53-54aa-11e4-8592-000b6a4d90f4
,,,,5e7ec122-54aa-11e4-8592-000b6a4d90f4
,,,,5e7f32cc-54aa-11e4-8592-000b6a4d90f4
,,,,5e7fa339-54aa-11e4-8592-000b6a4d90f4
,,,,5e801476-54aa-11e4-8592-000b6a4d90f4
,,,,5e80863d-54aa-11e4-8592-000b6a4d90f4
,,,,5e80f7f3-54aa-11e4-8592-000b6a4d90f4
,,,,5e8169a3-54aa-11e4-8592-000b6a4d90f4
,,,,5e81daa9-54aa-11e4-8592-000b6a4d90f4
,,,,5e824d06-54aa-11e4-8592-000b6a4d90f4
,,,,5e82c309-54aa-11e4-8592-000b6a4d90f4
,,,,5e833430-54aa-11e4-8592-000b6a4d90f4
,,,,5e83a5e3-54aa-11e4-8592-000b6a4d90f4
,,,,5e842208-54aa-11e4-8592-000b6a4d90f4
,,,,5e84c75e-54aa-11e4-8592-000b6a4d90f4
,,,,5e85397c-54aa-11e4-8592-000b6a4d90f4
,,,,5e85ab93-54aa-11e4-8592-000b6a4d90f4
,,,,5e861d03-54aa-11e4-8592-000b6a4d90f4
,,,,5e868dfb-54aa-11e4-8592-000b6a4d90f4
,,,,5e870096-54aa-11e4-8592-000b6a4d90f4
,,,,5e877270-54aa-11e4-8592-000b6a4d90f4
,,,,5e87e485-54aa-11e4-8592-000b6a4d90f4
,,,,5e8880e6-54aa-11e4-8592-000b6a4d90f4
,,,,5e88f3bc-54aa-11e4-8592-000b6a4d90f4
,,,,5e8965af-54aa-11e4-8592-000b6a4d90f4
,,,,5e89d749-54aa-11e4-8592-000b6a4d90f4
,,,,5e8a4846-54aa-11e4-8592-000b6a4d90f4
,,,,5e8ab9fc-54aa-11e4-8592-000b6a4d90f4
,,,,5e8b44a4-54aa-11e4-8592-000b6a4d90f4
,,,,5e8bb622-54aa-11e4-8592-000b6a4d90f4
,,,,5e8c27c2-54aa-11e4-8592-000b6a4d90f4
,,,,5e8c9b31-54aa-11e4-8592-000b6a4d90f4
,,,,5e8d3b16-54aa-11e4-8592-000b6a4d90f4
,,,,5e8dad7e-54aa-11e4-8592-000b6a4d90f4
,,,,5e8e4c11-54aa-11e4-8592-000b6a4d90f4
,,,,5e8ebd19-54aa-11e4-8592-000b6a4d90f4
,,,,5e8ffc97-54aa-11e4-8592-000b6a4d90f4
,,,,5e909c68-54aa-11e4-8592-000b6a4d90f4
,,,,5e9173c5-54aa-11e4-8592-000b6a4d90f4
,,,,5e91ee22-54aa-11e4-8592-000b6a4d90f4
,,,,5e92601b-54aa-11e4-8592-000b6a4d90f4
,,,,5e92e80c-54aa-11e4-8592-000b6a4d90f4
,,,,5e935906-54aa-11e4-8592-000b6a4d90f4
,,,,5e93e9c2-54aa-11e4-8592-000b6a4d90f4
,,,,5e945cef-54aa-11e4-8592-000b6a4d90f4
,,,,5e94ce80-54aa-11e4-8592-000b6a4d90f4
,,,,5e95409d-54aa-11e4-8592-000b6a4d90f4
,,,,5e95cf2e-54aa-11e4-8592-000b6a4d90f4
,,,,5e9681a8-54aa-11e4-8592-000b6a4d90f4
,,,,5e97078e-54aa-11e4-8592-000b6a4d90f4
,,,,5e97787b-54aa-11e4-8592-000b6a4d90f4
,,,,5e982aa4-54aa-11e4-8592-000b6a4d90f4
,,,,5e989dd8-54aa-11e4-8592-000b6a4d90f4
,,,,5e990fb0-54aa-11e4-8592-000b6a4d90f4
,,,,5e99b0b7-54aa-11e4-8592-000b6a4d90f4
,,,,5e9a38b8-54aa-11e4-8592-000b6a4d90f4
,,,,5e9ad21e-54aa-11e4-8592-000b6a4d90f4
,,,,5e9b5b3f-54aa-11e4-8592-000b6a4d90f4
,,,,5e9bcc1b-54aa-11e4-8592-000b6a4d90f4
,,,,5e9c3cd6-54aa-11e4-8592-000b6a4d90f4
,,,,5e9d2350-54aa-11e4-8592-000b6a4d90f4
,,,,5e9dbe38-54aa-11e4-8592-000b6a4d90f4
,,,,5e9e2f97-54aa-11e4-8592-000b6a4d90f4
,,,,5e9ea14d-54aa-11e4-8592-000b6a4d90f4
,,,,5e9f12e7-54aa-11e4-8592-000b6a4d90f4
,,,,5e9f857f-54aa-11e4-8592-000b6a4d90f4
,,,,5ea0094f-54aa-11e4-8592-000b6a4d90f4
,,,,5ea079dd-54aa-11e4-8592-000b6a4d90f4
,,,,5ea0eb0a-54aa-11e4-8592-000b6a4d90f4
,,,,5ea161a0-54aa-11e4-8592-000b6a4d90f4
,,,,5ea1d39f-54aa-11e4-8592-000b6a4d90f4
,,,,5ea2454c-54aa-11e4-8592-000b6a4d90f4
,,,,5ea2b61d-54aa-11e4-8592-000b6a4d90f4
,,,,5ea327a9-54aa-11e4-8592-000b6a4d90f4
,,,,5ea3990e-54aa-11e4-8592-000b6a4d90f4
,,,,5ea40b1a-54aa-11e4-8592-000b6a4d90f4
,,,,5ea4c80e-54aa-11e4-8592-000b6a4d90f4
,,,,5ea55151-54aa-11e4-8592-000b6a4d90f4
,,,,5ea5c2c1-54aa-11e4-8592-000b6a4d90f4
,,,,5ea63524-54aa-11e4-8592-000b6a4d90f4
,,,,5ea6a6f9-54aa-11e4-8592-000b6a4d90f4
,,,,5ea7346f-54aa-11e4-8592-000b6a4d90f4
,,,,5ea7a78a-54aa-11e4-8592-000b6a4d90f4
,,,,5ea8191f-54aa-11e4-8592-000b6a4d90f4
,,,,5ea88b07-54aa-11e4-8592-000b6a4d90f4
,,,,5ea8fc50-54aa-11e4-8592-000b6a4d90f4
,,,,5ea96df7-54aa-11e4-8592-000b6a4d90f4
,,,,5ea9dfd4-54aa-11e4-8592-000b6a4d90f4
,,,,5eaa545b-54aa-11e4-8592-000b6a4d90f4
,,,,5eaac79e-54aa-11e4-8592-000b6a4d90f4
,,,,5eab395c-54aa-11e4-8592-000b6a4d90f4
,,,,5eabaabe-54aa-11e4-8592-000b6a4d90f4
,,,,5eac1dba-54aa-11e4-8592-000b6a4d90f4
,,,,5eac909b-54aa-11e4-8592-000b6a4d90f4
,,,,5ead0317-54aa-11e4-8592-000b6a4d90f4
,,,,5ead7559-54aa-11e4-8592-000b6a4d90f4
,,,,5eadfd55-54aa-11e4-8592-000b6a4d90f4
,,,,5eae703e-54aa-11e4-8592-000b6a4d90f4
,,,,5eaf0020-54aa-11e4-8592-000b6a4d90f4
,,,,5eaf7272-54aa-11e4-8592-000b6a4d90f4
,,,,5eb02347-54aa-11e4-8592-000b6a4d90f4
,,,,5eb099dd-54aa-11e4-8592-000b6a4d90f4
,,,,5eb10bc3-54aa-11e4-8592-000b6a4d90f4
,,,,5eb17e7c-54aa-11e4-8592-000b6a4d90f4
,,,,5eb2056f-54aa-11e4-8592-000b6a4d90f4
,,,,5eb277b3-54aa-11e4-8592-000b6a4d90f4
,,,,5eb2eaea-54aa-11e4-8592-000b6a4d90f4
,,,,5eb35d05-54aa-11e4-8592-000b6a4d90f4
,,,,5eb3d063-54aa-11e4-8592-000b6a4d90f4
,,,,5eb4428c-54aa-11e4-8592-000b6a4d90f4
,,,,5eb4d48c-54aa-11e4-8592-000b6a4d90f4
,,,,5eb5481a-54aa-11e4-8592-000b6a4d90f4
,,,,5eb5ba50-54aa-11e4-8592-000b6a4d90f4
,,,,5eb62bf2-54aa-11e4-8592-000b6a4d90f4
,,,,5eb69e26-54aa-11e4-8592-000b6a4d90f4
,,,,5eb71120-54aa-11e4-8592-000b6a4d90f4
,,,,5eb783d7-54aa-11e4-8592-000b6a4d90f4
,,,,5eb7f65e-54aa-11e4-8592-000b6a4d90f4
,,,,5eb867df-54aa-11e4-8592-000b6a4d90f4
,,,,5eb9081d-54aa-11e4-8592-000b6a4d90f4
,,,,5eb9d4cb-54aa-11e4-8592-000b6a4d90f4
,,,,5eba8c5b-54aa-11e4-8592-000b6a4d90f4
,,,,5ebaffbf-54aa-11e4-8592-000b6a4d90f4
,,,,5ebb84ef-54aa-11e4-8592-000b6a4d90f4
,,,,5ebc108d-54aa-11e4-8592-000b6a4d90f4
,,,,5ebc956f-54aa-11e4-8592-000b6a4d90f4
,,,,5ebd078a-54aa-11e4-8592-000b6a4d90f4
,,,,5ebd7a62-54aa-11e4-8592-000b6a4d90f4
,,,,5ebe2a5f-54aa-11e4-8592-000b6a4d90f4
,,,,5ebeaf85-54aa-11e4-8592-000b6a4d90f4
,,,,5ebf49a4-54aa-11e4-8592-000b6a4d90f4
,,,,5ebfed68-54aa-11e4-8592-000b6a4d90f4
,,,,5ec0774f-54aa-11e4-8592-000b6a4d90f4
,,,,5ec0e95e-54aa-11e4-8592-000b6a4d90f4
,,,,5ec15b70-54aa-11e4-8592-000b6a4d90f4
,,,,5ec21ce9-54aa-11e4-8592-000b6a4d90f4
,,,,5ec2ace2-54aa-11e4-8592-000b6a4d90f4
,,,,5ec33468-54aa-11e4-8592-000b6a4d90f4
,,,,5ec3d4fd-54aa-11e4-8592-000b6a4d90f4
,,,,5ec4b2d8-54aa-11e4-8592-000b6a4d90f4
,,,,5ec53e51-54aa-11e4-8592-000b6a4d90f4
,,,,5ec5c9b2-54aa-11e4-8592-000b6a4d90f4
,,,,5ec65f57-54aa-11e4-8592-000b6a4d90f4
,,,,5ec800d1-54aa-11e4-8592-000b6a4d90f4
,,,,5ec87430-54aa-11e4-8592-000b6a4d90f4
,,,,5ec8e761-54aa-11e4-8592-000b6a4d90f4
,,,,5ec95b1c-54aa-11e4-8592-000b6a4d90f4
,,,,5ec9cd36-54aa-11e4-8592-000b6a4d90f4
,,,,5eca6003-54aa-11e4-8592-000b6a4d90f4
,,,,5ecb0f34-54aa-11e4-8592-000b6a4d90f4
,,,,5ecb820f-54aa-11e4-8592-000b6a4d90f4
,,,,5ecbf56e-54aa-11e4-8592-000b6a4d90f4
,,,,5ecc68cf-54aa-11e4-8592-000b6a4d90f4
,,,,5eccdaf2-54aa-11e4-8592-000b6a4d90f4
,,,,5ecd4f6a-54aa-11e4-8592-000b6a4d90f4
,,,,5ecdeb40-54aa-11e4-8592-000b6a4d90f4
,,,,5ece5dc4-54aa-11e4-8592-000b6a4d90f4
,,,,5ececff2-54aa-11e4-8592-000b6a4d90f4
,,,,5ecf47a8-54aa-11e4-8592-000b6a4d90f4
,,,,5ecfbb12-54aa-11e4-8592-000b6a4d90f4
,,,,5ed02d3d-54aa-11e4-8592-000b6a4d90f4
,,,,5ed0c366-54aa-11e4-8592-000b6a4d90f4
,,,,5ed136bf-54aa-11e4-8592-000b6a4d90f4
,,,,5ed1a9e5-54aa-11e4-8592-000b6a4d90f4
,,,,5ed21ec5-54aa-11e4-8592-000b6a4d90f4
,,,,5ed29000-54aa-11e4-8592-000b6a4d90f4
,,,,5ed30401-54aa-11e4-8592-000b6a4d90f4
,,,,5ed37691-54aa-11e4-8592-000b6a4d90f4
,,,,5ed41ab1-54aa-11e4-8592-000b6a4d90f4
,,,,5ed48c89-54aa-11e4-8592-000b6a4d90f4
,,,,5ed4ff15-54aa-11e4-8592-000b6a4d90f4
,,,,5ed57226-54aa-11e4-8592-000b6a4d90f4
,,,,5ed5f76d-54aa-11e4-8592-000b6a4d90f4
,,,,5ed66ac8-54aa-11e4-8592-000b6a4d90f4
,,,,5ed6ddd0-54aa-11e4-8592-000b6a4d90f4
,,,,5ed7826c-54aa-11e4-8592-000b6a4d90f4
,,,,5ed7f512-54aa-11e4-8592-000b6a4d90f4
,,,,5ed89600-54aa-11e4-8592-000b6a4d90f4
,,,,5ed90ac7-54aa-11e4-8592-000b6a4d90f4
,,,,5ed97e70-54aa-11e4-8592-000b6a4d90f4
,,,,5ed9f1fc-54aa-11e4-8592-000b6a4d90f4
,,,,5eda7d8c-54aa-11e4-8592-000b6a4d90f4
,,,,5edaf100-54aa-11e4-8592-000b6a4d90f4
,,,,5edb6a06-54aa-11e4-8592-000b6a4d90f4
,,,,5edbef20-54aa-11e4-8592-000b6a4d90f4
,,,,5edc61f0-54aa-11e4-8592-000b6a4d90f4
,,,,5edcd4e5-54aa-11e4-8592-000b6a4d90f4
,,,,5edd4782-54aa-11e4-8592-000b6a4d90f4
,,,,5eddbf36-54aa-11e4-8592-000b6a4d90f4
,,,,5edeed6d-54aa-11e4-8592-000b6a4d90f4
,,,,5edf619a-54aa-11e4-8592-000b6a4d90f4
,,,,5edfd42a-54aa-11e4-8592-000b6a4d90f4
,,,,5ee05301-54aa-11e4-8592-000b6a4d90f4
,,,,5ee0c534-54aa-11e4-8592-000b6a4d90f4
,,,,5ee1387a-54aa-11e4-8592-000b6a4d90f4
,,,,5ee1aa7b-54aa-11e4-8592-000b6a4d90f4
,,,,5ee21dc6-54aa-11e4-8592-000b6a4d90f4
,,,,5ee2913d-54aa-11e4-8592-000b6a4d90f4
,,,,5ee3039e-54aa-11e4-8592-000b6a4d90f4
,,,,5ee37753-54aa-11e4-8592-000b6a4d90f4
,,,,5ee3fd25-54aa-11e4-8592-000b6a4d90f4
,,,,5ee470ab-54aa-11e4-8592-000b6a4d90f4
,,,,5ee4f8a9-54aa-11e4-8592-000b6a4d90f4
,,,,5ee581af-54aa-11e4-8592-000b6a4d90f4
,,,,5ee5f447-54aa-11e4-8592-000b6a4d90f4
,,,,5ee67937-54aa-11e4-8592-000b6a4d90f4
,,,,5ee6ec8a-54aa-11e4-8592-000b6a4d90f4
,,,,5ee7726b-54aa-11e4-8592-000b6a4d90f4
,,,,5ee7e5fe-54aa-11e4-8592-000b6a4d90f4
,,,,5ee857d0-54aa-11e4-8592-000b6a4d90f4
,,,,5ee8cad0-54aa-11e4-8592-000b6a4d90f4
,,,,5ee93dff-54aa-11e4-8592-000b6a4d90f4
,,,,5ee9b0f8-54aa-11e4-8592-000b6a4d90f4
,,,,5eea2465-54aa-11e4-8592-000b6a4d90f4
,,,,5eeab147-54aa-11e4-8592-000b6a4d90f4
,,,,5eeb2542-54aa-11e4-8592-000b6a4d90f4
,,,,5eeb9858-54aa-11e4-8592-000b6a4d90f4
,,,,5eec0b3e-54aa-11e4-8592-000b6a4d90f4
,,,,5eec7e24-54aa-11e4-8592-000b6a4d90f4
,,,,5eeceff6-54aa-11e4-8592-000b6a4d90f4
,,,,5eed62a2-54aa-11e4-8592-000b6a4d90f4
,,,,5eedd901-54aa-11e4-8592-000b6a4d90f4
,,,,5eee61e7-54aa-11e4-8592-000b6a4d90f4
,,,,5eeed4f2-54aa-11e4-8592-000b6a4d90f4
,,,,5eef80b0-54aa-11e4-8592-000b6a4d90f4
,,,,5ef00de6-54aa-11e4-8592-000b6a4d90f4
,,,,5ef08134-54aa-11e4-8592-000b6a4d90f4
,,,,5ef0f564-54aa-11e4-8592-000b6a4d90f4
,,,,5ef16829-54aa-11e4-8592-000b6a4d90f4
,,,,5ef1db79-54aa-11e4-8592-000b6a4d90f4
,,,,5ef24f34-54aa-11e4-8592-000b6a4d90f4
,,,,5ef2c2d5-54aa-11e4-8592-000b6a4d90f4
,,,,5ef3346c-54aa-11e4-8592-000b6a4d90f4
,,,,5ef3a6a5-54aa-11e4-8592-000b6a4d90f4
,,,,5ef41924-54aa-11e4-8592-000b6a4d90f4
,,,,5ef48d41-54aa-11e4-8592-000b6a4d90f4
,,,,5ef5007e-54aa-11e4-8592-000b6a4d90f4
,,,,5ef572bd-54aa-11e4-8592-000b6a4d90f4
,,,,5ef5e887-54aa-11e4-8592-000b6a4d90f4
,,,,5ef65b81-54aa-11e4-8592-000b6a4d90f4
,,,,5ef6ce73-54aa-11e4-8592-000b6a4d90f4
,,,,5ef742c4-54aa-11e4-8592-000b6a4d90f4
,,,,5ef7b477-54aa-11e4-8592-000b6a4d90f4
,,,,5ef828c0-54aa-11e4-8592-000b6a4d90f4
,,,,5ef89baa-54aa-11e4-8592-000b6a4d90f4
,,,,5ef90f05-54aa-11e4-8592-000b6a4d90f4
,,,,5ef9820d-54aa-11e4-8592-000b6a4d90f4
,,,,5ef9f481-54aa-11e4-8592-000b6a4d90f4
,,,,5efa679c-54aa-11e4-8592-000b6a4d90f4
,,,,5efaf32a-54aa-11e4-8592-000b6a4d90f4
,,,,5efb6762-54aa-11e4-8592-000b6a4d90f4
,,,,5efbda3a-54aa-11e4-8592-000b6a4d90f4
,,,,5efc4e62-54aa-11e4-8592-000b6a4d90f4
,,,,5efcc0cd-54aa-11e4-8592-000b6a4d90f4
,,,,5efd37c9-54aa-11e4-8592-000b6a4d90f4
,,,,5efdc085-54aa-11e4-8592-000b6a4d90f4
,,,,5efe3c96-54aa-11e4-8592-000b6a4d90f4
,,,,5efed866-54aa-11e4-8592-000b6a4d90f4
,,,,5eff4bf7-54aa-11e4-8592-000b6a4d90f4
,,,,5effc010-54aa-11e4-8592-000b6a4d90f4
,,,,5f00324c-54aa-11e4-8592-000b6a4d90f4
,,,,5f00a47d-54aa-11e4-8592-000b6a4d90f4
,,,,5f011824-54aa-11e4-8592-000b6a4d90f4
,,,,5f018b53-54aa-11e4-8592-000b6a4d90f4
,,,,5f01fe20-54aa-11e4-8592-000b6a4d90f4
,,,,5f0290ce-54aa-11e4-8592-000b6a4d90f4
,,,,5f0303c8-54aa-11e4-8592-000b6a4d90f4
,,,,5f037897-54aa-11e4-8592-000b6a4d90f4
,,,,5f03eb21-54aa-11e4-8592-000b6a4d90f4
,,,,5f045df7-54aa-11e4-8592-000b6a4d90f4
,,,,5f04d0e3-54aa-11e4-8592-000b6a4d90f4
,,,,5f0543a2-54aa-11e4-8592-000b6a4d90f4
,,,,5f05b72a-54aa-11e4-8592-000b6a4d90f4
,,,,5f062a59-54aa-11e4-8592-000b6a4d90f4
,,,,5f069cde-54aa-11e4-8592-000b6a4d90f4
,,,,5f072238-54aa-11e4-8592-000b6a4d90f4
,,,,5f0795d1-54aa-11e4-8592-000b6a4d90f4
,,,,5f080917-54aa-11e4-8592-000b6a4d90f4
,,,,5f087c80-54aa-11e4-8592-000b6a4d90f4
,,,,5f08ef18-54aa-11e4-8592-000b6a4d90f4
,,,,5f0963c6-54aa-11e4-8592-000b6a4d90f4
,,,,5f09ea1c-54aa-11e4-8592-000b6a4d90f4
,,,,5f0a78c8-54aa-11e4-8592-000b6a4d90f4
,,,,5f0aec45-54aa-11e4-8592-000b6a4d90f4
,,,,5f0b732f-54aa-11e4-8592-000b6a4d90f4
,,,,5f0be5f1-54aa-11e4-8592-000b6a4d90f4
,,,,5f0c5c7a-54aa-11e4-8592-000b6a4d90f4
,,,,5f0ccf8a-54aa-11e4-8592-000b6a4d90f4
,,,,5f0d44d4-54aa-11e4-8592-000b6a4d90f4
,,,,5f0de95a-54aa-11e4-8592-000b6a4d90f4
,,,,5f0e5c67-54aa-11e4-8592-000b6a4d90f4
,,,,5f0ed016-54aa-11e4-8592-000b6a4d90f4
,,,,5f0f42a3-54aa-11e4-8592-000b6a4d90f4
,,,,5f0fb62f-54aa-11e4-8592-000b6a4d90f4
,,,,5f102a51-54aa-11e4-8592-000b6a4d90f4
,,,,5f109e3e-54aa-11e4-8592-000b6a4d90f4
,,,,5f1111e2-54aa-11e4-8592-000b6a4d90f4
,,,,5f11840d-54aa-11e4-8592-000b6a4d90f4
,,,,5f121004-54aa-11e4-8592-000b6a4d90f4
,,,,5f128478-54aa-11e4-8592-000b6a4d90f4
,,,,5f12f750-54aa-11e4-8592-000b6a4d90f4
,,,,5f136a60-54aa-11e4-8592-000b6a4d90f4
,,,,5f13f47a-54aa-11e4-8592-000b6a4d90f4
,,,,5f14681b-54aa-11e4-8592-000b6a4d90f4
,,,,5f14db77-54aa-11e4-8592-000b6a4d90f4
,,,,5f156cab-54aa-11e4-8592-000b6a4d90f4
,,,,5f15dfab-54aa-11e4-8592-000b6a4d90f4
,,,,5f165203-54aa-11e4-8592-000b6a4d90f4
,,,,5f16c643-54aa-11e4-8592-000b6a4d90f4
,,,,5f173978-54aa-11e4-8592-000b6a4d90f4
,,,,5f17aca1-54aa-11e4-8592-000b6a4d90f4
,,,,5f181f6f-54aa-11e4-8592-000b6a4d90f4
,,,,5f18923c-54aa-11e4-8592-000b6a4d90f4
,,,,5f190661-54aa-11e4-8592-000b6a4d90f4
,,,,5f197969-54aa-11e4-8592-000b6a4d90f4
,,,,5f19ec65-54aa-11e4-8592-000b6a4d90f4
,,,,5f1a5f19-54aa-11e4-8592-000b6a4d90f4
,,,,5f1ad227-54aa-11e4-8592-000b6a4d90f4
,,,,5f1b45e1-54aa-11e4-8592-000b6a4d90f4
,,,,5f1bd469-54aa-11e4-8592-000b6a4d90f4
,,,,5f1c46ff-54aa-11e4-8592-000b6a4d90f4
,,,,5f1cb8c5-54aa-11e4-8592-000b6a4d90f4
,,,,5f1d3663-54aa-11e4-8592-000b6a4d90f4
,,,,5f1dab43-54aa-11e4-8592-000b6a4d90f4
,,,,5f1e1d3c-54aa-11e4-8592-000b6a4d90f4
,,,,5f1e9033-54aa-11e4-8592-000b6a4d90f4
,,,,5f1f0370-54aa-11e4-8592-000b6a4d90f4
,,,,5f1f7704-54aa-11e4-8592-000b6a4d90f4
,,,,5f1feab0-54aa-11e4-8592-000b6a4d90f4
,,,,5f205d38-54aa-11e4-8592-000b6a4d90f4
,,,,5f20e9b2-54aa-11e4-8592-000b6a4d90f4
,,,,5f215d38-54aa-11e4-8592-000b6a4d90f4
,,,,5f21d1da-54aa-11e4-8592-000b6a4d90f4
,,,,5f225ee4-54aa-11e4-8592-000b6a4d90f4
,,,,5f22d285-54aa-11e4-8592-000b6a4d90f4
,,,,5f234465-54aa-11e4-8592-000b6a4d90f4
,,,,5f23b7e2-54aa-11e4-8592-000b6a4d90f4
,,,,5f245459-54aa-11e4-8592-000b6a4d90f4
,,,,5f24cab8-54aa-11e4-8592-000b6a4d90f4
,,,,5f253d24-54aa-11e4-8592-000b6a4d90f4
,,,,5f25b0b4-54aa-11e4-8592-000b6a4d90f4
,,,,5f263f4d-54aa-11e4-8592-000b6a4d90f4
,,,,5f26b2b7-54aa-11e4-8592-000b6a4d90f4
,,,,5f272653-54aa-11e4-8592-000b6a4d90f4
,,,,5f279f0d-54aa-11e4-8592-000b6a4d90f4
,,,,5f28338a-54aa-11e4-8592-000b6a4d90f4
,,,,5f2923fd-54aa-11e4-8592-000b6a4d90f4
,,,,5f299685-54aa-11e4-8592-000b6a4d90f4
,,,,5f2a9767-54aa-11e4-8592-000b6a4d90f4
,,,,5f2b1021-54aa-11e4-8592-000b6a4d90f4
,,,,5f2b849a-54aa-11e4-8592-000b6a4d90f4
,,,,5f2bf719-54aa-11e4-8592-000b6a4d90f4
,,,,5f2cabe9-54aa-11e4-8592-000b6a4d90f4
,,,,5f2d1f2e-54aa-11e4-8592-000b6a4d90f4
,,,,5f2d928a-54aa-11e4-8592-000b6a4d90f4
,,,,5f2e53a6-54aa-11e4-8592-000b6a4d90f4
,,,,5f2ec750-54aa-11e4-8592-000b6a4d90f4
,,,,5f2f4dc2-54aa-11e4-8592-000b6a4d90f4
,,,,5f2ff173-54aa-11e4-8592-000b6a4d90f4
,,,,5f306427-54aa-11e4-8592-000b6a4d90f4
,,,,5f30d756-54aa-11e4-8592-000b6a4d90f4
,,,,5f315e48-54aa-11e4-8592-000b6a4d90f4
,,,,5f31ec71-54aa-11e4-8592-000b6a4d90f4
,,,,5f325f28-54aa-11e4-8592-000b6a4d90f4
,,,,5f32f1de-54aa-11e4-8592-000b6a4d90f4
,,,,5f33657a-54aa-11e4-8592-000b6a4d90f4
,,,,5f340ac2-54aa-11e4-8592-000b6a4d90f4
,,,,5f3512b7-54aa-11e4-8592-000b6a4d90f4
,,,,5f35b7ef-54aa-11e4-8592-000b6a4d90f4
,,,,5f364e5e-54aa-11e4-8592-000b6a4d90f4
,,,,5f36de56-54aa-11e4-8592-000b6a4d90f4
,,,,5f378220-54aa-11e4-8592-000b6a4d90f4
,,,,5f37f58f-54aa-11e4-8592-000b6a4d90f4
,,,,5f387c5d-54aa-11e4-8592-000b6a4d90f4
,,,,5f38eebe-54aa-11e4-8592-000b6a4d90f4
,,,,5f39863b-54aa-11e4-8592-000b6a4d90f4
,,,,5f39f93b-54aa-11e4-8592-000b6a4d90f4
,,,,5f3a71fd-54aa-11e4-8592-000b6a4d90f4
,,,,5f3ae495-54aa-11e4-8592-000b6a4d90f4
,,,,5f3b5798-54aa-11e4-8592-000b6a4d90f4
,,,,5f3bf019-54aa-11e4-8592-000b6a4d90f4
,,,,5f3c6348-54aa-11e4-8592-000b6a4d90f4
,,,,5f3cf92d-54aa-11e4-8592-000b6a4d90f4
,,,,5f3d6bbd-54aa-11e4-8592-000b6a4d90f4
,,,,5f3ddf19-54aa-11e4-8592-000b6a4d90f4
,,,,5f3e52aa-54aa-11e4-8592-000b6a4d90f4
,,,,5f3f038f-54aa-11e4-8592-000b6a4d90f4
,,,,5f3f8b69-54aa-11e4-8592-000b6a4d90f4
,,,,5f401d05-54aa-11e4-8592-000b6a4d90f4
,,,,5f4091fe-54aa-11e4-8592-000b6a4d90f4
,,,,5f412d7a-54aa-11e4-8592-000b6a4d90f4
,,,,5f41b692-54aa-11e4-8592-000b6a4d90f4
,,,,5f424632-54aa-11e4-8592-000b6a4d90f4
,,,,5f42b945-54aa-11e4-8592-000b6a4d90f4
,,,,5f432cab-54aa-11e4-8592-000b6a4d90f4
,,,,5f43a045-54aa-11e4-8592-000b6a4d90f4
,,,,5f444157-54aa-11e4-8592-000b6a4d90f4
,,,,5f44b547-54aa-11e4-8592-000b6a4d90f4
,,,,5f452884-54aa-11e4-8592-000b6a4d90f4
,,,,5f45cdf1-54aa-11e4-8592-000b6a4d90f4
,,,,5f466e29-54aa-11e4-8592-000b6a4d90f4
,,,,5f4702f2-54aa-11e4-8592-000b6a4d90f4
,,,,5f477685-54aa-11e4-8592-000b6a4d90f4
,,,,5f47ea56-54aa-11e4-8592-000b6a4d90f4
,,,,5f485d21-54aa-11e4-8592-000b6a4d90f4
,,,,5f48d0f4-54aa-11e4-8592-000b6a4d90f4
,,,,5f494543-54aa-11e4-8592-000b6a4d90f4
,,,,5f49bf04-54aa-11e4-8592-000b6a4d90f4
,,,,5f4a436e-54aa-11e4-8592-000b6a4d90f4
,,,,5f4b3c94-54aa-11e4-8592-000b6a4d90f4
,,,,5f4bc4a6-54aa-11e4-8592-000b6a4d90f4
,,,,5f4c389e-54aa-11e4-8592-000b6a4d90f4
,,,,5f4cc18d-54aa-11e4-8592-000b6a4d90f4
,,,,5f4d4fc1-54aa-11e4-8592-000b6a4d90f4
,,,,5f4dec28-54aa-11e4-8592-000b6a4d90f4
,,,,5f4e79bf-54aa-11e4-8592-000b6a4d90f4
,,,,5f4eedb4-54aa-11e4-8592-000b6a4d90f4
,,,,5f4f7969-54aa-11e4-8592-000b6a4d90f4
,,,,5f4feec9-54aa-11e4-8592-000b6a4d90f4
,,,,5f506262-54aa-11e4-8592-000b6a4d90f4
,,,,5f50d5cc-54aa-11e4-8592-000b6a4d90f4
,,,,5f5149a8-54aa-11e4-8592-000b6a4d90f4
,,,,5f51bd6b-54aa-11e4-8592-000b6a4d90f4
,,,,5f52454b-54aa-11e4-8592-000b6a4d90f4
,,,,5f52cc7e-54aa-11e4-8592-000b6a4d90f4
,,,,5f533ed8-54aa-11e4-8592-000b6a4d90f4
,,,,5f53cd41-54aa-11e4-8592-000b6a4d90f4
,,,,5f5473a1-54aa-11e4-8592-000b6a4d90f4
,,,,5f555a7a-54aa-11e4-8592-000b6a4d90f4
,,,,5f55ce43-54aa-11e4-8592-000b6a4d90f4
,,,,5f564217-54aa-11e4-8592-000b6a4d90f4
,,,,5f56cfef-54aa-11e4-8592-000b6a4d90f4
,,,,5f579e37-54aa-11e4-8592-000b6a4d90f4
,,,,5f581118-54aa-11e4-8592-000b6a4d90f4
,,,,5f588ba2-54aa-11e4-8592-000b6a4d90f4
,,,,5f5914d9-54aa-11e4-8592-000b6a4d90f4
,,,,5f59cac3-54aa-11e4-8592-000b6a4d90f4
,,,,5f5a53d1-54aa-11e4-8592-000b6a4d90f4
,,,,5f5adeb1-54aa-11e4-8592-000b6a4d90f4
,,,,5f5b5234-54aa-11e4-8592-000b6a4d90f4
,,,,5f5be2ed-54aa-11e4-8592-000b6a4d90f4
,,,,5f5c6bd3-54aa-11e4-8592-000b6a4d90f4
,,,,5f5cdffe-54aa-11e4-8592-000b6a4d90f4
,,,,5f5d5332-54aa-11e4-8592-000b6a4d90f4
,,,,5f5dc6c3-54aa-11e4-8592-000b6a4d90f4
,,,,5f5e394a-54aa-11e4-8592-000b6a4d90f4
,,,,5f5eaf29-54aa-11e4-8592-000b6a4d90f4
,,,,5f5f2313-54aa-11e4-8592-000b6a4d90f4
,,,,5f5f9685-54aa-11e4-8592-000b6a4d90f4
,,,,5f600afb-54aa-11e4-8592-000b6a4d90f4
,,,,5f61affe-54aa-11e4-8592-000b6a4d90f4
,,,,5f630219-54aa-11e4-8592-000b6a4d90f4
,,,,5f63fb50-54aa-11e4-8592-000b6a4d90f4
,,,,5f646c1b-54aa-11e4-8592-000b6a4d90f4
,,,,5f64fb2f-54aa-11e4-8592-000b6a4d90f4
,,,,5f659a45-54aa-11e4-8592-000b6a4d90f4
,,,,5f660c32-54aa-11e4-8592-000b6a4d90f4
,,,,5f66aa36-54aa-11e4-8592-000b6a4d90f4
,,,,5f671c6d-54aa-11e4-8592-000b6a4d90f4
,,,,5f678d32-54aa-11e4-8592-000b6a4d90f4
,,,,5f680670-54aa-11e4-8592-000b6a4d90f4
,,,,5f689fac-54aa-11e4-8592-000b6a4d90f4
,,,,5f691045-54aa-11e4-8592-000b6a4d90f4
,,,,5f698228-54aa-11e4-8592-000b6a4d90f4
,,,,5f6a0947-54aa-11e4-8592-000b6a4d90f4
,,,,5f6a7bc3-54aa-11e4-8592-000b6a4d90f4
,,,,5f6aedee-54aa-11e4-8592-000b6a4d90f4
,,,,5f6b5f23-54aa-11e4-8592-000b6a4d90f4
,,,,5f6bd059-54aa-11e4-8592-000b6a4d90f4
,,,,5f6c57fb-54aa-11e4-8592-000b6a4d90f4
,,,,5f6cca59-54aa-11e4-8592-000b6a4d90f4
,,,,5f6d3b78-54aa-11e4-8592-000b6a4d90f4
,,,,5f6dacda-54aa-11e4-8592-000b6a4d90f4
,,,,5f6e1e87-54aa-11e4-8592-000b6a4d90f4
,,,,5f6e8fc2-54aa-11e4-8592-000b6a4d90f4
,,,,5f6f16e4-54aa-11e4-8592-000b6a4d90f4
,,,,5f6f99c4-54aa-11e4-8592-000b6a4d90f4
,,,,5f702ded-54aa-11e4-8592-000b6a4d90f4
,,,,5f70a059-54aa-11e4-8592-000b6a4d90f4
,,,,5f71415d-54aa-11e4-8592-000b6a4d90f4
,,,,5f71daa5-54aa-11e4-8592-000b6a4d90f4
,,,,5f724cba-54aa-11e4-8592-000b6a4d90f4
,,,,5f72f155-54aa-11e4-8592-000b6a4d90f4
,,,,5f736215-54aa-11e4-8592-000b6a4d90f4
,,,,5f73d350-54aa-11e4-8592-000b6a4d90f4
,,,,5f74455f-54aa-11e4-8592-000b6a4d90f4
,,,,5f74b65d-54aa-11e4-8592-000b6a4d90f4
,,,,5f752812-54aa-11e4-8592-000b6a4d90f4
,,,,5f759cdc-54aa-11e4-8592-000b6a4d90f4
,,,,5f760e9a-54aa-11e4-8592-000b6a4d90f4
,,,,5f7680c3-54aa-11e4-8592-000b6a4d90f4
,,,,5f76f8e6-54aa-11e4-8592-000b6a4d90f4
,,,,5f780c99-54aa-11e4-8592-000b6a4d90f4
,,,,5f787f0a-54aa-11e4-8592-000b6a4d90f4
,,,,5f78f10b-54aa-11e4-8592-000b6a4d90f4
,,,,5f798886-54aa-11e4-8592-000b6a4d90f4
,,,,5f79fa5a-54aa-11e4-8592-000b6a4d90f4
,,,,5f7a6ab6-54aa-11e4-8592-000b6a4d90f4
,,,,5f7adc0f-54aa-11e4-8592-000b6a4d90f4
,,,,5f7b4dce-54aa-11e4-8592-000b6a4d90f4
,,,,5f7bc05b-54aa-11e4-8592-000b6a4d90f4
,,,,5f7c3193-54aa-11e4-8592-000b6a4d90f4
,,,,5f7ca308-54aa-11e4-8592-000b6a4d90f4
,,,,5f7d28cd-54aa-11e4-8592-000b6a4d90f4
,,,,5f7dae9d-54aa-11e4-8592-000b6a4d90f4
,,,,5f7e5466-54aa-11e4-8592-000b6a4d90f4
,,,,5f7ec99f-54aa-11e4-8592-000b6a4d90f4
,,,,5f7f3bbc-54aa-11e4-8592-000b6a4d90f4
,,,,5f7fad64-54aa-11e4-8592-000b6a4d90f4
,,,,5f8033ef-54aa-11e4-8592-000b6a4d90f4
,,,,5f80a4f8-54aa-11e4-8592-000b6a4d90f4
,,,,5f811553-54aa-11e4-8592-000b6a4d90f4
,,,,5f81883a-54aa-11e4-8592-000b6a4d90f4
,,,,5f81f985-54aa-11e4-8592-000b6a4d90f4
,,,,5f826b14-54aa-11e4-8592-000b6a4d90f4
,,,,5f82dcdb-54aa-11e4-8592-000b6a4d90f4
,,,,5f8360ab-54aa-11e4-8592-000b6a4d90f4
,,,,5f83d51e-54aa-11e4-8592-000b6a4d90f4
,,,,5f844784-54aa-11e4-8592-000b6a4d90f4
,,,,5f84b956-54aa-11e4-8592-000b6a4d90f4
,,,,5f853d2f-54aa-11e4-8592-000b6a4d90f4
,,,,5f85aee2-54aa-11e4-8592-000b6a4d90f4
,,,,5f863c52-54aa-11e4-8592-000b6a4d90f4
,,,,5f86b100-54aa-11e4-8592-000b6a4d90f4
,,,,5f872200-54aa-11e4-8592-000b6a4d90f4
,,,,5f87930c-54aa-11e4-8592-000b6a4d90f4
,,,,5f881ac2-54aa-11e4-8592-000b6a4d90f4
,,,,5f888d65-54aa-11e4-8592-000b6a4d90f4
,,,,5f88ff3a-54aa-11e4-8592-000b6a4d90f4
,,,,5f8970aa-54aa-11e4-8592-000b6a4d90f4
,,,,5f89e358-54aa-11e4-8592-000b6a4d90f4
,,,,5f8a54d3-54aa-11e4-8592-000b6a4d90f4
,,,,5f8ac7a6-54aa-11e4-8592-000b6a4d90f4
,,,,5f8b7883-54aa-11e4-8592-000b6a4d90f4
,,,,5f8c1a72-54aa-11e4-8592-000b6a4d90f4
,,,,5f8c9ccc-54aa-11e4-8592-000b6a4d90f4
,,,,5f8d51e7-54aa-11e4-8592-000b6a4d90f4
,,,,5f8dc3eb-54aa-11e4-8592-000b6a4d90f4
,,,,5f8e60e6-54aa-11e4-8592-000b6a4d90f4
,,,,5f8f43c9-54aa-11e4-8592-000b6a4d90f4
,,,,5f8fb626-54aa-11e4-8592-000b6a4d90f4
,,,,5f9028a5-54aa-11e4-8592-000b6a4d90f4
,,,,5f909aec-54aa-11e4-8592-000b6a4d90f4
,,,,5f910c7b-54aa-11e4-8592-000b6a4d90f4
,,,,5f917f75-54aa-11e4-8592-000b6a4d90f4
,,,,5f920691-54aa-11e4-8592-000b6a4d90f4
,,,,5f929445-54aa-11e4-8592-000b6a4d90f4
,,,,5f931e08-54aa-11e4-8592-000b6a4d90f4
,,,,5f938fb5-54aa-11e4-8592-000b6a4d90f4
,,,,5f9401c2-54aa-11e4-8592-000b6a4d90f4
,,,,5f9472ac-54aa-11e4-8592-000b6a4d90f4
,,,,5f94e4b5-54aa-11e4-8592-000b6a4d90f4
,,,,5f9556f7-54aa-11e4-8592-000b6a4d90f4
,,,,5f95c845-54aa-11e4-8592-000b6a4d90f4
,,,,5f963fc1-54aa-11e4-8592-000b6a4d90f4
,,,,5f96b014-54aa-11e4-8592-000b6a4d90f4
,,,,5f972bed-54aa-11e4-8592-000b6a4d90f4
,,,,5f979e24-54aa-11e4-8592-000b6a4d90f4
,,,,5f981caf-54aa-11e4-8592-000b6a4d90f4
,,,,5f988ebb-54aa-11e4-8592-000b6a4d90f4
,,,,5f98ff86-54aa-11e4-8592-000b6a4d90f4
,,,,5f997155-54aa-11e4-8592-000b6a4d90f4
,,,,5f99e365-54aa-11e4-8592-000b6a4d90f4
,,,,5f9a5451-54aa-11e4-8592-000b6a4d90f4
,,,,5f9ac759-54aa-11e4-8592-000b6a4d90f4
,,,,5f9b37fa-54aa-11e4-8592-000b6a4d90f4
,,,,5f9baa34-54aa-11e4-8592-000b6a4d90f4
,,,,5f9c1de9-54aa-11e4-8592-000b6a4d90f4
,,,,5f9c9076-54aa-11e4-8592-000b6a4d90f4
,,,,5f9d0258-54aa-11e4-8592-000b6a4d90f4
,,,,5f9d72ae-54aa-11e4-8592-000b6a4d90f4
,,,,5f9e1582-54aa-11e4-8592-000b6a4d90f4
,,,,5f9e8722-54aa-11e4-8592-000b6a4d90f4
,,,,5f9ef95e-54aa-11e4-8592-000b6a4d90f4
,,,,5f9f6aa1-54aa-11e4-8592-000b6a4d90f4
,,,,5f9ffc9e-54aa-11e4-8592-000b6a4d90f4
,,,,5fa06e2a-54aa-11e4-8592-000b6a4d90f4
,,,,5fa0e071-54aa-11e4-8592-000b6a4d90f4
,,,,5fa151b5-54aa-11e4-8592-000b6a4d90f4
,,,,5fa1c245-54aa-11e4-8592-000b6a4d90f4
,,,,5fa2361c-54aa-11e4-8592-000b6a4d90f4
,,,,5fa2a7e5-54aa-11e4-8592-000b6a4d90f4
,,,,5fa319e9-54aa-11e4-8592-000b6a4d90f4
,,,,5fa38bb0-54aa-11e4-8592-000b6a4d90f4
,,,,5fa3fd20-54aa-11e4-8592-000b6a4d90f4
,,,,5fa48272-54aa-11e4-8592-000b6a4d90f4
,,,,5fa537fd-54aa-11e4-8592-000b6a4d90f4
,,,,5fa5a94e-54aa-11e4-8592-000b6a4d90f4
,,,,5fa61d60-54aa-11e4-8592-000b6a4d90f4
,,,,5fa68fdf-54aa-11e4-8592-000b6a4d90f4
,,,,5fa71403-54aa-11e4-8592-000b6a4d90f4
,,,,5fa79f66-54aa-11e4-8592-000b6a4d90f4
,,,,5fa81064-54aa-11e4-8592-000b6a4d90f4
,,,,5fa8b4b6-54aa-11e4-8592-000b6a4d90f4
,,,,5fa926dc-54aa-11e4-8592-000b6a4d90f4
,,,,5fa997e8-54aa-11e4-8592-000b6a4d90f4
,,,,5faa0a2c-54aa-11e4-8592-000b6a4d90f4
,,,,5faa7abc-54aa-11e4-8592-000b6a4d90f4
,,,,5faaed17-54aa-11e4-8592-000b6a4d90f4
,,,,5fab5f5b-54aa-11e4-8592-000b6a4d90f4
,,,,5fabd19a-54aa-11e4-8592-000b6a4d90f4
,,,,5fac4d95-54aa-11e4-8592-000b6a4d90f4
,,,,5facbe8a-54aa-11e4-8592-000b6a4d90f4
,,,,5fad307d-54aa-11e4-8592-000b6a4d90f4
,,,,5fada2e0-54aa-11e4-8592-000b6a4d90f4
,,,,5fae1469-54aa-11e4-8592-000b6a4d90f4
,,,,5fae877c-54aa-11e4-8592-000b6a4d90f4
,,,,5faf2e36-54aa-11e4-8592-000b6a4d90f4
,,,,5fafa069-54aa-11e4-8592-000b6a4d90f4
,,,,5fb01249-54aa-11e4-8592-000b6a4d90f4
,,,,5fb084f5-54aa-11e4-8592-000b6a4d90f4
,,,,5fb0f5c6-54aa-11e4-8592-000b6a4d90f4
,,,,5fb1726b-54aa-11e4-8592-000b6a4d90f4
,,,,5fb1fb9f-54aa-11e4-8592-000b6a4d90f4
,,,,5fb26de6-54aa-11e4-8592-000b6a4d90f4
,,,,5fb2dfed-54aa-11e4-8592-000b6a4d90f4
,,,,5fb351b9-54aa-11e4-8592-000b6a4d90f4
,,,,5fb3c3c0-54aa-11e4-8592-000b6a4d90f4
,,,,5fb45554-54aa-11e4-8592-000b6a4d90f4
,,,,5fb4f304-54aa-11e4-8592-000b6a4d90f4
,,,,5fb5763d-54aa-11e4-8592-000b6a4d90f4
,,,,5fb5f366-54aa-11e4-8592-000b6a4d90f4
,,,,5fb66599-54aa-11e4-8592-000b6a4d90f4
,,,,5fb6ed23-54aa-11e4-8592-000b6a4d90f4
,,,,5fb75f16-54aa-11e4-8592-000b6a4d90f4
,,,,5fb7d104-54aa-11e4-8592-000b6a4d90f4
,,,,5fb84348-54aa-11e4-8592-000b6a4d90f4
,,,,5fb8b47a-54aa-11e4-8592-000b6a4d90f4
,,,,5fb926f7-54aa-11e4-8592-000b6a4d90f4
,,,,5fb99790-54aa-11e4-8592-000b6a4d90f4
,,,,5fba0988-54aa-11e4-8592-000b6a4d90f4
,,,,5fba7b3e-54aa-11e4-8592-000b6a4d90f4
,,,,5fbb0d2e-54aa-11e4-8592-000b6a4d90f4
,,,,5fbbba68-54aa-11e4-8592-000b6a4d90f4
,,,,5fbc4aa7-54aa-11e4-8592-000b6a4d90f4
,,,,5fbcbca2-54aa-11e4-8592-000b6a4d90f4
,,,,5fbd2f48-54aa-11e4-8592-000b6a4d90f4
,,,,5fbda133-54aa-11e4-8592-000b6a4d90f4
,,,,5fbe14ae-54aa-11e4-8592-000b6a4d90f4
,,,,5fbe8746-54aa-11e4-8592-000b6a4d90f4
,,,,5fbf2255-54aa-11e4-8592-000b6a4d90f4
,,,,5fbf9419-54aa-11e4-8592-000b6a4d90f4
,,,,5fc005a2-54aa-11e4-8592-000b6a4d90f4
,,,,5fc0af45-54aa-11e4-8592-000b6a4d90f4
,,,,5fc15895-54aa-11e4-8592-000b6a4d90f4
,,,,5fc1cb46-54aa-11e4-8592-000b6a4d90f4
,,,,5fc23cb3-54aa-11e4-8592-000b6a4d90f4
,,,,5fc2ae58-54aa-11e4-8592-000b6a4d90f4
,,,,5fc35f32-54aa-11e4-8592-000b6a4d90f4
,,,,5fc3d61a-54aa-11e4-8592-000b6a4d90f4
,,,,5fc45d09-54aa-11e4-8592-000b6a4d90f4
,,,,5fc4ce66-54aa-11e4-8592-000b6a4d90f4
,,,,5fc54168-54aa-11e4-8592-000b6a4d90f4
,,,,5fc5c663-54aa-11e4-8592-000b6a4d90f4
,,,,5fc63883-54aa-11e4-8592-000b6a4d90f4
,,,,5fc6a984-54aa-11e4-8592-000b6a4d90f4
,,,,5fc71c9f-54aa-11e4-8592-000b6a4d90f4
,,,,5fc78f6f-54aa-11e4-8592-000b6a4d90f4
,,,,5fc8019d-54aa-11e4-8592-000b6a4d90f4
,,,,5fc89ed8-54aa-11e4-8592-000b6a4d90f4
,,,,5fc9100d-54aa-11e4-8592-000b6a4d90f4
,,,,5fc981d1-54aa-11e4-8592-000b6a4d90f4
,,,,5fc9f48e-54aa-11e4-8592-000b6a4d90f4
,,,,5fca6600-54aa-11e4-8592-000b6a4d90f4
,,,,5fcad76b-54aa-11e4-8592-000b6a4d90f4
,,,,5fcb4942-54aa-11e4-8592-000b6a4d90f4
,,,,5fcbf137-54aa-11e4-8592-000b6a4d90f4
,,,,5fcc6474-54aa-11e4-8592-000b6a4d90f4
,,,,5fccd640-54aa-11e4-8592-000b6a4d90f4
,,,,5fcd48c8-54aa-11e4-8592-000b6a4d90f4
,,,,5fcddcd5-54aa-11e4-8592-000b6a4d90f4
,,,,5fce4f14-54aa-11e4-8592-000b6a4d90f4
,,,,5fcec21c-54aa-11e4-8592-000b6a4d90f4
,,,,5fcf337b-54aa-11e4-8592-000b6a4d90f4
,,,,5fcfee27-54aa-11e4-8592-000b6a4d90f4
,,,,5fd09750-54aa-11e4-8592-000b6a4d90f4
,,,,5fd10a3c-54aa-11e4-8592-000b6a4d90f4
,,,,5fd17ae8-54aa-11e4-8592-000b6a4d90f4
,,,,5fd1ec77-54aa-11e4-8592-000b6a4d90f4
,,,,5fd25daf-54aa-11e4-8592-000b6a4d90f4
,,,,5fd2cf89-54aa-11e4-8592-000b6a4d90f4
,,,,5fd35f8a-54aa-11e4-8592-000b6a4d90f4
,,,,5fd3cfa8-54aa-11e4-8592-000b6a4d90f4
,,,,5fd4530e-54aa-11e4-8592-000b6a4d90f4
,,,,5fd4c65c-54aa-11e4-8592-000b6a4d90f4
,,,,5fd54fc9-54aa-11e4-8592-000b6a4d90f4
,,,,5fd5d449-54aa-11e4-8592-000b6a4d90f4
,,,,5fd647be-54aa-11e4-8592-000b6a4d90f4
,,,,5fd6bcb4-54aa-11e4-8592-000b6a4d90f4
,,,,5fd72e62-54aa-11e4-8592-000b6a4d90f4
,,,,5fd79f9a-54aa-11e4-8592-000b6a4d90f4
,,,,5fd80f53-54aa-11e4-8592-000b6a4d90f4
,,,,5fd880d1-54aa-11e4-8592-000b6a4d90f4
,,,,5fd8f348-54aa-11e4-8592-000b6a4d90f4
,,,,5fd966a4-54aa-11e4-8592-000b6a4d90f4
,,,,5fd9d873-54aa-11e4-8592-000b6a4d90f4
,,,,5fda497e-54aa-11e4-8592-000b6a4d90f4
,,,,5fdabb07-54aa-11e4-8592-000b6a4d90f4
,,,,5fdb3f1b-54aa-11e4-8592-000b6a4d90f4
,,,,5fdbb0e1-54aa-11e4-8592-000b6a4d90f4
,,,,5fdc2289-54aa-11e4-8592-000b6a4d90f4
,,,,5fdc9368-54aa-11e4-8592-000b6a4d90f4
,,,,5fdd050d-54aa-11e4-8592-000b6a4d90f4
,,,,5fdd76d1-54aa-11e4-8592-000b6a4d90f4
,,,,5fddfbda-54aa-11e4-8592-000b6a4d90f4
,,,,5fde6d69-54aa-11e4-8592-000b6a4d90f4
,,,,5fdeddd8-54aa-11e4-8592-000b6a4d90f4
,,,,5fdf5118-54aa-11e4-8592-000b6a4d90f4
,,,,5fdfded1-54aa-11e4-8592-000b6a4d90f4
,,,,5fe0508f-54aa-11e4-8592-000b6a4d90f4
,,,,5fe0c1a0-54aa-11e4-8592-000b6a4d90f4
,,,,5fe14b1b-54aa-11e4-8592-000b6a4d90f4
,,,,5fe1bd3b-54aa-11e4-8592-000b6a4d90f4
,,,,5fe22f5d-54aa-11e4-8592-000b6a4d90f4
,,,,5fe2a3a6-54aa-11e4-8592-000b6a4d90f4
,,,,5fe32c9b-54aa-11e4-8592-000b6a4d90f4
,,,,5fe3fea7-54aa-11e4-8592-000b6a4d90f4
,,,,5fe4702b-54aa-11e4-8592-000b6a4d90f4
,,,,5fe4e20d-54aa-11e4-8592-000b6a4d90f4
,,,,5fe56719-54aa-11e4-8592-000b6a4d90f4
,,,,5fe5d8ca-54aa-11e4-8592-000b6a4d90f4
,,,,5fe64aec-54aa-11e4-8592-000b6a4d90f4
,,,,5fe6cf75-54aa-11e4-8592-000b6a4d90f4
,,,,5fe74cba-54aa-11e4-8592-000b6a4d90f4
,,,,5fe7d746-54aa-11e4-8592-000b6a4d90f4
,,,,5fe84891-54aa-11e4-8592-000b6a4d90f4
,,,,5fe8b9c7-54aa-11e4-8592-000b6a4d90f4
,,,,5fe92bb4-54aa-11e4-8592-000b6a4d90f4
,,,,5fe9b195-54aa-11e4-8592-000b6a4d90f4
,,,,5fea23ea-54aa-11e4-8592-000b6a4d90f4
,,,,5fea9547-54aa-11e4-8592-000b6a4d90f4
,,,,5feb27ee-54aa-11e4-8592-000b6a4d90f4
,,,,5feb9b01-54aa-11e4-8592-000b6a4d90f4
,,,,5fec0ce1-54aa-11e4-8592-000b6a4d90f4
,,,,5fec7f1d-54aa-11e4-8592-000b6a4d90f4
,,,,5fed043d-54aa-11e4-8592-000b6a4d90f4
,,,,5fed8b7b-54aa-11e4-8592-000b6a4d90f4
,,,,5fedfed9-54aa-11e4-8592-000b6a4d90f4
,,,,5fee701a-54aa-11e4-8592-000b6a4d90f4
,,,,5feee18f-54aa-11e4-8592-000b6a4d90f4
,,,,5fef7bc1-54aa-11e4-8592-000b6a4d90f4
,,,,5fefed75-54aa-11e4-8592-000b6a4d90f4
,,,,5ff05e3d-54aa-11e4-8592-000b6a4d90f4
,,,,5ff0d0e3-54aa-11e4-8592-000b6a4d90f4
,,,,5ff1426c-54aa-11e4-8592-000b6a4d90f4
,,,,5ff1bbe7-54aa-11e4-8592-000b6a4d90f4
,,,,5ff22d7b-54aa-11e4-8592-000b6a4d90f4
,,,,5ff29ecf-54aa-11e4-8592-000b6a4d90f4
,,,,5ff310fd-54aa-11e4-8592-000b6a4d90f4
,,,,5ff382f9-54aa-11e4-8592-000b6a4d90f4
,,,,5ff3f44d-54aa-11e4-8592-000b6a4d90f4
,,,,5ff4b4d3-54aa-11e4-8592-000b6a4d90f4
,,,,5ff526bb-54aa-11e4-8592-000b6a4d90f4
,,,,5ff5989b-54aa-11e4-8592-000b6a4d90f4
,,,,5ff609bf-54aa-11e4-8592-000b6a4d90f4
,,,,5ff679cf-54aa-11e4-8592-000b6a4d90f4
,,,,5ff70514-54aa-11e4-8592-000b6a4d90f4
,,,,5ff79165-54aa-11e4-8592-000b6a4d90f4
,,,,5ff81c2b-54aa-11e4-8592-000b6a4d90f4
,,,,5ff8bb98-54aa-11e4-8592-000b6a4d90f4
,,,,5ff92d78-54aa-11e4-8592-000b6a4d90f4
,,,,5ff99eb8-54aa-11e4-8592-000b6a4d90f4
,,,,5ffa100c-54aa-11e4-8592-000b6a4d90f4
,,,,5ffa8171-54aa-11e4-8592-000b6a4d90f4
,,,,5ffb3f47-54aa-11e4-8592-000b6a4d90f4
,,,,5ffc85a0-54aa-11e4-8592-000b6a4d90f4
,,,,5ffd2b8a-54aa-11e4-8592-000b6a4d90f4
,,,,5ffda21b-54aa-11e4-8592-000b6a4d90f4
,,,,5ffe155e-54aa-11e4-8592-000b6a4d90f4
,,,,5ffe87f0-54aa-11e4-8592-000b6a4d90f4
,,,,5ffefa6d-54aa-11e4-8592-000b6a4d90f4
,,,,5fff6bb3-54aa-11e4-8592-000b6a4d90f4
,,,,5fffde85-54aa-11e4-8592-000b6a4d90f4
,,,,6000507e-54aa-11e4-8592-000b6a4d90f4
,,,,6000fdab-54aa-11e4-8592-000b6a4d90f4
,,,,60016ee3-54aa-11e4-8592-000b6a4d90f4
,,,,6001fd1a-54aa-11e4-8592-000b6a4d90f4
,,,,60026f02-54aa-11e4-8592-000b6a4d90f4
,,,,6002f4eb-54aa-11e4-8592-000b6a4d90f4
,,,,60037c4a-54aa-11e4-8592-000b6a4d90f4
,,,,6003eefb-54aa-11e4-8592-000b6a4d90f4
,,,,6004626d-54aa-11e4-8592-000b6a4d90f4
,,,,6004ec17-54aa-11e4-8592-000b6a4d90f4
,,,,60055de6-54aa-11e4-8592-000b6a4d90f4
,,,,6005cf72-54aa-11e4-8592-000b6a4d90f4
,,,,6006410f-54aa-11e4-8592-000b6a4d90f4
,,,,6007d9f2-54aa-11e4-8592-000b6a4d90f4
,,,,60087bc0-54aa-11e4-8592-000b6a4d90f4
