Урюк,278,100,,82ea6aff-5308-11e4-aaab-000b6a4d90f4
Курага,272,100,,82eadb95-5308-11e4-aaab-000b6a4d90f4
Изюм с косточкой,276,100,,82eb4b89-5308-11e4-aaab-000b6a4d90f4
Изюм кишмиш,279,100,,82ebbad6-5308-11e4-aaab-000b6a4d90f4
Вишня сушёная,292,100,,82ec3281-5308-11e4-aaab-000b6a4d90f4
Груша сушёная,246,100,,82eca091-5308-11e4-aaab-000b6a4d90f4
Персики сушёные,275,100,,82ed1024-5308-11e4-aaab-000b6a4d90f4
Чернослив,264,100,,82ed8093-5308-11e4-aaab-000b6a4d90f4
Яблоки сушёные,273,100,,82edf0a3-5308-11e4-aaab-000b6a4d90f4
,,,,82ee60c1-5308-11e4-aaab-000b6a4d90f4
,,,,82eecef9-5308-11e4-aaab-000b6a4d90f4
,,,,82ef3e24-5308-11e4-aaab-000b6a4d90f4
,,,,82efbac0-5308-11e4-aaab-000b6a4d90f4
,,,,82f02a2e-5308-11e4-aaab-000b6a4d90f4
,,,,82f09a9a-5308-11e4-aaab-000b6a4d90f4
,,,,82f108eb-5308-11e4-aaab-000b6a4d90f4
,,,,82f18a1b-5308-11e4-aaab-000b6a4d90f4
,,,,82f21148-5308-11e4-aaab-000b6a4d90f4
,,,,82f2811d-5308-11e4-aaab-000b6a4d90f4
,,,,82f2ef76-5308-11e4-aaab-000b6a4d90f4
,,,,82f35fcf-5308-11e4-aaab-000b6a4d90f4
,,,,82f3cf75-5308-11e4-aaab-000b6a4d90f4
,,,,82f43f45-5308-11e4-aaab-000b6a4d90f4
,,,,82f4ae75-5308-11e4-aaab-000b6a4d90f4
,,,,82f51e1b-5308-11e4-aaab-000b6a4d90f4
,,,,82f58d14-5308-11e4-aaab-000b6a4d90f4
,,,,82f5fce6-5308-11e4-aaab-000b6a4d90f4
,,,,82f66d0a-5308-11e4-aaab-000b6a4d90f4
,,,,82f6dcf8-5308-11e4-aaab-000b6a4d90f4
,,,,82f74b60-5308-11e4-aaab-000b6a4d90f4
,,,,82f95cc8-5308-11e4-aaab-000b6a4d90f4
,,,,82f9cc6b-5308-11e4-aaab-000b6a4d90f4
,,,,82fa3c97-5308-11e4-aaab-000b6a4d90f4
,,,,82faacba-5308-11e4-aaab-000b6a4d90f4
,,,,82fb1ca9-5308-11e4-aaab-000b6a4d90f4
,,,,82fb90d6-5308-11e4-aaab-000b6a4d90f4
,,,,82fc016f-5308-11e4-aaab-000b6a4d90f4
,,,,82fc70d5-5308-11e4-aaab-000b6a4d90f4
,,,,82fce06a-5308-11e4-aaab-000b6a4d90f4
,,,,82fd5148-5308-11e4-aaab-000b6a4d90f4
,,,,82fdc107-5308-11e4-aaab-000b6a4d90f4
,,,,82fe30bb-5308-11e4-aaab-000b6a4d90f4
,,,,82fea22b-5308-11e4-aaab-000b6a4d90f4
,,,,82ff12a0-5308-11e4-aaab-000b6a4d90f4
,,,,82ff82f0-5308-11e4-aaab-000b6a4d90f4
,,,,82fff261-5308-11e4-aaab-000b6a4d90f4
,,,,830061f3-5308-11e4-aaab-000b6a4d90f4
,,,,8300d2b6-5308-11e4-aaab-000b6a4d90f4
,,,,830143d5-5308-11e4-aaab-000b6a4d90f4
,,,,8301b4db-5308-11e4-aaab-000b6a4d90f4
,,,,83022738-5308-11e4-aaab-000b6a4d90f4
,,,,8302967f-5308-11e4-aaab-000b6a4d90f4
,,,,830306ae-5308-11e4-aaab-000b6a4d90f4
,,,,830376df-5308-11e4-aaab-000b6a4d90f4
,,,,8303e653-5308-11e4-aaab-000b6a4d90f4
,,,,8304560a-5308-11e4-aaab-000b6a4d90f4
,,,,8304c760-5308-11e4-aaab-000b6a4d90f4
,,,,83057495-5308-11e4-aaab-000b6a4d90f4
,,,,8306559d-5308-11e4-aaab-000b6a4d90f4
,,,,8306d47f-5308-11e4-aaab-000b6a4d90f4
,,,,83074560-5308-11e4-aaab-000b6a4d90f4
,,,,8307b5d5-5308-11e4-aaab-000b6a4d90f4
,,,,83082800-5308-11e4-aaab-000b6a4d90f4
,,,,8309967b-5308-11e4-aaab-000b6a4d90f4
,,,,830a08ce-5308-11e4-aaab-000b6a4d90f4
,,,,830a7cd9-5308-11e4-aaab-000b6a4d90f4
,,,,830af01c-5308-11e4-aaab-000b6a4d90f4
,,,,830b6085-5308-11e4-aaab-000b6a4d90f4
,,,,830bd1a7-5308-11e4-aaab-000b6a4d90f4
,,,,830c437e-5308-11e4-aaab-000b6a4d90f4
,,,,830cb502-5308-11e4-aaab-000b6a4d90f4
,,,,830d2569-5308-11e4-aaab-000b6a4d90f4
,,,,830d96a9-5308-11e4-aaab-000b6a4d90f4
,,,,830e0880-5308-11e4-aaab-000b6a4d90f4
,,,,830e7a95-5308-11e4-aaab-000b6a4d90f4
,,,,830eec4b-5308-11e4-aaab-000b6a4d90f4
,,,,830f5ca1-5308-11e4-aaab-000b6a4d90f4
,,,,830fce38-5308-11e4-aaab-000b6a4d90f4
,,,,83103fca-5308-11e4-aaab-000b6a4d90f4
,,,,8310b339-5308-11e4-aaab-000b6a4d90f4
,,,,83112485-5308-11e4-aaab-000b6a4d90f4
,,,,8311943b-5308-11e4-aaab-000b6a4d90f4
,,,,8312ed7d-5308-11e4-aaab-000b6a4d90f4
,,,,8314dc6f-5308-11e4-aaab-000b6a4d90f4
,,,,8315d4a2-5308-11e4-aaab-000b6a4d90f4
,,,,83164508-5308-11e4-aaab-000b6a4d90f4
,,,,8316b723-5308-11e4-aaab-000b6a4d90f4
,,,,83173b15-5308-11e4-aaab-000b6a4d90f4
,,,,8317ab43-5308-11e4-aaab-000b6a4d90f4
,,,,83181af2-5308-11e4-aaab-000b6a4d90f4
,,,,83188ba1-5308-11e4-aaab-000b6a4d90f4
,,,,8318fc21-5308-11e4-aaab-000b6a4d90f4
,,,,83196bfe-5308-11e4-aaab-000b6a4d90f4
,,,,8319e0ce-5308-11e4-aaab-000b6a4d90f4
,,,,831a4fe5-5308-11e4-aaab-000b6a4d90f4
,,,,831abfef-5308-11e4-aaab-000b6a4d90f4
,,,,831b3037-5308-11e4-aaab-000b6a4d90f4
,,,,831ba0bd-5308-11e4-aaab-000b6a4d90f4
,,,,831c10f9-5308-11e4-aaab-000b6a4d90f4
,,,,831c8072-5308-11e4-aaab-000b6a4d90f4
,,,,831cf574-5308-11e4-aaab-000b6a4d90f4
,,,,831d662e-5308-11e4-aaab-000b6a4d90f4
,,,,831dd62e-5308-11e4-aaab-000b6a4d90f4
,,,,831e46d4-5308-11e4-aaab-000b6a4d90f4
,,,,831eb5fd-5308-11e4-aaab-000b6a4d90f4
,,,,831f2594-5308-11e4-aaab-000b6a4d90f4
,,,,831f96ff-5308-11e4-aaab-000b6a4d90f4
,,,,83200722-5308-11e4-aaab-000b6a4d90f4
,,,,83207783-5308-11e4-aaab-000b6a4d90f4
,,,,8320e6de-5308-11e4-aaab-000b6a4d90f4
,,,,832157ac-5308-11e4-aaab-000b6a4d90f4
,,,,8321c8af-5308-11e4-aaab-000b6a4d90f4
,,,,8323b99d-5308-11e4-aaab-000b6a4d90f4
,,,,83243ff9-5308-11e4-aaab-000b6a4d90f4
,,,,8324b0e5-5308-11e4-aaab-000b6a4d90f4
,,,,83252051-5308-11e4-aaab-000b6a4d90f4
,,,,832590ba-5308-11e4-aaab-000b6a4d90f4
,,,,8326011e-5308-11e4-aaab-000b6a4d90f4
,,,,8326726a-5308-11e4-aaab-000b6a4d90f4
,,,,8326e343-5308-11e4-aaab-000b6a4d90f4
,,,,832752bf-5308-11e4-aaab-000b6a4d90f4
,,,,8327e370-5308-11e4-aaab-000b6a4d90f4
,,,,8328547b-5308-11e4-aaab-000b6a4d90f4
,,,,8328c4fb-5308-11e4-aaab-000b6a4d90f4
,,,,83293a8b-5308-11e4-aaab-000b6a4d90f4
,,,,8329c033-5308-11e4-aaab-000b6a4d90f4
,,,,832a306d-5308-11e4-aaab-000b6a4d90f4
,,,,832aa155-5308-11e4-aaab-000b6a4d90f4
,,,,832b1186-5308-11e4-aaab-000b6a4d90f4
,,,,832b81e4-5308-11e4-aaab-000b6a4d90f4
,,,,832bf1ba-5308-11e4-aaab-000b6a4d90f4
,,,,832c763d-5308-11e4-aaab-000b6a4d90f4
,,,,832ce69b-5308-11e4-aaab-000b6a4d90f4
,,,,832d6d26-5308-11e4-aaab-000b6a4d90f4
,,,,832ddcfe-5308-11e4-aaab-000b6a4d90f4
,,,,832e4da2-5308-11e4-aaab-000b6a4d90f4
,,,,832ebee6-5308-11e4-aaab-000b6a4d90f4
,,,,832f2fdb-5308-11e4-aaab-000b6a4d90f4
,,,,832fa108-5308-11e4-aaab-000b6a4d90f4
,,,,8330fe4d-5308-11e4-aaab-000b6a4d90f4
,,,,8334114e-5308-11e4-aaab-000b6a4d90f4
,,,,8334eb73-5308-11e4-aaab-000b6a4d90f4
,,,,83355da1-5308-11e4-aaab-000b6a4d90f4
,,,,8335ce88-5308-11e4-aaab-000b6a4d90f4
,,,,83365468-5308-11e4-aaab-000b6a4d90f4
,,,,8336d9c8-5308-11e4-aaab-000b6a4d90f4
,,,,83375d59-5308-11e4-aaab-000b6a4d90f4
,,,,8337cdd6-5308-11e4-aaab-000b6a4d90f4
,,,,83384655-5308-11e4-aaab-000b6a4d90f4
,,,,8338b835-5308-11e4-aaab-000b6a4d90f4
,,,,83392acd-5308-11e4-aaab-000b6a4d90f4
,,,,83399aae-5308-11e4-aaab-000b6a4d90f4
,,,,833a0b89-5308-11e4-aaab-000b6a4d90f4
,,,,833a7ab7-5308-11e4-aaab-000b6a4d90f4
,,,,833aea17-5308-11e4-aaab-000b6a4d90f4
,,,,833b5c5c-5308-11e4-aaab-000b6a4d90f4
,,,,833bccb4-5308-11e4-aaab-000b6a4d90f4
,,,,833c3cdd-5308-11e4-aaab-000b6a4d90f4
,,,,833cad73-5308-11e4-aaab-000b6a4d90f4
,,,,833d1cd6-5308-11e4-aaab-000b6a4d90f4
,,,,833d8d32-5308-11e4-aaab-000b6a4d90f4
,,,,833e2500-5308-11e4-aaab-000b6a4d90f4
,,,,833e967e-5308-11e4-aaab-000b6a4d90f4
,,,,833f06ea-5308-11e4-aaab-000b6a4d90f4
,,,,833f75f1-5308-11e4-aaab-000b6a4d90f4
,,,,833fe67f-5308-11e4-aaab-000b6a4d90f4
,,,,83405717-5308-11e4-aaab-000b6a4d90f4
,,,,8340c71f-5308-11e4-aaab-000b6a4d90f4
,,,,83434dfe-5308-11e4-aaab-000b6a4d90f4
,,,,8344b7ac-5308-11e4-aaab-000b6a4d90f4
,,,,83452b00-5308-11e4-aaab-000b6a4d90f4
,,,,83459f65-5308-11e4-aaab-000b6a4d90f4
,,,,8346126d-5308-11e4-aaab-000b6a4d90f4
,,,,83468691-5308-11e4-aaab-000b6a4d90f4
,,,,8346fb10-5308-11e4-aaab-000b6a4d90f4
,,,,83476f5e-5308-11e4-aaab-000b6a4d90f4
,,,,83488958-5308-11e4-aaab-000b6a4d90f4
,,,,8348fe0b-5308-11e4-aaab-000b6a4d90f4
,,,,8349724e-5308-11e4-aaab-000b6a4d90f4
,,,,8349e6a0-5308-11e4-aaab-000b6a4d90f4
,,,,834a59d7-5308-11e4-aaab-000b6a4d90f4
,,,,834ace82-5308-11e4-aaab-000b6a4d90f4
,,,,834b5089-5308-11e4-aaab-000b6a4d90f4
,,,,834bc4da-5308-11e4-aaab-000b6a4d90f4
,,,,834c38ab-5308-11e4-aaab-000b6a4d90f4
,,,,834caca6-5308-11e4-aaab-000b6a4d90f4
,,,,834d20ec-5308-11e4-aaab-000b6a4d90f4
,,,,834d955f-5308-11e4-aaab-000b6a4d90f4
,,,,834e0b6d-5308-11e4-aaab-000b6a4d90f4
,,,,834e7e67-5308-11e4-aaab-000b6a4d90f4
,,,,834f072c-5308-11e4-aaab-000b6a4d90f4
,,,,834f7b89-5308-11e4-aaab-000b6a4d90f4
,,,,834ff066-5308-11e4-aaab-000b6a4d90f4
,,,,835075fb-5308-11e4-aaab-000b6a4d90f4
,,,,835136a2-5308-11e4-aaab-000b6a4d90f4
,,,,8352b127-5308-11e4-aaab-000b6a4d90f4
,,,,8353244a-5308-11e4-aaab-000b6a4d90f4
,,,,835398b5-5308-11e4-aaab-000b6a4d90f4
,,,,83540e6c-5308-11e4-aaab-000b6a4d90f4
,,,,835482be-5308-11e4-aaab-000b6a4d90f4
,,,,835503e7-5308-11e4-aaab-000b6a4d90f4
,,,,8355791b-5308-11e4-aaab-000b6a4d90f4
,,,,8355edcf-5308-11e4-aaab-000b6a4d90f4
,,,,8356626e-5308-11e4-aaab-000b6a4d90f4
,,,,8356d722-5308-11e4-aaab-000b6a4d90f4
,,,,83574dc9-5308-11e4-aaab-000b6a4d90f4
,,,,8357c27c-5308-11e4-aaab-000b6a4d90f4
,,,,83583746-5308-11e4-aaab-000b6a4d90f4
,,,,8358ab46-5308-11e4-aaab-000b6a4d90f4
,,,,83592096-5308-11e4-aaab-000b6a4d90f4
,,,,835993d0-5308-11e4-aaab-000b6a4d90f4
,,,,835a086b-5308-11e4-aaab-000b6a4d90f4
,,,,835a7e86-5308-11e4-aaab-000b6a4d90f4
,,,,835af361-5308-11e4-aaab-000b6a4d90f4
,,,,835b6873-5308-11e4-aaab-000b6a4d90f4
,,,,835bdc65-5308-11e4-aaab-000b6a4d90f4
,,,,835c50f4-5308-11e4-aaab-000b6a4d90f4
,,,,835cc57b-5308-11e4-aaab-000b6a4d90f4
,,,,835d3a34-5308-11e4-aaab-000b6a4d90f4
,,,,835dae85-5308-11e4-aaab-000b6a4d90f4
,,,,835e229f-5308-11e4-aaab-000b6a4d90f4
,,,,835e975b-5308-11e4-aaab-000b6a4d90f4
,,,,8360c6aa-5308-11e4-aaab-000b6a4d90f4
,,,,83621a6b-5308-11e4-aaab-000b6a4d90f4
,,,,83628e58-5308-11e4-aaab-000b6a4d90f4
,,,,83630190-5308-11e4-aaab-000b6a4d90f4
,,,,83637624-5308-11e4-aaab-000b6a4d90f4
,,,,8363e978-5308-11e4-aaab-000b6a4d90f4
,,,,83645b92-5308-11e4-aaab-000b6a4d90f4
,,,,8364cf4a-5308-11e4-aaab-000b6a4d90f4
,,,,836542cf-5308-11e4-aaab-000b6a4d90f4
,,,,8365b671-5308-11e4-aaab-000b6a4d90f4
,,,,836628be-5308-11e4-aaab-000b6a4d90f4
,,,,83669eaa-5308-11e4-aaab-000b6a4d90f4
,,,,8367128c-5308-11e4-aaab-000b6a4d90f4
,,,,836785d9-5308-11e4-aaab-000b6a4d90f4
,,,,836822df-5308-11e4-aaab-000b6a4d90f4
,,,,83689596-5308-11e4-aaab-000b6a4d90f4
,,,,836908d0-5308-11e4-aaab-000b6a4d90f4
,,,,83697c0d-5308-11e4-aaab-000b6a4d90f4
,,,,8369ef60-5308-11e4-aaab-000b6a4d90f4
,,,,836a6310-5308-11e4-aaab-000b6a4d90f4
,,,,836ad5f9-5308-11e4-aaab-000b6a4d90f4
,,,,836b49de-5308-11e4-aaab-000b6a4d90f4
,,,,836bbce6-5308-11e4-aaab-000b6a4d90f4
,,,,836c303c-5308-11e4-aaab-000b6a4d90f4
,,,,836ca46e-5308-11e4-aaab-000b6a4d90f4
,,,,836d1689-5308-11e4-aaab-000b6a4d90f4
,,,,836d8975-5308-11e4-aaab-000b6a4d90f4
,,,,836fb546-5308-11e4-aaab-000b6a4d90f4
,,,,83707073-5308-11e4-aaab-000b6a4d90f4
,,,,8370fa62-5308-11e4-aaab-000b6a4d90f4
,,,,83716e55-5308-11e4-aaab-000b6a4d90f4
,,,,8371e1fc-5308-11e4-aaab-000b6a4d90f4
,,,,837255db-5308-11e4-aaab-000b6a4d90f4
,,,,8372cadf-5308-11e4-aaab-000b6a4d90f4
,,,,83733ed5-5308-11e4-aaab-000b6a4d90f4
,,,,8373b55a-5308-11e4-aaab-000b6a4d90f4
,,,,83742955-5308-11e4-aaab-000b6a4d90f4
,,,,83749da1-5308-11e4-aaab-000b6a4d90f4
,,,,837510af-5308-11e4-aaab-000b6a4d90f4
,,,,837583fd-5308-11e4-aaab-000b6a4d90f4
,,,,8375fda7-5308-11e4-aaab-000b6a4d90f4
,,,,837691ec-5308-11e4-aaab-000b6a4d90f4
,,,,8377ca39-5308-11e4-aaab-000b6a4d90f4
,,,,8378687d-5308-11e4-aaab-000b6a4d90f4
,,,,83790715-5308-11e4-aaab-000b6a4d90f4
,,,,83797acb-5308-11e4-aaab-000b6a4d90f4
,,,,8379ee82-5308-11e4-aaab-000b6a4d90f4
,,,,837a617f-5308-11e4-aaab-000b6a4d90f4
,,,,837ad53f-5308-11e4-aaab-000b6a4d90f4
,,,,837b490b-5308-11e4-aaab-000b6a4d90f4
,,,,837c742e-5308-11e4-aaab-000b6a4d90f4
,,,,837ce6a8-5308-11e4-aaab-000b6a4d90f4
,,,,837d5983-5308-11e4-aaab-000b6a4d90f4
,,,,837e0571-5308-11e4-aaab-000b6a4d90f4
,,,,837e77b5-5308-11e4-aaab-000b6a4d90f4
,,,,837ef689-5308-11e4-aaab-000b6a4d90f4
,,,,837f692c-5308-11e4-aaab-000b6a4d90f4
,,,,837fdc21-5308-11e4-aaab-000b6a4d90f4
,,,,83804eda-5308-11e4-aaab-000b6a4d90f4
,,,,8380c0ea-5308-11e4-aaab-000b6a4d90f4
,,,,838134b8-5308-11e4-aaab-000b6a4d90f4
,,,,8381a729-5308-11e4-aaab-000b6a4d90f4
,,,,83821943-5308-11e4-aaab-000b6a4d90f4
,,,,83828c4e-5308-11e4-aaab-000b6a4d90f4
,,,,8382fdaa-5308-11e4-aaab-000b6a4d90f4
,,,,8383712a-5308-11e4-aaab-000b6a4d90f4
,,,,8383e3ce-5308-11e4-aaab-000b6a4d90f4
,,,,8384ec00-5308-11e4-aaab-000b6a4d90f4
,,,,8385a0ca-5308-11e4-aaab-000b6a4d90f4
,,,,8386259f-5308-11e4-aaab-000b6a4d90f4
,,,,83869890-5308-11e4-aaab-000b6a4d90f4
,,,,83870b44-5308-11e4-aaab-000b6a4d90f4
,,,,83877cb7-5308-11e4-aaab-000b6a4d90f4
,,,,8387ef9d-5308-11e4-aaab-000b6a4d90f4
,,,,838a38a8-5308-11e4-aaab-000b6a4d90f4
,,,,838c2fc4-5308-11e4-aaab-000b6a4d90f4
,,,,838ecc33-5308-11e4-aaab-000b6a4d90f4
,,,,83910f1e-5308-11e4-aaab-000b6a4d90f4
,,,,83918417-5308-11e4-aaab-000b6a4d90f4
,,,,8391f598-5308-11e4-aaab-000b6a4d90f4
,,,,839265ae-5308-11e4-aaab-000b6a4d90f4
,,,,8392d65d-5308-11e4-aaab-000b6a4d90f4
,,,,839346c6-5308-11e4-aaab-000b6a4d90f4
,,,,8393b757-5308-11e4-aaab-000b6a4d90f4
,,,,83942cc5-5308-11e4-aaab-000b6a4d90f4
,,,,83949ce1-5308-11e4-aaab-000b6a4d90f4
,,,,83950d4d-5308-11e4-aaab-000b6a4d90f4
,,,,83957d6e-5308-11e4-aaab-000b6a4d90f4
,,,,8395ee98-5308-11e4-aaab-000b6a4d90f4
,,,,83965e8c-5308-11e4-aaab-000b6a4d90f4
,,,,8396ce6c-5308-11e4-aaab-000b6a4d90f4
,,,,83974102-5308-11e4-aaab-000b6a4d90f4
,,,,8397b144-5308-11e4-aaab-000b6a4d90f4
,,,,8398224f-5308-11e4-aaab-000b6a4d90f4
,,,,839892e3-5308-11e4-aaab-000b6a4d90f4
,,,,8399023d-5308-11e4-aaab-000b6a4d90f4
,,,,83997346-5308-11e4-aaab-000b6a4d90f4
,,,,8399e3fd-5308-11e4-aaab-000b6a4d90f4
,,,,839a5546-5308-11e4-aaab-000b6a4d90f4
,,,,839ac4bf-5308-11e4-aaab-000b6a4d90f4
,,,,839b34cd-5308-11e4-aaab-000b6a4d90f4
,,,,839ba5e0-5308-11e4-aaab-000b6a4d90f4
,,,,839c1684-5308-11e4-aaab-000b6a4d90f4
,,,,839c8750-5308-11e4-aaab-000b6a4d90f4
,,,,839dd625-5308-11e4-aaab-000b6a4d90f4
,,,,83a14ca1-5308-11e4-aaab-000b6a4d90f4
,,,,83a30cd0-5308-11e4-aaab-000b6a4d90f4
,,,,83a45cbd-5308-11e4-aaab-000b6a4d90f4
,,,,83a536e2-5308-11e4-aaab-000b6a4d90f4
,,,,83a6261c-5308-11e4-aaab-000b6a4d90f4
,,,,83a7851b-5308-11e4-aaab-000b6a4d90f4
,,,,83a92c0d-5308-11e4-aaab-000b6a4d90f4
,,,,83a99de7-5308-11e4-aaab-000b6a4d90f4
,,,,83aa0e72-5308-11e4-aaab-000b6a4d90f4
,,,,83aa80c7-5308-11e4-aaab-000b6a4d90f4
,,,,83aaf23f-5308-11e4-aaab-000b6a4d90f4
,,,,83ab636c-5308-11e4-aaab-000b6a4d90f4
,,,,83abd509-5308-11e4-aaab-000b6a4d90f4
,,,,83ac45a5-5308-11e4-aaab-000b6a4d90f4
,,,,83acb726-5308-11e4-aaab-000b6a4d90f4
,,,,83ad284a-5308-11e4-aaab-000b6a4d90f4
,,,,83ad9982-5308-11e4-aaab-000b6a4d90f4
,,,,83ae0b17-5308-11e4-aaab-000b6a4d90f4
,,,,83ae7bd1-5308-11e4-aaab-000b6a4d90f4
,,,,83aeed63-5308-11e4-aaab-000b6a4d90f4
,,,,83af5e5a-5308-11e4-aaab-000b6a4d90f4
,,,,83afd168-5308-11e4-aaab-000b6a4d90f4
,,,,83b04337-5308-11e4-aaab-000b6a4d90f4
,,,,83b0b634-5308-11e4-aaab-000b6a4d90f4
,,,,83b12790-5308-11e4-aaab-000b6a4d90f4
,,,,83b198d1-5308-11e4-aaab-000b6a4d90f4
,,,,83b20983-5308-11e4-aaab-000b6a4d90f4
,,,,83b27b6e-5308-11e4-aaab-000b6a4d90f4
,,,,83b2ee00-5308-11e4-aaab-000b6a4d90f4
,,,,83b35fa5-5308-11e4-aaab-000b6a4d90f4
,,,,83b3e351-5308-11e4-aaab-000b6a4d90f4
,,,,83b4547e-5308-11e4-aaab-000b6a4d90f4
,,,,83b4e95d-5308-11e4-aaab-000b6a4d90f4
,,,,83b6c4ae-5308-11e4-aaab-000b6a4d90f4
,,,,83b90b25-5308-11e4-aaab-000b6a4d90f4
,,,,83b97b13-5308-11e4-aaab-000b6a4d90f4
,,,,83b9ec08-5308-11e4-aaab-000b6a4d90f4
,,,,83ba5d67-5308-11e4-aaab-000b6a4d90f4
,,,,83bacea0-5308-11e4-aaab-000b6a4d90f4
,,,,83bb3fd8-5308-11e4-aaab-000b6a4d90f4
,,,,83bbb084-5308-11e4-aaab-000b6a4d90f4
,,,,83bc2299-5308-11e4-aaab-000b6a4d90f4
,,,,83bc938b-5308-11e4-aaab-000b6a4d90f4
,,,,83bd057c-5308-11e4-aaab-000b6a4d90f4
,,,,83bd763f-5308-11e4-aaab-000b6a4d90f4
,,,,83bde720-5308-11e4-aaab-000b6a4d90f4
,,,,83be5869-5308-11e4-aaab-000b6a4d90f4
,,,,83bec8fc-5308-11e4-aaab-000b6a4d90f4
,,,,83bf3a48-5308-11e4-aaab-000b6a4d90f4
,,,,83bfab3d-5308-11e4-aaab-000b6a4d90f4
,,,,83c01a95-5308-11e4-aaab-000b6a4d90f4
,,,,83c08c10-5308-11e4-aaab-000b6a4d90f4
,,,,83c0fd32-5308-11e4-aaab-000b6a4d90f4
,,,,83c16e38-5308-11e4-aaab-000b6a4d90f4
,,,,83c1f0cc-5308-11e4-aaab-000b6a4d90f4
,,,,83c260d7-5308-11e4-aaab-000b6a4d90f4
,,,,83c2d27f-5308-11e4-aaab-000b6a4d90f4
,,,,83c3438d-5308-11e4-aaab-000b6a4d90f4
,,,,83c3b505-5308-11e4-aaab-000b6a4d90f4
,,,,83c424e3-5308-11e4-aaab-000b6a4d90f4
,,,,83c4a1af-5308-11e4-aaab-000b6a4d90f4
,,,,83c64f14-5308-11e4-aaab-000b6a4d90f4
,,,,83c6d77c-5308-11e4-aaab-000b6a4d90f4
,,,,83c748b5-5308-11e4-aaab-000b6a4d90f4
,,,,83c7b8e3-5308-11e4-aaab-000b6a4d90f4
,,,,83c82b79-5308-11e4-aaab-000b6a4d90f4
,,,,83c89b97-5308-11e4-aaab-000b6a4d90f4
,,,,83c90c57-5308-11e4-aaab-000b6a4d90f4
,,,,83c97d25-5308-11e4-aaab-000b6a4d90f4
,,,,83c9edf0-5308-11e4-aaab-000b6a4d90f4
,,,,83ca5f39-5308-11e4-aaab-000b6a4d90f4
,,,,83cacf6a-5308-11e4-aaab-000b6a4d90f4
,,,,83cb4009-5308-11e4-aaab-000b6a4d90f4
,,,,83cbb5d6-5308-11e4-aaab-000b6a4d90f4
,,,,83cc256e-5308-11e4-aaab-000b6a4d90f4
,,,,83cc9618-5308-11e4-aaab-000b6a4d90f4
,,,,83cd0588-5308-11e4-aaab-000b6a4d90f4
,,,,83cd7569-5308-11e4-aaab-000b6a4d90f4
,,,,83cde607-5308-11e4-aaab-000b6a4d90f4
,,,,83ce57d4-5308-11e4-aaab-000b6a4d90f4
,,,,83cec83d-5308-11e4-aaab-000b6a4d90f4
,,,,83cf3842-5308-11e4-aaab-000b6a4d90f4
,,,,83cfa8e6-5308-11e4-aaab-000b6a4d90f4
,,,,83d0199b-5308-11e4-aaab-000b6a4d90f4
,,,,83d097cf-5308-11e4-aaab-000b6a4d90f4
,,,,83d10814-5308-11e4-aaab-000b6a4d90f4
,,,,83d17a56-5308-11e4-aaab-000b6a4d90f4
,,,,83d1eaac-5308-11e4-aaab-000b6a4d90f4
,,,,83d25b3c-5308-11e4-aaab-000b6a4d90f4
,,,,83d3871e-5308-11e4-aaab-000b6a4d90f4
,,,,83d539e6-5308-11e4-aaab-000b6a4d90f4
,,,,83d5a8df-5308-11e4-aaab-000b6a4d90f4
,,,,83d619df-5308-11e4-aaab-000b6a4d90f4
,,,,83d68a5f-5308-11e4-aaab-000b6a4d90f4
,,,,83d6fb00-5308-11e4-aaab-000b6a4d90f4
,,,,83d76b7b-5308-11e4-aaab-000b6a4d90f4
,,,,83d7db23-5308-11e4-aaab-000b6a4d90f4
,,,,83d84a94-5308-11e4-aaab-000b6a4d90f4
,,,,83d8bb27-5308-11e4-aaab-000b6a4d90f4
,,,,83d92b67-5308-11e4-aaab-000b6a4d90f4
,,,,83d99bfa-5308-11e4-aaab-000b6a4d90f4
,,,,83da0b1f-5308-11e4-aaab-000b6a4d90f4
,,,,83da7ca0-5308-11e4-aaab-000b6a4d90f4
,,,,83daed3f-5308-11e4-aaab-000b6a4d90f4
,,,,83db5d8c-5308-11e4-aaab-000b6a4d90f4
,,,,83dbce01-5308-11e4-aaab-000b6a4d90f4
,,,,83dc3d26-5308-11e4-aaab-000b6a4d90f4
,,,,83dcad60-5308-11e4-aaab-000b6a4d90f4
,,,,83dd1e0c-5308-11e4-aaab-000b6a4d90f4
,,,,83dd8e0e-5308-11e4-aaab-000b6a4d90f4
,,,,83ddfe02-5308-11e4-aaab-000b6a4d90f4
,,,,83de6d36-5308-11e4-aaab-000b6a4d90f4
,,,,83dedcec-5308-11e4-aaab-000b6a4d90f4
,,,,83df4e09-5308-11e4-aaab-000b6a4d90f4
,,,,83dfbe45-5308-11e4-aaab-000b6a4d90f4
,,,,83e02e90-5308-11e4-aaab-000b6a4d90f4
,,,,83e2eb90-5308-11e4-aaab-000b6a4d90f4
,,,,83e40d61-5308-11e4-aaab-000b6a4d90f4
,,,,83e47dd9-5308-11e4-aaab-000b6a4d90f4
,,,,83e4ee53-5308-11e4-aaab-000b6a4d90f4
,,,,83e55da2-5308-11e4-aaab-000b6a4d90f4
,,,,83e5cd9f-5308-11e4-aaab-000b6a4d90f4
,,,,83e63e1e-5308-11e4-aaab-000b6a4d90f4
,,,,83e6b118-5308-11e4-aaab-000b6a4d90f4
,,,,83e721ef-5308-11e4-aaab-000b6a4d90f4
,,,,83e7912a-5308-11e4-aaab-000b6a4d90f4
,,,,83e80164-5308-11e4-aaab-000b6a4d90f4
,,,,83e8727e-5308-11e4-aaab-000b6a4d90f4
,,,,83e8e2b5-5308-11e4-aaab-000b6a4d90f4
,,,,83e951e0-5308-11e4-aaab-000b6a4d90f4
,,,,83e9cc5c-5308-11e4-aaab-000b6a4d90f4
,,,,83ea3ccd-5308-11e4-aaab-000b6a4d90f4
,,,,83eaacb9-5308-11e4-aaab-000b6a4d90f4
,,,,83eb1d47-5308-11e4-aaab-000b6a4d90f4
,,,,83eb8bd0-5308-11e4-aaab-000b6a4d90f4
,,,,83ebfc74-5308-11e4-aaab-000b6a4d90f4
,,,,83ec6d18-5308-11e4-aaab-000b6a4d90f4
,,,,83ecdd0f-5308-11e4-aaab-000b6a4d90f4
,,,,83ed4ef7-5308-11e4-aaab-000b6a4d90f4
,,,,83edbde4-5308-11e4-aaab-000b6a4d90f4
,,,,83ee2ee2-5308-11e4-aaab-000b6a4d90f4
,,,,83ee9f27-5308-11e4-aaab-000b6a4d90f4
,,,,83ef0f37-5308-11e4-aaab-000b6a4d90f4
,,,,83f12cef-5308-11e4-aaab-000b6a4d90f4
,,,,83f363dc-5308-11e4-aaab-000b6a4d90f4
,,,,83f3d549-5308-11e4-aaab-000b6a4d90f4
,,,,83f44550-5308-11e4-aaab-000b6a4d90f4
,,,,83f4b678-5308-11e4-aaab-000b6a4d90f4
,,,,83f527e2-5308-11e4-aaab-000b6a4d90f4
,,,,83f59998-5308-11e4-aaab-000b6a4d90f4
,,,,83f60ac2-5308-11e4-aaab-000b6a4d90f4
,,,,83f67a87-5308-11e4-aaab-000b6a4d90f4
,,,,83f6eb5a-5308-11e4-aaab-000b6a4d90f4
,,,,83f75d3d-5308-11e4-aaab-000b6a4d90f4
,,,,83f7cea4-5308-11e4-aaab-000b6a4d90f4
,,,,83f84014-5308-11e4-aaab-000b6a4d90f4
,,,,83f8b08f-5308-11e4-aaab-000b6a4d90f4
,,,,83f920f0-5308-11e4-aaab-000b6a4d90f4
,,,,83f993e4-5308-11e4-aaab-000b6a4d90f4
,,,,83fa05da-5308-11e4-aaab-000b6a4d90f4
,,,,83fa76f6-5308-11e4-aaab-000b6a4d90f4
,,,,83fae7b3-5308-11e4-aaab-000b6a4d90f4
,,,,83fb5918-5308-11e4-aaab-000b6a4d90f4
,,,,83fbcac9-5308-11e4-aaab-000b6a4d90f4
,,,,83fc3c09-5308-11e4-aaab-000b6a4d90f4
,,,,83fcacdd-5308-11e4-aaab-000b6a4d90f4
,,,,83fd1d7e-5308-11e4-aaab-000b6a4d90f4
,,,,83fd8df0-5308-11e4-aaab-000b6a4d90f4
,,,,83fe0002-5308-11e4-aaab-000b6a4d90f4
,,,,83fefbc0-5308-11e4-aaab-000b6a4d90f4
,,,,83ff7337-5308-11e4-aaab-000b6a4d90f4
,,,,83ffe7a4-5308-11e4-aaab-000b6a4d90f4
,,,,84005c25-5308-11e4-aaab-000b6a4d90f4
,,,,8400d2b0-5308-11e4-aaab-000b6a4d90f4
,,,,84014591-5308-11e4-aaab-000b6a4d90f4
,,,,8401b954-5308-11e4-aaab-000b6a4d90f4
,,,,84022d1a-5308-11e4-aaab-000b6a4d90f4
,,,,8402a153-5308-11e4-aaab-000b6a4d90f4
,,,,84031640-5308-11e4-aaab-000b6a4d90f4
,,,,840388d3-5308-11e4-aaab-000b6a4d90f4
,,,,8403fcf2-5308-11e4-aaab-000b6a4d90f4
,,,,840470c3-5308-11e4-aaab-000b6a4d90f4
,,,,8404e4b6-5308-11e4-aaab-000b6a4d90f4
,,,,84055a54-5308-11e4-aaab-000b6a4d90f4
,,,,8405cc1a-5308-11e4-aaab-000b6a4d90f4
,,,,840640e4-5308-11e4-aaab-000b6a4d90f4
,,,,8406b5ab-5308-11e4-aaab-000b6a4d90f4
,,,,840729b4-5308-11e4-aaab-000b6a4d90f4
,,,,84079df2-5308-11e4-aaab-000b6a4d90f4
,,,,840810b9-5308-11e4-aaab-000b6a4d90f4
,,,,8408851c-5308-11e4-aaab-000b6a4d90f4
,,,,8408f91c-5308-11e4-aaab-000b6a4d90f4
,,,,84096d17-5308-11e4-aaab-000b6a4d90f4
,,,,840a46eb-5308-11e4-aaab-000b6a4d90f4
,,,,840c1818-5308-11e4-aaab-000b6a4d90f4
,,,,840c8b85-5308-11e4-aaab-000b6a4d90f4
,,,,840cffe7-5308-11e4-aaab-000b6a4d90f4
,,,,840d747b-5308-11e4-aaab-000b6a4d90f4
,,,,840de8cd-5308-11e4-aaab-000b6a4d90f4
,,,,840e6973-5308-11e4-aaab-000b6a4d90f4
,,,,840edfab-5308-11e4-aaab-000b6a4d90f4
,,,,840f5442-5308-11e4-aaab-000b6a4d90f4
,,,,840fc862-5308-11e4-aaab-000b6a4d90f4
,,,,84103ce8-5308-11e4-aaab-000b6a4d90f4
,,,,8410afed-5308-11e4-aaab-000b6a4d90f4
,,,,84112444-5308-11e4-aaab-000b6a4d90f4
,,,,84119a44-5308-11e4-aaab-000b6a4d90f4
,,,,84120e58-5308-11e4-aaab-000b6a4d90f4
,,,,84128248-5308-11e4-aaab-000b6a4d90f4
,,,,8412f605-5308-11e4-aaab-000b6a4d90f4
,,,,84136a78-5308-11e4-aaab-000b6a4d90f4
,,,,8413dee3-5308-11e4-aaab-000b6a4d90f4
,,,,8414534e-5308-11e4-aaab-000b6a4d90f4
,,,,8414c79a-5308-11e4-aaab-000b6a4d90f4
,,,,84154e84-5308-11e4-aaab-000b6a4d90f4
,,,,8418f442-5308-11e4-aaab-000b6a4d90f4
,,,,841a6671-5308-11e4-aaab-000b6a4d90f4
,,,,841adad9-5308-11e4-aaab-000b6a4d90f4
,,,,841b4eb5-5308-11e4-aaab-000b6a4d90f4
,,,,841bc1e9-5308-11e4-aaab-000b6a4d90f4
,,,,841c3600-5308-11e4-aaab-000b6a4d90f4
,,,,841ca9c0-5308-11e4-aaab-000b6a4d90f4
,,,,841d1d78-5308-11e4-aaab-000b6a4d90f4
,,,,841d9319-5308-11e4-aaab-000b6a4d90f4
,,,,841e0cfe-5308-11e4-aaab-000b6a4d90f4
,,,,841e813f-5308-11e4-aaab-000b6a4d90f4
,,,,841ef526-5308-11e4-aaab-000b6a4d90f4
,,,,841f690e-5308-11e4-aaab-000b6a4d90f4
,,,,841fdc2f-5308-11e4-aaab-000b6a4d90f4
,,,,84205000-5308-11e4-aaab-000b6a4d90f4
,,,,8420c400-5308-11e4-aaab-000b6a4d90f4
,,,,842137da-5308-11e4-aaab-000b6a4d90f4
,,,,8421ab7b-5308-11e4-aaab-000b6a4d90f4
,,,,84221eb5-5308-11e4-aaab-000b6a4d90f4
,,,,842292f6-5308-11e4-aaab-000b6a4d90f4
,,,,8423077f-5308-11e4-aaab-000b6a4d90f4
,,,,84237b91-5308-11e4-aaab-000b6a4d90f4
,,,,8423f10d-5308-11e4-aaab-000b6a4d90f4
,,,,8424e399-5308-11e4-aaab-000b6a4d90f4
,,,,842556ef-5308-11e4-aaab-000b6a4d90f4
,,,,8425c9bc-5308-11e4-aaab-000b6a4d90f4
,,,,84263c52-5308-11e4-aaab-000b6a4d90f4
,,,,8426aeec-5308-11e4-aaab-000b6a4d90f4
,,,,8427229f-5308-11e4-aaab-000b6a4d90f4
,,,,842795d1-5308-11e4-aaab-000b6a4d90f4
,,,,84280951-5308-11e4-aaab-000b6a4d90f4
,,,,84287bd8-5308-11e4-aaab-000b6a4d90f4
,,,,8428eebb-5308-11e4-aaab-000b6a4d90f4
,,,,842962d8-5308-11e4-aaab-000b6a4d90f4
,,,,8429d743-5308-11e4-aaab-000b6a4d90f4
,,,,842a4b67-5308-11e4-aaab-000b6a4d90f4
,,,,842abe29-5308-11e4-aaab-000b6a4d90f4
,,,,842b31b2-5308-11e4-aaab-000b6a4d90f4
,,,,842ba4cd-5308-11e4-aaab-000b6a4d90f4
,,,,842c17f7-5308-11e4-aaab-000b6a4d90f4
,,,,842c8b0d-5308-11e4-aaab-000b6a4d90f4
,,,,842cfd62-5308-11e4-aaab-000b6a4d90f4
,,,,842d743b-5308-11e4-aaab-000b6a4d90f4
,,,,842de775-5308-11e4-aaab-000b6a4d90f4
,,,,842ea172-5308-11e4-aaab-000b6a4d90f4
,,,,842fd0a2-5308-11e4-aaab-000b6a4d90f4
,,,,84304656-5308-11e4-aaab-000b6a4d90f4
,,,,8430bb0f-5308-11e4-aaab-000b6a4d90f4
,,,,84312ea8-5308-11e4-aaab-000b6a4d90f4
,,,,8431a1c9-5308-11e4-aaab-000b6a4d90f4
,,,,8432151c-5308-11e4-aaab-000b6a4d90f4
,,,,843288e8-5308-11e4-aaab-000b6a4d90f4
,,,,8432fd8d-5308-11e4-aaab-000b6a4d90f4
,,,,843370ca-5308-11e4-aaab-000b6a4d90f4
,,,,8433e490-5308-11e4-aaab-000b6a4d90f4
,,,,843458c8-5308-11e4-aaab-000b6a4d90f4
,,,,8434cc75-5308-11e4-aaab-000b6a4d90f4
,,,,8435407e-5308-11e4-aaab-000b6a4d90f4
,,,,8435b69a-5308-11e4-aaab-000b6a4d90f4
,,,,84362af1-5308-11e4-aaab-000b6a4d90f4
,,,,8436a182-5308-11e4-aaab-000b6a4d90f4
,,,,84371590-5308-11e4-aaab-000b6a4d90f4
,,,,84378a09-5308-11e4-aaab-000b6a4d90f4
,,,,8437fd05-5308-11e4-aaab-000b6a4d90f4
,,,,843871a0-5308-11e4-aaab-000b6a4d90f4
,,,,8438e618-5308-11e4-aaab-000b6a4d90f4
,,,,84395a13-5308-11e4-aaab-000b6a4d90f4
,,,,8439cd96-5308-11e4-aaab-000b6a4d90f4
,,,,843bf12d-5308-11e4-aaab-000b6a4d90f4
,,,,843f5707-5308-11e4-aaab-000b6a4d90f4
,,,,84414c04-5308-11e4-aaab-000b6a4d90f4
,,,,844254b2-5308-11e4-aaab-000b6a4d90f4
,,,,8442c6df-5308-11e4-aaab-000b6a4d90f4
,,,,844338d8-5308-11e4-aaab-000b6a4d90f4
,,,,8443a9a1-5308-11e4-aaab-000b6a4d90f4
,,,,84441a37-5308-11e4-aaab-000b6a4d90f4
,,,,84448a79-5308-11e4-aaab-000b6a4d90f4
,,,,8444fa2d-5308-11e4-aaab-000b6a4d90f4
,,,,84456bd8-5308-11e4-aaab-000b6a4d90f4
,,,,8445dcee-5308-11e4-aaab-000b6a4d90f4
,,,,84464dd8-5308-11e4-aaab-000b6a4d90f4
,,,,8446bf86-5308-11e4-aaab-000b6a4d90f4
,,,,84472f42-5308-11e4-aaab-000b6a4d90f4
,,,,8447a0e7-5308-11e4-aaab-000b6a4d90f4
,,,,844811a7-5308-11e4-aaab-000b6a4d90f4
,,,,84488429-5308-11e4-aaab-000b6a4d90f4
,,,,8448f5e1-5308-11e4-aaab-000b6a4d90f4
,,,,84496587-5308-11e4-aaab-000b6a4d90f4
,,,,8449d6a3-5308-11e4-aaab-000b6a4d90f4
,,,,844c4eb9-5308-11e4-aaab-000b6a4d90f4
,,,,844f2bb5-5308-11e4-aaab-000b6a4d90f4
,,,,844fa063-5308-11e4-aaab-000b6a4d90f4
,,,,8450142e-5308-11e4-aaab-000b6a4d90f4
,,,,8450878a-5308-11e4-aaab-000b6a4d90f4
,,,,8450fb18-5308-11e4-aaab-000b6a4d90f4
,,,,84516fa1-5308-11e4-aaab-000b6a4d90f4
,,,,8451e37b-5308-11e4-aaab-000b6a4d90f4
,,,,845256cb-5308-11e4-aaab-000b6a4d90f4
,,,,8452ca54-5308-11e4-aaab-000b6a4d90f4
,,,,84533e1c-5308-11e4-aaab-000b6a4d90f4
,,,,8453b18e-5308-11e4-aaab-000b6a4d90f4
,,,,84542437-5308-11e4-aaab-000b6a4d90f4
,,,,84549720-5308-11e4-aaab-000b6a4d90f4
,,,,84550c1a-5308-11e4-aaab-000b6a4d90f4
,,,,8455808f-5308-11e4-aaab-000b6a4d90f4
,,,,8455f498-5308-11e4-aaab-000b6a4d90f4
,,,,8456c9fb-5308-11e4-aaab-000b6a4d90f4
,,,,84573d1c-5308-11e4-aaab-000b6a4d90f4
,,,,8457b3e8-5308-11e4-aaab-000b6a4d90f4
,,,,84582781-5308-11e4-aaab-000b6a4d90f4
,,,,84589a68-5308-11e4-aaab-000b6a4d90f4
,,,,84590e39-5308-11e4-aaab-000b6a4d90f4
,,,,845999af-5308-11e4-aaab-000b6a4d90f4
,,,,845a0e36-5308-11e4-aaab-000b6a4d90f4
,,,,845a81eb-5308-11e4-aaab-000b6a4d90f4
,,,,845af7c7-5308-11e4-aaab-000b6a4d90f4
,,,,845b6b49-5308-11e4-aaab-000b6a4d90f4
,,,,845bde40-5308-11e4-aaab-000b6a4d90f4
,,,,845c6052-5308-11e4-aaab-000b6a4d90f4
,,,,845cd2a4-5308-11e4-aaab-000b6a4d90f4
,,,,845d45bd-5308-11e4-aaab-000b6a4d90f4
,,,,845db950-5308-11e4-aaab-000b6a4d90f4
,,,,845e2cd0-5308-11e4-aaab-000b6a4d90f4
,,,,845ea15a-5308-11e4-aaab-000b6a4d90f4
,,,,845f135e-5308-11e4-aaab-000b6a4d90f4
,,,,845f86c8-5308-11e4-aaab-000b6a4d90f4
,,,,8460edbe-5308-11e4-aaab-000b6a4d90f4
,,,,84636904-5308-11e4-aaab-000b6a4d90f4
,,,,84663d37-5308-11e4-aaab-000b6a4d90f4
,,,,84671ab0-5308-11e4-aaab-000b6a4d90f4
,,,,84678b8f-5308-11e4-aaab-000b6a4d90f4
,,,,8467fb64-5308-11e4-aaab-000b6a4d90f4
,,,,84686c7a-5308-11e4-aaab-000b6a4d90f4
,,,,8468dce7-5308-11e4-aaab-000b6a4d90f4
,,,,84694e16-5308-11e4-aaab-000b6a4d90f4
,,,,8469be67-5308-11e4-aaab-000b6a4d90f4
,,,,846a3054-5308-11e4-aaab-000b6a4d90f4
,,,,846aa1bf-5308-11e4-aaab-000b6a4d90f4
,,,,846b1252-5308-11e4-aaab-000b6a4d90f4
,,,,846b8320-5308-11e4-aaab-000b6a4d90f4
,,,,846bf3c4-5308-11e4-aaab-000b6a4d90f4
,,,,846c646b-5308-11e4-aaab-000b6a4d90f4
,,,,846cd566-5308-11e4-aaab-000b6a4d90f4
,,,,846d4761-5308-11e4-aaab-000b6a4d90f4
,,,,846db8b5-5308-11e4-aaab-000b6a4d90f4
,,,,846e2842-5308-11e4-aaab-000b6a4d90f4
,,,,846e989e-5308-11e4-aaab-000b6a4d90f4
,,,,846f0950-5308-11e4-aaab-000b6a4d90f4
,,,,846f7a5b-5308-11e4-aaab-000b6a4d90f4
,,,,846feb23-5308-11e4-aaab-000b6a4d90f4
,,,,84705bf7-5308-11e4-aaab-000b6a4d90f4
,,,,8470cd35-5308-11e4-aaab-000b6a4d90f4
,,,,8472ab3a-5308-11e4-aaab-000b6a4d90f4
,,,,8474a32f-5308-11e4-aaab-000b6a4d90f4
,,,,84768183-5308-11e4-aaab-000b6a4d90f4
,,,,8476f232-5308-11e4-aaab-000b6a4d90f4
,,,,847762d9-5308-11e4-aaab-000b6a4d90f4
,,,,8477d468-5308-11e4-aaab-000b6a4d90f4
,,,,8478491b-5308-11e4-aaab-000b6a4d90f4
,,,,8478bc79-5308-11e4-aaab-000b6a4d90f4
,,,,84792e38-5308-11e4-aaab-000b6a4d90f4
,,,,847a41ce-5308-11e4-aaab-000b6a4d90f4
,,,,847ab44b-5308-11e4-aaab-000b6a4d90f4
,,,,847b2586-5308-11e4-aaab-000b6a4d90f4
,,,,847b96ed-5308-11e4-aaab-000b6a4d90f4
,,,,847c08b1-5308-11e4-aaab-000b6a4d90f4
,,,,847c7b8c-5308-11e4-aaab-000b6a4d90f4
,,,,847ced7d-5308-11e4-aaab-000b6a4d90f4
,,,,847d5f38-5308-11e4-aaab-000b6a4d90f4
,,,,847dcf64-5308-11e4-aaab-000b6a4d90f4
,,,,847e4117-5308-11e4-aaab-000b6a4d90f4
,,,,847eb3ac-5308-11e4-aaab-000b6a4d90f4
,,,,847f2533-5308-11e4-aaab-000b6a4d90f4
,,,,847f96d2-5308-11e4-aaab-000b6a4d90f4
,,,,8480bbe2-5308-11e4-aaab-000b6a4d90f4
,,,,84812c9f-5308-11e4-aaab-000b6a4d90f4
,,,,84819de5-5308-11e4-aaab-000b6a4d90f4
,,,,84820da7-5308-11e4-aaab-000b6a4d90f4
,,,,8482878f-5308-11e4-aaab-000b6a4d90f4
,,,,8482f9a6-5308-11e4-aaab-000b6a4d90f4
,,,,84836aa7-5308-11e4-aaab-000b6a4d90f4
,,,,8483db53-5308-11e4-aaab-000b6a4d90f4
,,,,84844a89-5308-11e4-aaab-000b6a4d90f4
,,,,8484bbe6-5308-11e4-aaab-000b6a4d90f4
,,,,84852cff-5308-11e4-aaab-000b6a4d90f4
,,,,84859eaf-5308-11e4-aaab-000b6a4d90f4
,,,,84861025-5308-11e4-aaab-000b6a4d90f4
,,,,84867ff2-5308-11e4-aaab-000b6a4d90f4
,,,,8486f10b-5308-11e4-aaab-000b6a4d90f4
,,,,848761e4-5308-11e4-aaab-000b6a4d90f4
,,,,8487d309-5308-11e4-aaab-000b6a4d90f4
,,,,8488435c-5308-11e4-aaab-000b6a4d90f4
,,,,8488b2f7-5308-11e4-aaab-000b6a4d90f4
,,,,84892732-5308-11e4-aaab-000b6a4d90f4
,,,,84899856-5308-11e4-aaab-000b6a4d90f4
,,,,848a095c-5308-11e4-aaab-000b6a4d90f4
,,,,848a7a2d-5308-11e4-aaab-000b6a4d90f4
,,,,848b3998-5308-11e4-aaab-000b6a4d90f4
,,,,848baaea-5308-11e4-aaab-000b6a4d90f4
,,,,848c1e0e-5308-11e4-aaab-000b6a4d90f4
,,,,848c8fbb-5308-11e4-aaab-000b6a4d90f4
,,,,848cff48-5308-11e4-aaab-000b6a4d90f4
,,,,848d70e7-5308-11e4-aaab-000b6a4d90f4
,,,,848de24c-5308-11e4-aaab-000b6a4d90f4
,,,,848e52d1-5308-11e4-aaab-000b6a4d90f4
,,,,848ec346-5308-11e4-aaab-000b6a4d90f4
,,,,848f3361-5308-11e4-aaab-000b6a4d90f4
,,,,848fa445-5308-11e4-aaab-000b6a4d90f4
,,,,84901799-5308-11e4-aaab-000b6a4d90f4
,,,,849088f2-5308-11e4-aaab-000b6a4d90f4
,,,,8490f8cb-5308-11e4-aaab-000b6a4d90f4
,,,,84916868-5308-11e4-aaab-000b6a4d90f4
,,,,8491d920-5308-11e4-aaab-000b6a4d90f4
,,,,84924b78-5308-11e4-aaab-000b6a4d90f4
,,,,8492bc35-5308-11e4-aaab-000b6a4d90f4
,,,,84932cc5-5308-11e4-aaab-000b6a4d90f4
,,,,84939c92-5308-11e4-aaab-000b6a4d90f4
,,,,84940d1d-5308-11e4-aaab-000b6a4d90f4
,,,,84947dd5-5308-11e4-aaab-000b6a4d90f4
,,,,84983f08-5308-11e4-aaab-000b6a4d90f4
,,,,849a55b6-5308-11e4-aaab-000b6a4d90f4
,,,,849ac6f4-5308-11e4-aaab-000b6a4d90f4
,,,,849b37e0-5308-11e4-aaab-000b6a4d90f4
,,,,849ba8e4-5308-11e4-aaab-000b6a4d90f4
,,,,849c1985-5308-11e4-aaab-000b6a4d90f4
,,,,849c8aec-5308-11e4-aaab-000b6a4d90f4
,,,,849cfbc0-5308-11e4-aaab-000b6a4d90f4
,,,,849d6c64-5308-11e4-aaab-000b6a4d90f4
,,,,849dddfb-5308-11e4-aaab-000b6a4d90f4
,,,,849e74a4-5308-11e4-aaab-000b6a4d90f4
,,,,849ee5ea-5308-11e4-aaab-000b6a4d90f4
,,,,849f573e-5308-11e4-aaab-000b6a4d90f4
,,,,849fed62-5308-11e4-aaab-000b6a4d90f4
,,,,84a05ecf-5308-11e4-aaab-000b6a4d90f4
,,,,84a0cf17-5308-11e4-aaab-000b6a4d90f4
,,,,84a140f9-5308-11e4-aaab-000b6a4d90f4
,,,,84a1b213-5308-11e4-aaab-000b6a4d90f4
,,,,84a222f1-5308-11e4-aaab-000b6a4d90f4
,,,,84a293e9-5308-11e4-aaab-000b6a4d90f4
,,,,84a30437-5308-11e4-aaab-000b6a4d90f4
,,,,84a48b05-5308-11e4-aaab-000b6a4d90f4
,,,,84a70e88-5308-11e4-aaab-000b6a4d90f4
,,,,84a788f3-5308-11e4-aaab-000b6a4d90f4
,,,,84a7fce8-5308-11e4-aaab-000b6a4d90f4
,,,,84a8705a-5308-11e4-aaab-000b6a4d90f4
,,,,84a8e3a0-5308-11e4-aaab-000b6a4d90f4
,,,,84a95691-5308-11e4-aaab-000b6a4d90f4
,,,,84a9c972-5308-11e4-aaab-000b6a4d90f4
,,,,84aa3cd6-5308-11e4-aaab-000b6a4d90f4
,,,,84aab1c9-5308-11e4-aaab-000b6a4d90f4
,,,,84ab252e-5308-11e4-aaab-000b6a4d90f4
,,,,84ab9785-5308-11e4-aaab-000b6a4d90f4
,,,,84ac0a2c-5308-11e4-aaab-000b6a4d90f4
,,,,84ac7d1d-5308-11e4-aaab-000b6a4d90f4
,,,,84acf0d8-5308-11e4-aaab-000b6a4d90f4
,,,,84ad640c-5308-11e4-aaab-000b6a4d90f4
,,,,84add65c-5308-11e4-aaab-000b6a4d90f4
,,,,84ae49d1-5308-11e4-aaab-000b6a4d90f4
,,,,84aec588-5308-11e4-aaab-000b6a4d90f4
,,,,84af398c-5308-11e4-aaab-000b6a4d90f4
,,,,84afabe6-5308-11e4-aaab-000b6a4d90f4
,,,,84b01ee9-5308-11e4-aaab-000b6a4d90f4
,,,,84b09eb8-5308-11e4-aaab-000b6a4d90f4
,,,,84b112a5-5308-11e4-aaab-000b6a4d90f4
,,,,84b20637-5308-11e4-aaab-000b6a4d90f4
,,,,84b27a59-5308-11e4-aaab-000b6a4d90f4
,,,,84b2ee9f-5308-11e4-aaab-000b6a4d90f4
,,,,84b36304-5308-11e4-aaab-000b6a4d90f4
,,,,84b3d76f-5308-11e4-aaab-000b6a4d90f4
,,,,84b44ae7-5308-11e4-aaab-000b6a4d90f4
,,,,84b4bf70-5308-11e4-aaab-000b6a4d90f4
,,,,84b5336b-5308-11e4-aaab-000b6a4d90f4
,,,,84b5a7cd-5308-11e4-aaab-000b6a4d90f4
,,,,84b61c65-5308-11e4-aaab-000b6a4d90f4
,,,,84b69011-5308-11e4-aaab-000b6a4d90f4
,,,,84b70894-5308-11e4-aaab-000b6a4d90f4
,,,,84b77cc1-5308-11e4-aaab-000b6a4d90f4
,,,,84b7f120-5308-11e4-aaab-000b6a4d90f4
,,,,84b8653a-5308-11e4-aaab-000b6a4d90f4
,,,,84b8d906-5308-11e4-aaab-000b6a4d90f4
,,,,84b94db6-5308-11e4-aaab-000b6a4d90f4
,,,,84b9c1ec-5308-11e4-aaab-000b6a4d90f4
,,,,84ba3675-5308-11e4-aaab-000b6a4d90f4
,,,,84baa8ee-5308-11e4-aaab-000b6a4d90f4
,,,,84bb1cc8-5308-11e4-aaab-000b6a4d90f4
,,,,84bc1db8-5308-11e4-aaab-000b6a4d90f4
,,,,84bd8ed8-5308-11e4-aaab-000b6a4d90f4
,,,,84be019a-5308-11e4-aaab-000b6a4d90f4
,,,,84be73fa-5308-11e4-aaab-000b6a4d90f4
,,,,84bee5b3-5308-11e4-aaab-000b6a4d90f4
,,,,84bf5701-5308-11e4-aaab-000b6a4d90f4
,,,,84bfc9c3-5308-11e4-aaab-000b6a4d90f4
,,,,84c03c34-5308-11e4-aaab-000b6a4d90f4
,,,,84c0ae35-5308-11e4-aaab-000b6a4d90f4
,,,,84c11fe3-5308-11e4-aaab-000b6a4d90f4
,,,,84c19134-5308-11e4-aaab-000b6a4d90f4
,,,,84c2034f-5308-11e4-aaab-000b6a4d90f4
,,,,84c2763d-5308-11e4-aaab-000b6a4d90f4
,,,,84c2e7fb-5308-11e4-aaab-000b6a4d90f4
,,,,84c37420-5308-11e4-aaab-000b6a4d90f4
,,,,84c3e62c-5308-11e4-aaab-000b6a4d90f4
,,,,84c45862-5308-11e4-aaab-000b6a4d90f4
,,,,84c4ca8e-5308-11e4-aaab-000b6a4d90f4
,,,,84c53c6a-5308-11e4-aaab-000b6a4d90f4
,,,,84c5adca-5308-11e4-aaab-000b6a4d90f4
,,,,84c6240f-5308-11e4-aaab-000b6a4d90f4
,,,,84c69680-5308-11e4-aaab-000b6a4d90f4
,,,,84c7b8c5-5308-11e4-aaab-000b6a4d90f4
,,,,84c9eaa7-5308-11e4-aaab-000b6a4d90f4
,,,,84cc719a-5308-11e4-aaab-000b6a4d90f4
,,,,84cce63f-5308-11e4-aaab-000b6a4d90f4
,,,,84cd5a16-5308-11e4-aaab-000b6a4d90f4
,,,,84cdcd7a-5308-11e4-aaab-000b6a4d90f4
,,,,84ce3f91-5308-11e4-aaab-000b6a4d90f4
,,,,84ceb26a-5308-11e4-aaab-000b6a4d90f4
,,,,84cf27fd-5308-11e4-aaab-000b6a4d90f4
,,,,84cf9b82-5308-11e4-aaab-000b6a4d90f4
,,,,84d00f08-5308-11e4-aaab-000b6a4d90f4
,,,,84d0819d-5308-11e4-aaab-000b6a4d90f4
,,,,84d0f45c-5308-11e4-aaab-000b6a4d90f4
,,,,84d16910-5308-11e4-aaab-000b6a4d90f4
,,,,84d1dd05-5308-11e4-aaab-000b6a4d90f4
,,,,84d25088-5308-11e4-aaab-000b6a4d90f4
,,,,84d2c2ee-5308-11e4-aaab-000b6a4d90f4
,,,,84d336d8-5308-11e4-aaab-000b6a4d90f4
,,,,84d3aade-5308-11e4-aaab-000b6a4d90f4
,,,,84d41e96-5308-11e4-aaab-000b6a4d90f4
,,,,84d49208-5308-11e4-aaab-000b6a4d90f4
,,,,84d5a104-5308-11e4-aaab-000b6a4d90f4
,,,,84d6e48e-5308-11e4-aaab-000b6a4d90f4
,,,,84d7578d-5308-11e4-aaab-000b6a4d90f4
,,,,84d7ca60-5308-11e4-aaab-000b6a4d90f4
,,,,84d83e61-5308-11e4-aaab-000b6a4d90f4
,,,,84d8b0b0-5308-11e4-aaab-000b6a4d90f4
,,,,84d9231e-5308-11e4-aaab-000b6a4d90f4
,,,,84d99579-5308-11e4-aaab-000b6a4d90f4
,,,,84daf167-5308-11e4-aaab-000b6a4d90f4
,,,,84dc323c-5308-11e4-aaab-000b6a4d90f4
,,,,84dd3e0e-5308-11e4-aaab-000b6a4d90f4
,,,,84ddaff4-5308-11e4-aaab-000b6a4d90f4
,,,,84de22a5-5308-11e4-aaab-000b6a4d90f4
,,,,84de954b-5308-11e4-aaab-000b6a4d90f4
,,,,84df07b9-5308-11e4-aaab-000b6a4d90f4
,,,,84dff6a0-5308-11e4-aaab-000b6a4d90f4
,,,,84e06781-5308-11e4-aaab-000b6a4d90f4
,,,,84e0d8f4-5308-11e4-aaab-000b6a4d90f4
,,,,84e14a9c-5308-11e4-aaab-000b6a4d90f4
,,,,84e1bd66-5308-11e4-aaab-000b6a4d90f4
,,,,84e22e59-5308-11e4-aaab-000b6a4d90f4
,,,,84e2a030-5308-11e4-aaab-000b6a4d90f4
,,,,84e311f7-5308-11e4-aaab-000b6a4d90f4
,,,,84e3827f-5308-11e4-aaab-000b6a4d90f4
,,,,84e3f4e2-5308-11e4-aaab-000b6a4d90f4
,,,,84e46570-5308-11e4-aaab-000b6a4d90f4
,,,,84e4d9f1-5308-11e4-aaab-000b6a4d90f4
,,,,84e54b0a-5308-11e4-aaab-000b6a4d90f4
,,,,84e5bbdb-5308-11e4-aaab-000b6a4d90f4
,,,,84e62cde-5308-11e4-aaab-000b6a4d90f4
,,,,84e6a0fa-5308-11e4-aaab-000b6a4d90f4
,,,,84e71392-5308-11e4-aaab-000b6a4d90f4
,,,,84e78827-5308-11e4-aaab-000b6a4d90f4
,,,,84e7fa66-5308-11e4-aaab-000b6a4d90f4
,,,,84e94a15-5308-11e4-aaab-000b6a4d90f4
,,,,84ec8ff0-5308-11e4-aaab-000b6a4d90f4
,,,,84ed0040-5308-11e4-aaab-000b6a4d90f4
,,,,84ed7247-5308-11e4-aaab-000b6a4d90f4
,,,,84ede4e8-5308-11e4-aaab-000b6a4d90f4
,,,,84ee568a-5308-11e4-aaab-000b6a4d90f4
,,,,84eec7f4-5308-11e4-aaab-000b6a4d90f4
,,,,84ef38c5-5308-11e4-aaab-000b6a4d90f4
,,,,84efaa35-5308-11e4-aaab-000b6a4d90f4
,,,,84f01b03-5308-11e4-aaab-000b6a4d90f4
,,,,84f08d29-5308-11e4-aaab-000b6a4d90f4
,,,,84f0fe56-5308-11e4-aaab-000b6a4d90f4
,,,,84f16f6a-5308-11e4-aaab-000b6a4d90f4
,,,,84f1e0b5-5308-11e4-aaab-000b6a4d90f4
,,,,84f251cf-5308-11e4-aaab-000b6a4d90f4
,,,,84f2c363-5308-11e4-aaab-000b6a4d90f4
,,,,84f3346c-5308-11e4-aaab-000b6a4d90f4
,,,,84f3a4ca-5308-11e4-aaab-000b6a4d90f4
,,,,84f41a0e-5308-11e4-aaab-000b6a4d90f4
,,,,84f48b4f-5308-11e4-aaab-000b6a4d90f4
,,,,84f571c0-5308-11e4-aaab-000b6a4d90f4
,,,,84f7dac4-5308-11e4-aaab-000b6a4d90f4
,,,,84f84c13-5308-11e4-aaab-000b6a4d90f4
,,,,84f8bd6a-5308-11e4-aaab-000b6a4d90f4
,,,,84f92db4-5308-11e4-aaab-000b6a4d90f4
,,,,84f99eac-5308-11e4-aaab-000b6a4d90f4
,,,,84fa106d-5308-11e4-aaab-000b6a4d90f4
,,,,84fa8170-5308-11e4-aaab-000b6a4d90f4
,,,,84faf252-5308-11e4-aaab-000b6a4d90f4
,,,,84fb6309-5308-11e4-aaab-000b6a4d90f4
,,,,84fbd508-5308-11e4-aaab-000b6a4d90f4
,,,,84fc44f1-5308-11e4-aaab-000b6a4d90f4
,,,,84fcb605-5308-11e4-aaab-000b6a4d90f4
,,,,84fd2628-5308-11e4-aaab-000b6a4d90f4
,,,,84fd97c5-5308-11e4-aaab-000b6a4d90f4
,,,,84fe083c-5308-11e4-aaab-000b6a4d90f4
,,,,84fe7852-5308-11e4-aaab-000b6a4d90f4
,,,,84fee891-5308-11e4-aaab-000b6a4d90f4
,,,,84ff5a60-5308-11e4-aaab-000b6a4d90f4
,,,,84ffcb04-5308-11e4-aaab-000b6a4d90f4
,,,,85003d7b-5308-11e4-aaab-000b6a4d90f4
,,,,8502a8cf-5308-11e4-aaab-000b6a4d90f4
,,,,85045398-5308-11e4-aaab-000b6a4d90f4
,,,,8504c5d1-5308-11e4-aaab-000b6a4d90f4
,,,,850538cb-5308-11e4-aaab-000b6a4d90f4
,,,,8505ae4d-5308-11e4-aaab-000b6a4d90f4
,,,,850623be-5308-11e4-aaab-000b6a4d90f4
,,,,8506965f-5308-11e4-aaab-000b6a4d90f4
,,,,85070890-5308-11e4-aaab-000b6a4d90f4
,,,,85077c3f-5308-11e4-aaab-000b6a4d90f4
,,,,8507eed7-5308-11e4-aaab-000b6a4d90f4
,,,,85086244-5308-11e4-aaab-000b6a4d90f4
,,,,8508d594-5308-11e4-aaab-000b6a4d90f4
,,,,850947f2-5308-11e4-aaab-000b6a4d90f4
,,,,8509baee-5308-11e4-aaab-000b6a4d90f4
,,,,850a2e29-5308-11e4-aaab-000b6a4d90f4
,,,,850aa0fe-5308-11e4-aaab-000b6a4d90f4
,,,,850b13f8-5308-11e4-aaab-000b6a4d90f4
,,,,850b86d0-5308-11e4-aaab-000b6a4d90f4
,,,,850bf960-5308-11e4-aaab-000b6a4d90f4
,,,,850c6dd9-5308-11e4-aaab-000b6a4d90f4
,,,,850ce0fa-5308-11e4-aaab-000b6a4d90f4
,,,,850e06db-5308-11e4-aaab-000b6a4d90f4
,,,,850e7b35-5308-11e4-aaab-000b6a4d90f4
,,,,850eef78-5308-11e4-aaab-000b6a4d90f4
,,,,850f64b7-5308-11e4-aaab-000b6a4d90f4
,,,,850fd790-5308-11e4-aaab-000b6a4d90f4
,,,,85104b4d-5308-11e4-aaab-000b6a4d90f4
,,,,8510bf3d-5308-11e4-aaab-000b6a4d90f4
,,,,851132fa-5308-11e4-aaab-000b6a4d90f4
,,,,8511a787-5308-11e4-aaab-000b6a4d90f4
,,,,851219f2-5308-11e4-aaab-000b6a4d90f4
,,,,85132a97-5308-11e4-aaab-000b6a4d90f4
,,,,85139ecc-5308-11e4-aaab-000b6a4d90f4
,,,,85141ddd-5308-11e4-aaab-000b6a4d90f4
,,,,851491d6-5308-11e4-aaab-000b6a4d90f4
,,,,85150608-5308-11e4-aaab-000b6a4d90f4
,,,,851579a7-5308-11e4-aaab-000b6a4d90f4
,,,,8515ed40-5308-11e4-aaab-000b6a4d90f4
,,,,851776b5-5308-11e4-aaab-000b6a4d90f4
,,,,8517e942-5308-11e4-aaab-000b6a4d90f4
,,,,85185b6b-5308-11e4-aaab-000b6a4d90f4
,,,,8518cf3e-5308-11e4-aaab-000b6a4d90f4
,,,,851941f5-5308-11e4-aaab-000b6a4d90f4
,,,,8519b61d-5308-11e4-aaab-000b6a4d90f4
,,,,851a28ea-5308-11e4-aaab-000b6a4d90f4
,,,,851a9b0a-5308-11e4-aaab-000b6a4d90f4
,,,,851b24a6-5308-11e4-aaab-000b6a4d90f4
,,,,851ba19f-5308-11e4-aaab-000b6a4d90f4
,,,,851c14df-5308-11e4-aaab-000b6a4d90f4
,,,,851c87d6-5308-11e4-aaab-000b6a4d90f4
,,,,851d12b0-5308-11e4-aaab-000b6a4d90f4
,,,,851d863e-5308-11e4-aaab-000b6a4d90f4
,,,,851df9cc-5308-11e4-aaab-000b6a4d90f4
,,,,851e6cb3-5308-11e4-aaab-000b6a4d90f4
,,,,851ee3ca-5308-11e4-aaab-000b6a4d90f4
