group,Рыба,,,
Сардины в масле,220,240,,78390059-5309-11e4-aaab-000b6a4d90f4
Сардины в томате,170,240,,783971a2-5309-11e4-aaab-000b6a4d90f4
Печень трески,601,60,,7839e4a1-5309-11e4-aaab-000b6a4d90f4
,,,,ccb6d7d5-087c-45e9-809d-d7c0e097c5e3
,,,,c47f202f-c491-4042-8174-349ce8eb7cda
,,,,0a131aef-44d4-4a7c-a398-d5af67385d49
,,,,167c434e-582e-4a09-9f4a-7b104190a72b
,,,,01ecae5a-d6c5-4373-8c8c-597d5c5b5b8c
,,,,4e213eb1-04d0-4c33-8c02-1c37227e107e
,,,,623d357f-fc3f-4aad-9347-44d25afa4f06
,,,,ef0940fb-8fba-4fcf-8419-f02e6b7a6e6b
,,,,e1a6c195-7f77-4783-8988-7ee60e053f64
,,,,fb6fa2bc-9b64-4c8f-a8b4-1916813c8a87
,,,,e9dcb3b7-350f-406d-8888-e4b4527393a4
,,,,6125dae4-d746-485a-b013-716ad37ef327
,,,,4d7842e5-6f45-4b64-b32e-8fb44f87c0a8
,,,,73a966c9-e98c-42c2-9553-ce5f83599b7a
,,,,eff207c3-7a5c-4b6e-926c-651088ef6679
,,,,78076478-5ee0-4b74-8338-ee2a4ae1badc
,,,,08cbe9fd-117f-48cf-91d8-428e83e2c028
,,,,55410258-57ed-4f93-98c7-b21a99082653
,,,,c0c4789f-d6c1-43e7-8cee-9481ef7367b3
,,,,3f3e8bd9-7a98-48d4-8834-03ee139d4551
,,,,23ef2dbf-1c56-40bb-b791-70daf069e82b
,,,,59d7ae86-2677-479e-90f0-599259c313e4
,,,,8743df9f-f26e-42f3-9a08-51524c41d565
,,,,3d716a91-41d6-4ef5-8195-7c23918d3fcd
,,,,a3579953-99e8-44a0-ad6f-ba48680d05a4
,,,,4abe5227-60bf-49d8-9414-9c552cf760d5
,,,,ee0fbe97-d18b-4dfb-9f26-34532446bc01
,,,,0f7b4347-0184-4e83-a25f-5dcca3fad3f8
,,,,ce3272ca-149f-4906-9849-532a9d2ea8f5
,,,,fe4d93f2-9541-49fa-83e6-5dffb134c089
,,,,380bf7c3-e8a5-470c-9645-56e3f610d941
,,,,771e0107-baee-4644-89da-ccbf2ca5ea02
,,,,a02ecc7b-ff35-4a38-be99-d00cb45dc689
,,,,279e56b0-cd0b-4151-85ae-b83c2a96ad5f
,,,,8a53ebf2-fdf1-4756-81c5-6c237bf6efd5
,,,,a9c82c3e-72fa-4bb4-bce2-0652b7ecca37
,,,,5deff886-7dfa-4e07-9a63-65c166d0e4be
,,,,426b971f-87b6-4a90-aadc-6ab4c8b34ac8
,,,,c75cfd97-d167-4802-8764-a28702094556
,,,,a0de8721-390e-4b6a-811d-a2a64e8679d7
,,,,d87d1669-aa66-4892-9bdb-513c00ebcf2c
,,,,6afdf7de-30a3-4c40-918b-3e730c68b29c
,,,,1bfff8c8-b15f-439e-9e5e-bcc3f8da1b65
,,,,5714a4be-30b5-42f7-aa3f-3ef0d414d88f
,,,,5522d353-33dd-4616-8e19-a9cf26f7ed6a
,,,,9f4d0ebc-2a20-4dc8-b5bf-b63966b3efc3
,,,,32dc889f-3c61-4971-9979-ebb830e0594f
,,,,7ed87976-6bd8-4e35-bfb8-264681d2c218
,,,,f71031cd-7703-4b4e-8dca-6b12445a5a81
,,,,06671c54-f41e-4445-b64d-f4d78f05df64
,,,,55adb407-b4a3-4fb7-a1a3-8ce106e57c07
,,,,65324d80-fe80-4f1c-844e-04dc565f3254
,,,,f4068dc4-b67f-4c27-9a52-20a52e46885e
,,,,c3c7aaa3-7f5f-4bac-ba65-adcf3cf3d2f8
,,,,c52c6dc3-6b11-4f7c-b1b0-69f7b5008e36
,,,,5f54211d-10e9-4936-91b3-b5d26cce6ead
,,,,ebc56b08-7fd1-400c-acb8-1e15cc8e394f
,,,,aaa24036-c2f0-4748-a13c-dbeab0edabae
,,,,c8588e0c-18f4-420b-9e96-a3bb2c5d950b
,,,,080c5f1e-b828-44b7-8756-a3def52f1286
,,,,d9f2e4a2-8039-4c50-a6f6-0ce4a19b5d16
,,,,9c8e8b55-bb3c-49cd-81f9-1124462279ad
,,,,88d06248-9f53-4f0a-af1c-8c27a1ca1cff
,,,,a3e29a42-26ff-4fb9-aa74-9b83fb9535c7
,,,,f8bd79ce-8ffa-47b5-88ea-3e99828ef04d
,,,,7bd831f4-7816-45f4-8782-5511a55d3c8e
,,,,dbe036b3-ed70-4a9a-a3c2-a38cc6592bfa
,,,,4b7b5f63-45aa-44bb-aed7-1b96c687783e
,,,,c41889c7-58dc-4f24-82a5-db01fa05a48d
,,,,147107c7-8e62-412e-9a62-d2da5481814d
,,,,fc4d003d-f87e-4e5c-aeaf-e3673c023ad1
,,,,b8385a7e-fd4f-4e7a-85d3-aaef434b2d9a
,,,,c96f1440-4d7b-40a4-a7d0-520192248e32
,,,,7de6c097-879a-4483-a545-29c2ffeab29d
,,,,a2543192-376b-453a-a204-d40ee3e9140b
,,,,4c47fd82-1795-43a4-970d-ccea51c40f65
,,,,b1bc45c6-1033-48a0-82bb-583757cc49dd
,,,,5efed507-1a29-406e-a74a-45e315ed314c
,,,,7eb417cc-ff0b-429b-acc2-327fb1ac0351
,,,,94496259-df75-4edd-80dd-4cc6498de25e
,,,,e24a44c3-6e30-4449-8e35-5333d8c8143c
,,,,92a49880-9c37-421b-b0f9-09c4d7695f17
,,,,2ba0b77f-5faa-4f8b-acaa-03576921ef58
,,,,30d3e4bb-77fd-4a5f-b841-8ab3c5aa0fe8
,,,,6b3ff366-bf60-4761-a953-48481691fd5c
,,,,0fdd6daa-62a9-434f-bbcc-73065a6d3277
,,,,a5dbe582-b964-4af3-be55-2cd2e254e01d
,,,,c60dfb9b-0dff-4c94-b532-90666486107d
,,,,0e3d9789-2bb6-41ca-bcc2-9aef7f0cb08e
,,,,473dc139-f1d5-4469-bd7a-cbccfdebcbef
,,,,32197e81-9c27-48c3-8c97-c7a9710c8986
,,,,431d6741-b879-4715-9cab-2d648f009c36
,,,,b8491429-9e10-4ec7-9479-117b68eef718
,,,,a4dbf78f-b7ef-4873-87ab-42708d54ca5e
,,,,edecef20-8ae3-44fc-8d2e-dbd7c7dd3a12
,,,,3ec1115d-0683-4928-8892-1cb6075769f6
,,,,44f6c21f-63f4-4f02-9417-f551cd1a8009
,,,,bb2bccce-dd49-4dc6-90e8-946c096eb035
,,,,b0c8dde8-2ed7-4347-9d23-4c0d936ca9a7
,,,,0c28b5b5-2317-45ec-81cd-9d0199e6a2e6
,,,,bd871774-8e1f-4f2a-b65b-c688222126da
,,,,ede26a1b-a2b8-487d-b80e-41678978951a
,,,,cf45ba1d-f8da-4f19-a312-a6494761c2d7
,,,,6777bd10-bb13-49fa-bd76-93a2bf196786
,,,,6fd80763-9df9-489b-9441-8427065975b9
,,,,d7cc557c-affe-4ab4-87d4-49743be150db
,,,,30c6ebf0-2a04-4b55-ae05-ba825c8e6c78
,,,,7b2e9dbc-f585-467c-b38c-0c182f5ff59b
,,,,7f9da3ae-398b-4651-a465-85421e7e93b0
,,,,8a1def42-ad2e-4c04-b017-ab4d20cf9a40
,,,,fdd5112f-6681-47a3-882e-493a79160673
,,,,14ebb1a5-b554-4196-b051-d5891fa6efb7
,,,,a6312673-79d4-4a8c-9113-071b77ee94b4
,,,,e876c207-059f-4bea-bb35-e0b56f52fd1d
,,,,99d52b5f-871c-4138-ae3e-de3e874135fe
,,,,c40d1a9a-8470-4430-9d9f-0694fe8802e2
,,,,952aa982-bfa8-4117-9be9-caef5e746db9
,,,,734a86ea-4bb8-4438-8d5e-e639aae3021e
,,,,345c6a2b-cc2f-457a-a3a2-55dd7f27c469
,,,,914dfc7a-b8f8-47ac-bce2-65bcbce83c2a
,,,,56fadf54-1278-4408-a7bf-b49604645f70
,,,,42f8d5b7-a069-421b-82d0-eb87dd7790f1
,,,,2f894200-6208-40b3-8b28-23ed4b3d4de2
,,,,82bdad9b-b719-4432-b018-62dbb1fd81c8
,,,,0dda21eb-2564-400c-a958-5e7a09993afe
,,,,94c323d0-b851-4d08-9836-c7e9e90a3adf
,,,,616ccfe0-652f-47fa-9d89-b20de32a522f
,,,,54ae19ed-dbb7-41f9-95bf-275c953bdc5b
,,,,68777658-7661-4f8f-92e4-0c54c1c485a3
,,,,e9028bb9-4127-4a9c-af6d-8c4880eab5fd
,,,,c3575c44-7ece-44c6-ae10-7e1d48697a45
,,,,5ed9e29e-2c86-4eb2-a95d-34d8c8bb1c06
,,,,074ad88d-340f-49ca-955d-050ba7f7e1fa
,,,,7bee3945-b54d-4e82-a23b-7180950ed0df
,,,,baff262d-10b3-492c-967e-afce2036e1a4
,,,,db5098ed-8fd0-4e5e-bcf6-276e0b048e05
,,,,2a2eb229-2a6c-47f5-b5af-ff3f37bd6903
,,,,4e855182-2412-4dc9-9b95-c7756cf98cd1
,,,,b4bbd607-bdb0-4506-bf88-c19fb583e3f7
,,,,a060d42a-0f91-477a-8b2e-803b976378ae
,,,,5041a38b-5dd7-4486-beef-88293f82b7fe
,,,,d56bb53c-81ed-4a40-a25b-9948b6af20d7
,,,,58071c69-91cf-45fe-a1f4-da7486ab6723
,,,,76746f76-8008-4131-ba3a-1d68299c170b
,,,,0be22fc6-8fa3-4384-8f4a-910621ab0c05
,,,,b32a62f9-643f-4d7f-87cb-3c4f9d5489a0
,,,,8b941bc0-9571-4670-8be6-dfee611eff1b
,,,,bcaa2a30-389e-46c1-88cd-a77d8a5fd214
,,,,f9d95334-7bc1-4b59-8498-bba74b136d79
,,,,7d83573e-438e-439d-9d9d-43ccb67f32dc
,,,,e1491c0f-f99e-4921-a0ae-ac355f24c1d6
,,,,4ad62ca1-7841-4039-8434-0b8fdfd9dbef
,,,,a454946b-6890-42e1-b302-a158f58c156a
,,,,6b8224f0-dfff-467c-839d-cb61305072f9
,,,,cef4b878-0fc4-495b-b0c4-32f0226d628c
,,,,b9f9d052-98b1-418e-ba61-e440bc4c772b
,,,,35326bbb-426d-4ed3-ab03-69e7c71dc226
,,,,99f1a96d-704d-49ae-9fde-b4dc7212c7d8
,,,,6297fd47-389f-4f6c-9960-dee74dea1ddb
,,,,6971ef6a-0b67-4a2a-963a-1dc0e9f2bc8f
,,,,e1158efa-8704-4c21-9661-3ae21dfbaa23
,,,,2be81a0e-f804-44c4-b6e7-4eebb449a1ed
,,,,22dd7c26-0ec4-4a2a-9614-450604b7d765
,,,,2db39b28-0d94-4c18-b0e7-14e73bfa1003
,,,,8422f584-171b-4205-b763-7ebb7f0f4e49
,,,,6ef24d2f-8dcc-45c8-9de1-14de2721537d
,,,,97245485-4c5c-4ca0-85b9-53ddc5a4468f
,,,,35edb7d7-da6b-47ee-9fb3-36f91d76eaeb
,,,,e5f391d9-dcb1-4c3d-a1a7-064a1e76577c
,,,,6aa22f7d-93e7-42db-9e06-64257c27d66e
,,,,51f91f49-310b-4ddd-bc2f-2bd24c7fcbbf
,,,,1495ec94-f785-4982-8e25-ea169c9e11c1
,,,,44d96727-16be-4ef8-bef3-384b751ed523
,,,,e8924409-a7d1-4baf-a05a-638b42a6a4b0
,,,,53f406ea-2518-43aa-a670-49ddaae7ebde
,,,,b69875e5-de8a-4d68-9300-0727e3de7009
,,,,91261f39-dcb7-420f-915d-a0fc1229e13f
,,,,fb3a04cf-5e84-4752-bbdb-a45db1d8a441
,,,,d60e6c4d-c698-4f2a-bc8d-2ce207a1a7db
,,,,a2854ba7-1dfb-4fa7-b698-a10b3a54bead
,,,,4c9e5242-6620-4667-b941-218fd14ec481
,,,,a36fd38f-9448-43cd-8b5b-5caceb583b30
,,,,eed7a72d-56c4-4c4d-aaed-7b6fc4ccb0ce
,,,,062874bd-8b78-4d61-9799-25d9763cc4ab
,,,,0190971f-81ec-4a6c-90be-b915867a1832
,,,,de50b5e8-d89b-4bea-b3c2-edaa4b50fcf5
,,,,abdb99d2-65f9-4429-aced-4c72bc91c016
,,,,751e8df3-ff03-4dd4-a340-b956b0e14f2d
,,,,bf3b04fc-276e-4b5d-a210-0eab7a45c584
,,,,408f91b6-4485-4fdb-b1d3-071771223737
,,,,3e3a7ccd-9145-4dbc-9c24-bc4a41b35abb
,,,,b29657df-d6dd-4427-ac91-6735f847f1a3
,,,,2af2b97f-863b-4d59-acab-952f7c82422c
,,,,40647bc5-14c8-4ecd-b8ef-3e774420443a
,,,,3d230a1f-ea7d-4edc-bd18-db680f3b135b
,,,,beb2303b-b8ff-4716-8f37-e69716397249
,,,,57345432-00ad-4cca-a7da-4f059c8bd162
,,,,dcb83137-e9da-4173-bd93-37decd6d6773
,,,,f7db6265-08dd-4a2a-b85f-4a37c407dbc1
,,,,478c54d6-c5f8-42ee-be46-6da7f8eed641
,,,,ac6e33d8-e88f-4aff-b2bf-9414371b6841
,,,,4b50f063-6805-4997-90fc-6b011b55bd05
,,,,be360ea5-e975-4b9d-bc8c-955aacead784
,,,,7e9254ec-374e-4252-b6d3-943c27d4e98a
,,,,c59d12c2-65f0-4142-8a23-3e9f0fbce9d3
,,,,5fe00962-3244-45ae-9b76-fc4ab30d7acc
,,,,7e965694-e2cc-4279-b7f6-2120f98abda5
,,,,adca3636-c26b-4205-bc61-ec17c20974d7
,,,,ea9acb12-a486-4ec2-9f58-7db500857533
,,,,cd09312b-c5ad-4553-99a9-00258e5a57f7
,,,,55617d2a-f96a-48f8-90c8-1886b61d6a7f
,,,,d41a9654-1d7c-434c-977e-a6a50cc35ef5
,,,,3cffa4ff-152e-4b22-8a4d-a5a7aea50f28
,,,,5bc9cb80-4e64-40eb-be6b-85c24bf38835
,,,,2a42506f-f5fc-4e04-9f47-62e7cdd4dc3f
,,,,96257c56-c51b-47e4-b47f-d635ac4b2d7b
,,,,52243cd7-71ee-44f4-bf27-ca0d1a70bcfe
,,,,3f9d1f42-c10c-4ba2-bc34-df5c5257a0f2
,,,,3d3b9086-bf91-426f-9338-de9015faba8f
,,,,6ffe8e99-66bd-4e79-82a2-0a3d189176c3
,,,,29b0d83c-b3b3-4aac-a8cc-c3aedcfb06d6
,,,,46f583df-0cb5-4134-a5f9-4c18ab6d8868
,,,,073b0189-0673-4980-83e8-2f2606cfbd46
,,,,0942ddd4-51fb-45b8-9029-c304b60110a0
,,,,f10cb696-f46d-4e6f-a771-296c1b301202
,,,,3a62f631-8345-481f-9289-da3c7adc054b
,,,,38b0eb93-2758-43c8-b5ea-e278df19cfb9
,,,,dba8cf19-058c-401e-a86d-805f764fcb14
,,,,d7e6121b-f9d1-4632-b306-ccaafe76d384
,,,,ae59e639-683a-4cd1-bbd2-2764a36b8bac
,,,,a941f3ab-0db2-46b5-b5d2-27cf60bbbbff
,,,,b3de79f7-4b2a-4133-9467-b93d9e20132e
,,,,f7549733-a7fc-4408-ab17-bde4836e1d3f
,,,,9846bfc7-f8d6-4e0a-b0a7-6f22cae3765f
,,,,f70b93c2-a614-468b-8d4d-036ea1078f60
,,,,cf006d29-c9a6-4a19-8ed1-a4bf9dc0abe2
,,,,c0126ff5-af22-40ec-9973-46d78b3c9806
,,,,64f6dcd8-dd40-479b-a62c-faf3abdaa371
,,,,343c25d5-c855-4008-8273-85d0825e3a4b
,,,,ef73ce27-17ba-4169-82de-6a8c7356718b
,,,,8351e934-b844-456b-97dd-c685fe8503eb
,,,,498b57ea-44b1-49c9-a60f-7b41a3ae0987
,,,,e905b879-d1db-4913-826b-d7a1b228582d
,,,,16e64af4-dd24-495e-8598-a7be0e1960ef
,,,,f1e38114-9e98-4c51-897f-922d588e5a4b
,,,,e16397f7-e830-4204-ae76-6bf098a7f111
,,,,da9017ca-b8b8-4514-80f8-ea6e66a55906
,,,,f0712711-a00e-4578-9aef-bdf431041e7f
,,,,c2c36b29-f00a-4210-8649-936829bcdf21
,,,,ef447018-fa8c-4038-85a4-a8c8c5800c45
,,,,8fdc8cb4-b466-4a5e-b7ea-e9de9847a706
,,,,ece2a744-74fa-444d-8c8c-a84b2b24874e
,,,,71ae068c-3917-4691-b5e9-f4a1ddd0db8a
,,,,16c3bae9-2d39-447e-b476-ad2a255c8a7f
,,,,4d357fd0-64b8-47ae-baaa-9d855bc5160a
,,,,098c2a3d-51f9-46c0-93cd-48467d0556b3
,,,,bd710636-a7ea-4767-9f1e-f433f0102772
,,,,e835d67d-c8fe-4c45-8324-fea2b81ff15d
,,,,19a907ac-8917-4074-a1ef-98d3f54320e6
,,,,9037dd30-5433-40ce-854f-c6bee732b8ec
,,,,e1b888d5-1a14-485c-9201-3103d8591cde
,,,,c8ea6a1d-ae1d-41c4-9331-5bee22d2a8d8
,,,,ede909c0-0c1e-47b6-937b-97edef697c14
,,,,3fc6ab20-13a8-4bdb-854b-09880f992a8c
,,,,a06c66bd-724b-4f01-bf6d-8d9717eadbd9
,,,,11716cf3-6b16-41ec-b6c4-2dbbfd13bba1
,,,,6bd29496-0991-4561-bedc-c70ae8869704
,,,,32b5be70-2316-4631-b7d1-1a4e378c41a6
,,,,8c16797b-4d82-44ad-ac17-27403f9c3525
,,,,cd45deff-ea98-4611-86cd-24c0dc06b380
,,,,1151b6ce-4b25-4885-a4bc-71e38b7fc1fb
,,,,752d1355-3f67-48e3-8f10-f230f19ac6a6
,,,,6297a4da-114a-44d5-8734-24fe8213d072
,,,,b17ddd29-1da1-4994-be7e-eadf60ec2301
,,,,35ae50d5-75b8-407c-8166-80a30a977dcf
,,,,e11b1f8a-cdf5-4818-b68d-514640b6232b
,,,,2a946192-4bf4-46de-9d8c-8da8297eb904
,,,,76b7cd25-9ff6-43da-aa4a-23e983471765
,,,,1bb03243-9b67-4ec8-b1b9-6d676912554a
,,,,df5064ba-6711-4e43-86ee-0a5a9595e1dd
,,,,5905b287-7300-4d73-ac28-aff534d2f1ce
,,,,2d31e7fb-80ee-4010-82f4-2df8d40c61ba
,,,,ebb5b852-a2b3-4f61-85d5-0e72d4bf0ac0
,,,,980a7de4-8197-401d-a66c-dd7a31fb1b8a
,,,,b7942d4a-b7dc-4bb8-8970-4847d1d2f149
,,,,743657b9-3a0d-4bf7-b0ea-97f33062bad0
,,,,d7a45f23-0511-44b5-9fea-bea1cc56ec63
,,,,f9c40bc3-d7e8-4637-bff9-21fabb248f64
,,,,eae38310-a341-44b3-9382-d1f258fb110f
,,,,d3b26bdc-9c2b-425e-97b5-9f40f460ff82
,,,,4cff8acb-b9cb-4955-a415-a1245b015e93
,,,,bf29d44a-9d35-4d54-8406-af21ff77491e
,,,,0501870f-ad3a-40e1-89a7-a96f12de2b9c
,,,,a1a656b8-fad5-4401-a1eb-6ebc10d56ce8
,,,,145ff540-743b-4acd-a18a-9524bd372e5d
,,,,456d0650-292e-4806-b0b7-796522aa6fa3
,,,,ff952933-1a34-42a2-9899-9812cfd60334
,,,,3c11db91-c5ee-4ca0-ad1c-7a5f7f485da7
,,,,d2a2e7ea-1cac-4597-815c-6ba663c0e3f0
,,,,690003d5-e587-484a-9fe0-07961e07d059
,,,,9319cf35-2839-416b-acb1-90f6b1577b14
,,,,d923ad8b-406c-4dc8-b83e-3b7482b5fb3e
,,,,247d1f24-848a-4ef3-b2a3-1a184cc8be7b
,,,,0fb2955f-ed20-4f36-99fc-f838dc961b1e
,,,,c2c878b3-e5e5-425b-97ed-19356cc1a511
,,,,85d64d05-1f06-4ad8-8395-0009578105e7
,,,,df1b380f-28e4-4bcb-bcac-fa01df548495
,,,,6cfc32a2-bb3b-4ad4-bfa4-67147b650ebd
,,,,2be743a3-5028-4641-b75c-5e2df7eb28c7
,,,,566629bc-dc67-4096-aaba-5234c71d8efa
,,,,7c4272ef-644e-416e-873a-611e5cf6d299
,,,,1f146af1-79f4-4845-838b-ca7328755fca
,,,,1242edf7-abaa-4c04-b0e9-3c874898fef1
,,,,68e1605d-1590-4fe3-ae83-45fdaedcbd12
,,,,b7d7da4d-bbb6-420e-9b41-054342899205
,,,,7d58ba95-31d9-4cae-86be-7919d4023850
,,,,54df1f10-ede4-4653-805c-114798badc92
,,,,fbe4f7ff-5d4c-4fce-9111-32b2a63598c5
,,,,5e205df0-95af-4e42-b5dd-e305bd9bcf2d
,,,,f9e6a95b-131d-4656-a896-2fe39174902e
,,,,99fa126a-da66-4147-9aa4-2bb6f51fa414
,,,,52b9d13e-d5f4-43b3-bb91-ccb71091a58a
,,,,7885ce6b-f528-4e6d-ba51-20d76c83884c
,,,,524af89f-2aba-48d5-bc7a-4dd2f7b2f9d2
,,,,b68df86f-cf19-4b5b-856c-9687385eec58
,,,,d7938c25-c000-45ef-9233-a9c607dd221d
,,,,914b40ac-ba88-4c9c-9103-97f9a03e30ca
,,,,9ebd3721-c3ae-4bfe-ab82-12a2ac828ff1
,,,,6a553c6f-50bb-4b05-b6ef-1ab96e2ca4c5
,,,,e1a16be3-128a-48f8-b266-4b4fe5fa2169
,,,,8709492a-9f1d-42f1-ba86-5bf590461592
,,,,119737ec-5b22-4f0d-88d1-9afdade2529e
,,,,088adee8-52fd-46c5-81dd-d13fe305ff13
,,,,813ea72f-89b8-4742-80ca-cf6a94e39816
,,,,8acfcae8-e86d-480b-a3bf-48a86461cd99
,,,,34ad0d65-f8b7-4e97-b4f0-dd68bc9d9210
,,,,77244968-c928-4c44-b046-eadfdee64dde
,,,,3f79f510-d1ba-407b-9b6c-5b66f7f1653f
,,,,7d8692d7-b5c1-4850-a1c4-0619734ad714
,,,,0ba1ab30-52d9-4cb1-abe7-f501058a34f2
,,,,b223806d-d9b3-4d33-9eee-454bb76e26ab
,,,,fe494a68-810e-4608-a257-253dbdddf183
,,,,ac0c4f0c-fe94-444a-aef6-24536d609139
,,,,b92b0ca8-63b0-44a9-90bf-799ce2bb6340
,,,,b6b943e7-f84a-410e-b758-333019836654
,,,,2784c405-fb12-4ce1-8a67-7a457b9f09e2
,,,,cfad67ee-e99e-43b7-92d3-511ca7f5c279
,,,,cffc72a9-3a1f-4675-83d2-4d94807c7fda
,,,,74b6787f-5578-41ca-96ca-42e8d0660054
,,,,b4bcdcb4-ce9f-42c0-a08a-dba0a2bb798d
,,,,12ec2605-8167-402f-80f8-849118e17722
,,,,ca6b9d8a-ea81-4ae3-a4ec-3ff4f9f394ab
,,,,fecac54b-7b8e-472f-806a-5ef9ac700436
,,,,b11ef2bb-48cf-4a0c-ba57-58879a844383
,,,,a79cca86-e056-45ad-a244-4e0cd0f42ca3
,,,,52227762-1702-4837-8ac5-27b62a752ec9
,,,,a4b1e539-f5ba-4b38-9709-dbfdd7f628e3
,,,,facbd341-28ab-4ce2-9a71-f8c24a0e411a
,,,,c583b811-4d3b-4b82-a822-186ebae5e3ef
,,,,ee0809f5-7d5d-4639-af4c-cacc8a590e24
,,,,3370a743-b79d-46c0-96d6-4b5b1e151744
,,,,50e800ef-40e1-482f-b300-1de3b1ad2517
,,,,1a4012d4-27bf-40e2-88f9-07098ddb1400
,,,,56a1dc4e-18cf-4eb5-add5-363601c95158
,,,,54da3b23-78e3-49e9-87d5-9b0b4743f2e2
,,,,365a4c92-bc61-4c7c-8393-4ff45ac3265c
,,,,b8c09934-06cf-45a7-a794-ecd881daa5e8
,,,,ce1552df-36ab-4c92-89f3-a147d6079710
,,,,503ff626-66cf-45b1-b500-229c14e26b05
,,,,b917842e-f85a-4021-877a-64142afc1cdd
,,,,c5fe6591-ceda-41fd-914e-0bd37a131125
,,,,623236b0-2ae8-4255-a90f-f0571e66abcb
,,,,f6ed3e9d-3106-4557-821c-349172224ed9
,,,,9714b68a-fd0b-4722-8ab7-d5a19790c9dc
,,,,589e2b83-d120-4d1b-9c9e-d7af08c0cf77
,,,,fbd324c1-0764-4011-bd58-638cfc3d801b
,,,,3fd06b53-2447-4178-bd7f-befae756a85d
,,,,6d0497f5-1d26-4f68-bb66-5028e02576b5
,,,,368817d1-669f-46dc-87c1-e6aa5e6862f7
,,,,a48b8e51-9491-4283-b520-5f796b68ca7a
,,,,ac73e4fc-406d-4312-b844-ff5427e22ba5
,,,,ce2ed2ca-29ea-491d-a462-903fc392bbc2
,,,,45c616fe-c2cd-4990-94a0-edb18900306a
,,,,9da2119a-eac8-4522-a3dc-9b94c13acc95
,,,,bdac6d91-2103-4d40-a9ef-64002cf5cf5d
,,,,8115e093-505a-4933-962f-6abb8567c66d
,,,,6d7e7ad5-2474-4b88-8e60-975424c85bdf
,,,,fc0ff7ac-0dd9-44a0-810d-6ff183a49c6e
,,,,335f4134-9bc5-4d9c-bbd2-8f08dccaaceb
,,,,3fee9d43-2582-454d-9c4c-3a66e113450a
,,,,6c939b38-47c7-4135-8a19-593581cb0f80
,,,,5eceaae3-b768-4863-9860-a8f8b9a74ddd
,,,,eca48f53-de47-4acd-a4df-5f50a4571527
,,,,eb1f2b13-014c-4ab7-bd5a-99f420dc3073
,,,,59367997-0029-475f-a499-1dc39b0db7e2
,,,,de3845df-317d-430a-9868-4a87d0b2a5c9
,,,,b2e444c8-4aca-472d-9dbe-4451602ed763
,,,,d3fac388-7a40-48af-ae11-36ee5e021007
,,,,85ae2682-d6fc-4897-a989-3cd507574797
,,,,11c8018e-370b-44b3-ab2c-022d2cf79780
,,,,6d0bfc9c-38b2-4b06-b5eb-424d70aaaf9f
,,,,700b6fda-5959-46e7-96ce-002da5822b1b
,,,,d8dcc171-63f1-4bd6-92d8-2ee4ccb8a1b5
,,,,8c177864-49b7-47f8-b102-47f7db171d78
,,,,6e48f90b-6752-4d40-aecb-1658265c53f8
,,,,f031397e-8024-41b3-8716-a4b94add2f74
,,,,0f79927d-35ec-479d-88ee-2d0cc64da265
,,,,8a115b5f-f6de-4988-b02b-a049cab74053
,,,,beb7c3f4-10f6-40b8-80f5-9c6e376b3177
,,,,be2f79eb-3fc6-419f-a8de-e0696fb19be2
,,,,587dfee0-2645-4dad-a8df-eae25faa15ab
,,,,53a5775c-ef59-4b60-8217-44e6571e5f3a
,,,,05928fcf-888d-491d-9572-b9e65c669d00
,,,,86776ebc-f408-41fd-9611-6aaf7dd15865
,,,,09d75523-98c8-4eea-815e-75c534194a51
,,,,66137c5e-e4c3-459a-a630-d210e2b1508d
,,,,32c3a609-80c4-44cb-a009-f7571facfed3
,,,,593199d7-f0f5-41af-b2dd-4f4e880e3ccb
,,,,1e236bf3-5184-40c3-b94d-4c99c670536e
,,,,5f8b2a6c-b9fc-4628-941b-8d052ba42765
,,,,221379e9-3f82-4620-9ff8-c1f652227e5b
,,,,b4932752-1f52-464a-91f7-392a49be6c25
,,,,b732bb08-a9ab-4967-a4a7-6666b457fd87
,,,,dd09ff17-9cf3-4394-863a-24a581220a12
,,,,62d8832f-7014-4b41-8a0e-dd784f9946b9
,,,,d747d7b9-12ea-47d4-a0c2-132c66896fa9
,,,,59d20d73-fb99-4e09-8697-f8cd2cdae837
,,,,7d26f323-c7e0-46a1-9ea9-c1dccc97cacf
,,,,886ca521-7721-4e73-b96a-60fb1e7abc90
,,,,591cdcca-d093-4fc7-a591-3bbde0c13e88
,,,,ad66ca78-abea-4230-b062-7f122760c297
,,,,e929c232-0beb-428c-b31a-8b40e57e7bcf
,,,,98f7e226-df48-4837-832e-0fe66ca95c63
,,,,38d950ea-b8fb-4976-8cfb-074b68aced8b
,,,,91598d54-f38a-492f-8bd9-533c27ff2a14
,,,,b3fe9b7c-16a0-439d-973a-2c7b6601c472
,,,,a3b84fc0-36f7-4af1-bf56-6e4bd8c5365e
,,,,00cc2aac-d1c1-4813-a14d-179eb1bbd9dc
,,,,fcc090bb-22e2-470f-b831-de8019cdb1d4
,,,,eed3dacb-f31b-4e1b-8308-8636ef1a8933
,,,,1bff24fb-93ab-4304-90a4-bde19db6859e
,,,,d81a2e6e-982b-41ed-bdf9-ca9450370e53
,,,,a8bff187-6953-4ffb-96c8-7e26b188afa8
,,,,adcd872b-0797-4cd5-9d71-65c7ef7cc867
,,,,eeae1bf0-7556-4283-b129-cf08ab6809ac
,,,,e0868539-e645-4d63-ba41-83043de959ab
,,,,071c13e1-ccaf-4022-b2ae-f4e42a8e707e
,,,,ad84038b-b39f-4100-8473-0a8504fa26cb
,,,,fa695e6a-c117-4268-847d-1089ad924cbb
,,,,aac9f4dc-17ee-479e-aa2e-9313933e7032
,,,,e19292bc-e6d8-4a58-a408-051a2bde49a5
,,,,1600b462-b356-4d2d-96ec-82f8b0fdba86
,,,,4adc4168-7742-4712-93de-dff2c8548023
,,,,2e09ac52-88e5-4e3e-8137-2ebadc58d277
,,,,051d1414-053f-474b-84a1-ee5e9223a2d4
,,,,fcd3a3f4-eb16-47dd-9479-44dcf1274589
,,,,89719e68-c68d-499f-9c6e-5020d01e69ec
,,,,06427d4f-15e2-47ee-ad3f-e6765e2af915
,,,,6fb36a4a-592f-4001-bd1c-60e6c74d777c
,,,,c960d075-3bdf-49c0-9b49-39ffbd4bff80
,,,,d75b91b7-9f44-458c-8ea5-d671597b3142
,,,,d0914b86-bcd0-4aa5-859f-1a47427e6655
,,,,c4c0f311-897b-4901-92bf-8a5e360d6e51
,,,,246ec8ee-2b12-476b-a724-ef58517ee1e3
,,,,26bdc92e-bd70-4c59-9fc6-2191ac69a8d6
,,,,1bc6df7a-cfe3-4751-9c0c-3669fb40625d
,,,,5ad69a77-37f3-4bb8-bfc6-d5a43631a588
,,,,8c87904a-209a-4143-9f7f-def756913606
,,,,fd1d79be-8ff2-47c6-a1ea-56f1b0ea5005
,,,,085fcea1-d6b4-441d-ac16-50ad7e9e6dfe
,,,,751a9963-2d55-41aa-b8ae-49821e770c2a
,,,,991b8b41-e70d-49cb-8c69-0de1d2633751
,,,,a889de58-8a58-4e07-ba8e-b448742c7576
,,,,7c91ea57-2a55-4a16-98f2-6408dcb6bfe8
,,,,59b110ed-a0a6-4b2a-94a5-9b45bee2eac5
,,,,30c0ca7c-93bd-4247-94dd-87c0d70236ce
,,,,b686c828-a262-4197-9135-e3d4ab02332c
,,,,b0a0b266-b5c7-4a10-becb-43146e1ec770
,,,,f2eccef3-7808-4cd3-be16-db306e1a0b34
,,,,509fdc41-3f80-43f3-a4e8-428924ee8fcb
,,,,ba2b2e78-0fc8-483c-a7bd-8d05617413b5
,,,,14d6862c-1763-4303-af31-3e7eb10839b1
,,,,1f43e3a8-b668-435a-aa1a-2d97e4c5692b
,,,,496c1b64-53ed-470f-a108-60f23f6d21f8
,,,,69d7c22b-176b-47e0-9526-0f8e64459cdb
,,,,6b0b0c8f-11fa-4951-8eb5-ddeba04ddb55
,,,,cffc8993-744c-4e6e-b97f-8083e0b648dc
,,,,82e482c8-271a-433d-aa9d-30a5d0c58943
,,,,5c497869-feb5-44f4-863e-b959f2ccb3b2
,,,,254b153b-1114-4afd-9a82-0a75194fbe48
,,,,1966bc61-e7c5-4c4b-bf84-30126c1e7611
,,,,044e8377-c141-48fc-bf4f-6d582e5e03f8
,,,,0b77c6b8-b451-49ad-adfd-16466723b8af
,,,,a30acb19-68a6-4b9d-bd6c-ff87e7f09aeb
,,,,f39ff01f-6f46-481a-891a-543a42b7c15e
,,,,fb2e423d-248b-472d-960a-ba60a848f3a7
,,,,5a5b5165-4e9c-496b-b7f7-6b234100ac4d
,,,,56a9f197-f43f-44c6-ac2c-a328a2a99aa3
,,,,18ca60ce-acb1-4b2a-a7da-997d7674d815
,,,,f08c8ec1-e5a2-4b29-a5f1-2c1dd475b11c
,,,,cb09683f-fbcb-433f-b031-21788ba80bdc
,,,,7c177057-4d6f-49ab-b23e-16d2c59afd82
,,,,ba018c2c-d2fc-4742-8bb4-dce4f51c5f5c
,,,,2fce3704-6333-40c0-8d28-ac3516dceb28
,,,,43a963d2-b96b-4299-878f-2899e1387c6b
,,,,abd919c8-0dc3-4547-b29b-bfe0d3f22291
,,,,ca17809b-40c6-46b8-a4a5-fd46866901b6
,,,,e3bbfa03-45d0-48ab-9219-6be0126166b0
,,,,de062f9a-f287-4ca9-a90f-e9ff0331af15
,,,,85593fcb-6a97-4546-87a1-5c18ee51219e
,,,,1772af8e-b8ec-4fcc-9446-074fafedbb20
,,,,8d13b91d-644f-48e9-88ba-36d1878ed151
,,,,1df9274e-6ed0-4ba2-a13c-3b9fddcb3360
,,,,a5d2a2aa-873e-4cd7-8263-7a7b2d9882b1
,,,,28df0f2a-c4ad-4a60-8084-44f865b17864
,,,,cffb99f9-34ec-43cd-8331-88ecfdeb1555
,,,,a4992467-ca6e-4bd5-a301-b8993999607e
,,,,65a64d66-9fba-42fb-9d95-00b52938d187
,,,,0e182096-5d70-468a-af9b-fcd75b615e8f
,,,,1672407d-163e-40b2-85e7-1abf326f2b95
,,,,c9833f8b-8b62-43b7-ae75-20221ecafd2a
,,,,4011d62f-a000-43ca-a9b9-f8be253f4979
,,,,b90a8879-8cb9-4860-a680-1ff8fc135cb3
,,,,0b40ac2a-1344-4457-9347-aa56defd22be
,,,,ec4611da-b4c1-40f6-901b-503436c57ab2
,,,,71b1a2ae-9531-4ea7-9812-3ef0438d2d79
,,,,95397e1a-0e6e-4c4c-a3ca-3851dea51ed9
,,,,2fbb13ca-a465-4c3c-8fa6-d1808e7824c2
,,,,1182e552-9281-44ee-a96f-8f255031a720
,,,,e399ea31-fca2-42bc-9fcb-f138119978e0
,,,,b235d384-e15e-42d7-b3b2-2a9e442a882d
,,,,34e2e84c-7180-4018-b794-70355bd8b4cf
,,,,44d3f508-0bd5-49b2-95ca-f515c0e5705d
,,,,87b8a096-4afb-4a98-97f8-c25775e2e3f3
,,,,fec8cd7c-2931-4b5c-a6f4-295e40c28a3c
,,,,ff80b463-bfb3-4e8b-93e8-384026c0a21f
,,,,8f3237fc-479d-429e-b3f0-12a7a05efe45
,,,,3e171aef-656e-415c-9365-0818438ceec6
,,,,ac1f05de-61fa-4c99-bffe-589d88a0aa39
,,,,bfdabfcf-621e-4f9b-bcda-be0421992bed
,,,,66549ca6-f88a-440a-90f5-c922178e72cc
,,,,17aba0b6-cee6-49dd-aee7-cfac796d296e
,,,,a3d1d987-a655-423d-93e5-31a728d30b49
,,,,1c68d4cd-4fec-40ab-a421-30882c201a68
,,,,b5e420e7-76a6-4f91-9f8b-cdf5a06d20b8
,,,,bf5b6325-3822-49bf-84e3-1839c91a26db
,,,,ed483305-406f-47bc-aeb4-4848a359a967
,,,,f762a95b-b552-42f5-867b-a94a5dec1581
,,,,8b02b520-b72d-4175-ac50-d0bc78a9a085
,,,,47aaa844-7809-468b-948c-dc1910703fc0
,,,,1c00de4b-dac1-4d63-80a8-6ff432f7a7b3
,,,,9c6bd0aa-12f7-4343-b6d5-54a0fa79a2fe
,,,,3efe3411-6e86-4dce-b726-1e9f160382f2
,,,,868b24ff-e0cd-4a4d-9a9d-db38b6a79fc3
,,,,5d3fbc5c-145c-4311-8f69-170070f90e4e
,,,,858e6f68-99ff-44bc-8718-e43ed5f5c3c0
,,,,79f859d9-a410-40eb-97c3-294ad87ad007
,,,,353704e4-a40c-4eae-a9f9-33c4afe34985
,,,,eb469f21-71c0-487c-8fc6-431bad0c1175
,,,,5656bfab-6953-4f80-ab0f-854066efe379
,,,,f8b7e9f8-41f6-44e2-80a0-7999ead7474c
,,,,1b91bcde-b1f8-4115-83ff-66309802ebb5
,,,,f021cb3c-ac94-4211-80d1-198d6a18434d
,,,,1c6fe388-7f51-40bf-8fc8-6444a19fb2da
,,,,01f93f4a-7cff-46e8-a51b-346e39b65679
,,,,8fa7f588-078f-46c6-a04c-f9b0eddf3e8d
,,,,f1d365d6-4643-4f02-96e1-d8ac55bd6284
,,,,f1d9eed0-8dc1-4926-893d-4b1b574744ba
,,,,361b5f5c-e7d8-459e-9a90-fbf638eefd69
,,,,584fda08-b15f-43b2-b115-dfd440fb5dc5
,,,,9d9c2187-5a6c-4234-8c21-d0f527f13462
,,,,fa020c72-d750-4832-94a5-bfb55210dec2
,,,,dfcd5c8e-73ea-4e5d-8876-c6f8d27023d9
,,,,a1851df9-5c43-41d0-8be1-e2e88ab877bc
,,,,0f1fc68d-6eb3-4cbb-9073-852e102b873b
,,,,80e1612b-e38c-4cb6-b8e6-63935ed48e6b
,,,,45de0cf6-408d-44d0-8d05-2b201fc4e50a
,,,,07546a29-2b98-40ed-b40a-136f36a91b20
,,,,bc20272f-af09-4f0e-9dcf-3826a5b047b3
,,,,c101b5ac-49b0-4192-a025-048148c5c357
,,,,8eab6349-7038-4aa6-aeca-de63906e4f1e
,,,,b2508fbb-d5a6-450e-9987-e7d67378d3a3
,,,,8a3c6580-51b2-4608-83b7-6952173f1687
,,,,8a0b1711-dafc-4a60-bb04-dfa81704bf5a
,,,,2195775c-d4c7-4c1a-a361-251a53fa5515
,,,,7a4f4e6e-4e03-4256-85ca-5929fd20ba2b
,,,,9334a8d2-7551-424e-8217-fe51e7484a1c
,,,,548b22fb-1fbb-4d86-808c-bd784932a293
,,,,f620ffe6-bbb9-4eec-a4b4-201325b93671
,,,,87912f2c-4e44-4e31-8fc6-c3e87b258057
,,,,a8da6458-e5a7-4729-8f44-0d937317451b
,,,,26f315fe-8587-4f3f-8dc3-c759ccd3f521
,,,,f014209d-0e8d-4a6d-943f-82b2db2cfe56
,,,,70a33130-5de4-42ae-a2e1-d3ef4ef0facb
,,,,84eea307-c9d6-491e-8cd3-261548f6a8e6
,,,,320084fa-b42b-411f-ab3f-9c3b44508ede
,,,,85976cdf-9842-4908-8018-6f345ffb10e5
,,,,d2b8b3b2-a259-4857-968f-ebdf2c9bd0d4
,,,,cb7e8bd9-ed7a-4f88-a614-1df072668788
,,,,9f07ccfd-7b4f-459c-aa5a-4af0f042d3fa
,,,,e91637da-8e7f-4243-849d-f60bb0b20d73
,,,,b8ed9066-afb4-4f29-9994-2c750c846ed3
,,,,e99399ee-d922-4f6b-986a-718b1d56de91
,,,,cb1f2014-f538-4d5b-a514-ea4fbba92fae
,,,,a6aac32b-5de8-4494-b0be-f6922d8d89c7
,,,,a5a0e3d6-24f0-41a2-b89b-9dceba247350
,,,,4164be3e-0648-493c-9385-dee15e38cd42
,,,,e5dff821-7789-4912-a9fe-0fc767d1b765
,,,,d99fff15-78b3-467e-8095-0c808e0e146a
,,,,24e8fb6d-9dd9-4562-8642-2edef08167b8
,,,,561e7bb1-e267-4187-940d-59dfa686cb5a
,,,,a64e98b2-de66-4401-a059-36c68754f23c
,,,,52e26690-238e-4c56-9b4c-3a08d78bcb58
,,,,3524b72b-a174-43e2-82ed-46bae964e79e
,,,,0709af91-f0e2-4a61-bf80-46efd404e9c1
,,,,45318b99-f2c1-46b1-9762-d2a14661f14d
,,,,442323d0-5fc6-4057-8a4f-7f0213e672f4
,,,,14345498-413b-475f-a842-e87e3ceda4c0
,,,,f2016b3b-2128-472e-a872-44b86df2bb14
,,,,e93551ed-e07b-4c9c-89a9-a7c57fd894bd
,,,,7c6ce832-c3b5-479a-ae04-864149264987
,,,,4922dca0-92fd-43da-95c4-5a052c2f8a62
,,,,92a161e7-7c55-4a88-99fe-488cc7ffbdaf
,,,,79e67e88-886e-4076-b3ce-f81a3e310aad
,,,,8428c1dc-45ae-4f70-84b6-3ed940d9eac9
,,,,56dfcab7-361c-44dc-b2dc-d17f39e07667
,,,,6a81d7b8-57f6-4428-922d-848a26cf82d6
,,,,c7033a07-fe93-4f48-9a90-5450dc087636
,,,,d5ed151f-4641-4311-92ad-e0ee3d0d3b21
,,,,ebba87b5-7909-45be-905f-94fff431313c
,,,,76a32f4e-64b8-42df-b193-300b8e6b4818
,,,,f3adedef-70e6-4a26-a7e2-1e870b539bbf
,,,,51b74fbd-c6c1-42c5-83bf-af344db9c786
,,,,c10797b4-d9b5-4501-8433-cfbd6ae3f366
,,,,f5a94b6b-f514-4c56-8925-0812cd0aec65
,,,,d47ebe5d-1805-4f9e-a15e-a58a7cee7fa4
,,,,62d2430f-17e4-4a35-9038-1c214fed9d62
,,,,d81abe74-b409-40cf-980d-1bc38e7780e2
,,,,6d596be9-77c3-4cb7-87f4-bd0245cb351c
,,,,10aa01c6-9dc6-4d58-b090-e529b83d1a52
,,,,457f8a5e-6e72-40ab-bc36-be03430203eb
,,,,b9f50edf-68be-4ca6-a556-183880952ce6
,,,,af36b659-cfb3-4bbc-99e4-a5c1e7c8b9d5
,,,,aa730614-6fc2-4c04-be0a-220f3e3adc04
,,,,f620e2e1-271a-467e-9d14-5f1e2f7ec962
,,,,5a3383ef-913a-4e1a-9741-bec9c3eb626f
,,,,e292d26a-2f9b-4006-abd3-915e4d33b9b6
,,,,4e6c9a74-db5d-4f8a-8d29-ceae32438911
,,,,6c53c5d0-765e-4192-b871-ae0ebe536abc
,,,,17974686-85a4-44e8-bfd0-138dcdf0afc3
,,,,dc3acfdc-0870-4dbe-b394-797ddcaa9568
,,,,8eeeb8da-584e-4092-ab1a-00e2914d443d
,,,,bb647293-74c4-4ef4-a8fd-6b4f8cbe8f35
,,,,63cc345e-1189-4d53-8fd2-e32527b745c0
,,,,7a2729e2-7fba-4495-9890-6724e2de67c8
,,,,b4ec031d-31a8-4876-a9e8-5264494b6e88
,,,,8e2b2f3d-f83c-4901-a60e-89bf6dc67239
,,,,d9a5c9ff-0bb1-4bcc-a9e6-c351e68e0c91
,,,,90c77174-1c19-4f5d-97d6-d211895b0206
,,,,75a68d6a-a7a9-482a-a442-fdfa8b33c011
,,,,7b3a04c2-ef1f-4cb2-addd-92982ec1458b
,,,,5bf837ef-2834-4b2f-9549-a9c40c32d61a
,,,,efc19b8b-e501-45c9-b944-7893bedc543f
,,,,6359f95f-f32d-4cb2-a34b-3aa4fb41a3cb
,,,,4f29d4be-8aa4-4923-a148-1715c9453c5e
,,,,4f39e162-5a56-441a-b762-1626c445ffb4
,,,,b164b9b4-2db8-4c65-b199-2000d113fb56
,,,,608a431d-5a35-4e87-9547-9c04c5e4f92b
,,,,c5394589-3e76-4a89-a1e5-c07c229991ed
,,,,ff25799b-b68e-4a0e-b134-bad1f24d08e0
,,,,0e317500-c97a-448a-8c0e-08d96d86cf12
,,,,43969954-f413-40e6-9378-c53e6732f15f
,,,,c30ffe65-96ba-415d-9c61-5bceb4927c71
,,,,2ee101cc-e82d-4b00-941e-af32b4871933
,,,,0c99df89-5078-4cdb-8cb7-0f3bf36b2341
,,,,d1105405-d478-4d09-ab16-3fe032153e59
,,,,86ce903a-4c41-49fd-bd48-59105d453ece
,,,,48506a1a-b0af-4bbb-bfd2-a89b8082e7e9
,,,,babdd102-f15e-4f60-93b4-b194eeabad6f
,,,,6d96c856-32a5-4a31-a16d-ba1c34c20e42
,,,,e1a6ce56-3d7d-4757-871c-72000d086945
,,,,f0b17922-378a-40cf-b73a-cb1f3c775133
,,,,298216e4-a3b4-4511-92ad-09345c780be8
,,,,b2e39e62-8350-43a7-ae1b-0b1db4d221d8
,,,,54b17694-8a4e-46b2-aaba-3b89baca6676
,,,,5ad356ae-1ce1-4f42-a5ec-8412ecd21b27
,,,,c645bea8-4aa4-488b-869d-76fc27bc24c1
,,,,14435c04-3bd2-4949-af3b-26d9fd0545e2
,,,,ddaffc5c-9d23-4f22-ac89-d14347b00d16
,,,,3b1841c8-5782-45ec-92c7-614ade8c7bdc
,,,,fe7db094-d59a-4f62-9366-d0fa5711e963
,,,,d8705de5-6040-4a97-a549-124c53a253a0
,,,,7529f444-8106-459c-905e-4d1f3fa77fa9
,,,,ceae8a4f-b276-404c-87e1-519e79d7a3db
,,,,894045ee-e991-49cf-8d74-317814685666
,,,,d66b0d3f-9d0d-45c8-8e86-ef51c81c4548
,,,,26e479b3-dabb-4484-8aa9-2a8657d4e44f
,,,,e47d2e80-3998-4170-bdbb-32722fc6e9e4
,,,,71fd46bf-a5ef-449d-b227-669993775892
,,,,fd475ac8-c6c4-4af8-88a0-7a8071b65f96
,,,,08295cac-4495-45fa-80f7-2f70e0e45b4d
,,,,6ae903dd-ff88-49a0-b8d6-d95642b292ab
,,,,4360fe98-1407-4f7b-99b8-a3243033be6e
,,,,87bf72b4-7a26-4921-a543-a9d04c7c1e75
,,,,938c10eb-3c79-4735-965c-80599275b196
,,,,812c99e7-72ae-4dd4-ba23-6e6f5f0352a7
,,,,1f10847c-de91-4cd4-a3c1-c521322cbaba
,,,,98ad093b-0899-408c-823b-824561eb4b8a
,,,,2181eed3-d5e3-4978-a09a-c31f6a0726fc
,,,,a6c5ed03-d54d-48b1-94e2-70b13037b307
,,,,cd29bfe8-3032-4c50-84ec-de61073589f2
,,,,f6d0ff09-a734-4f7d-b67f-059d1dba0dfe
,,,,40a62cbb-1d4f-4ea2-b2eb-a7b5557c5c7b
,,,,fd93c2ec-4dd4-4352-884a-4af4880cb006
,,,,30598739-2ba0-4515-8e70-bd4f98a7775f
,,,,004e05a7-1b3b-46dc-ae32-0af0ce05823a
,,,,07bcb637-ca6e-47d7-bd38-b1061c4a303c
,,,,53b37e19-caa7-4e42-a23e-c299e5c00cc1
,,,,ebcdc467-90ca-4ba2-a435-2e7e5edcf306
,,,,cecf0180-1310-4695-aaf1-c930d6a52dc0
,,,,4bb592a2-60f4-4258-8a65-fcd9531484f6
,,,,d9efeaa9-655b-452e-b175-4b49f266cdac
,,,,e0da4506-0f09-46b2-abe7-225ed7545440
,,,,682285d1-6c81-43a7-b3a5-8dbe19f898d5
,,,,91713b42-a402-443d-8268-3fe27c587018
,,,,18cdff23-b2de-4c6c-9ac4-04b17c3fffd7
,,,,de1187c2-1e34-4b3a-beee-23a3d20efc40
,,,,605bb214-6f0e-451c-8068-b994692c6e59
,,,,cd5e421f-5e76-45bc-818f-3d3ee19aed66
,,,,15426b46-dc5b-481c-9418-d23ecf875e6c
,,,,6cfd0b0f-4d18-46cf-9601-8e7a34445b28
,,,,a03d3399-66f7-4a7e-9640-df1509c9cc60
,,,,453a9b15-f8f1-422b-a322-0b86a7e5dce5
,,,,ce0e57b9-9a28-435c-bc4d-15cd5be93047
,,,,694ad379-0126-4c40-91fd-3b2e4eeb4f9e
,,,,a68b6566-51d0-4d86-92e8-3d5beb8cc121
,,,,bc305091-77ca-4406-8656-009c2a1092d0
,,,,148844f0-908c-41d3-9eb8-5669fd32199b
,,,,c5bdfc89-7964-4d32-8fb8-4dd51a85bedb
,,,,40a2a0ef-3591-453a-b833-fd827720da12
,,,,55ff8ac7-0d6b-42bc-b17c-6f7027308d5f
,,,,b5224aad-51ce-4a52-afb1-a27ab0708a16
,,,,a54f1989-2894-42e8-a80f-f241f4594c7f
,,,,a5f37848-c5b9-4047-b2ea-ad20f30196c8
,,,,23547966-eda6-48a1-898d-85ee34eb1def
,,,,bc90d90f-f3fe-4775-abd1-2aad7ececf1a
,,,,58bd349f-9c46-43f9-8753-2589124a472f
,,,,e8bdbfb8-6617-4f96-85bd-82c41ea4f365
,,,,41872d9b-30e9-4167-bae0-eba19056cb36
,,,,ec0e685d-8f4e-431c-95a5-7f1486be3321
,,,,41a686b1-b14b-412f-8012-7b7dca0e17f5
,,,,c867e318-737f-41b2-9f18-73003dfcf290
,,,,17096c33-fd6c-4868-ade1-940fb4a77934
,,,,010f28a1-c4a0-4fb3-baf4-8d173ed587b5
,,,,f9d78356-57b0-4a9e-92e8-4a72d239b437
,,,,b7cad4a6-5644-4f4d-8122-40528f0cf234
,,,,a5464194-3d4a-42b3-8a08-a846211e975a
,,,,870bdb8c-03a3-46bb-ac6a-794eaaba6ab5
,,,,ae826086-8b54-4f38-8bed-89acffca538d
,,,,01176e97-6f4d-425e-86b0-6503da0fe332
,,,,05e8fbbd-cd6c-4193-a1fd-73b99aea5e1f
,,,,5177e053-1086-40a9-807e-e9c3d7c1a9a4
,,,,bc16a9b3-bcfa-48df-a20b-37dafa3d8535
,,,,b51438ac-9ada-41cf-b3c3-f0901d987780
,,,,51e8f920-ab16-4e01-bdd9-e40a99ff2313
,,,,4662dab8-d8bd-4b7e-b462-538436f7a944
,,,,dacd9cb1-28a7-4867-870b-4d141d528e7a
,,,,913670df-1054-4414-a25f-c28e31d587d3
,,,,0a2b56e4-7646-4c8a-9d6c-ab7f60c9ed6a
,,,,b4994b90-c5e8-460b-bd68-659b2aeb70ca
,,,,fcf30041-0cc2-40a0-9b20-3ee762c58982
,,,,6001f838-8d3b-40e7-9d91-e4e7ff0ef4c6
,,,,cf7f471d-f720-4289-8949-63ad69987fc8
,,,,5f1e035b-4226-4dd5-a670-f68b78a648c7
,,,,d4a37c38-db7b-443b-88d4-244aaae17573
,,,,b94bf2be-c9cd-4f0b-aff5-3414cd77be4d
,,,,8f8fca82-cbdf-4dae-9670-e05e13ab9c0a
,,,,d07e53d0-c5d1-431a-958b-429d777e7444
,,,,604749e8-1295-46ec-bc33-e41c08a6e578
,,,,05e78d9a-c502-458e-9492-e27fb79aacf7
,,,,1987a44a-2305-4e34-b59e-d10d5f0fa9ae
,,,,bcf0bea6-89ae-4885-95ce-8488b8d0c876
,,,,937429fe-d2de-4b54-8c01-7dbd5de3170f
,,,,ef540703-7cfe-44b5-9228-1fd5d1109e20
,,,,9bec6962-c2b8-4584-ae9c-85089bd5cc4a
,,,,9fc13336-33af-4893-b5d8-632ebf9aa30f
,,,,d7717b02-1e55-4578-a729-dda1744ae3aa
,,,,4b733390-9be6-4159-9988-39bc0f7740e0
,,,,1a400fea-fc9d-444f-82cb-139c5261bc93
,,,,476197c2-f271-448c-8781-c122f1fb8837
,,,,1c36c2ce-a13e-4d0c-83b5-c59784a59e09
,,,,5d1b450f-5099-4ef5-be24-cac4d6a23e9e
,,,,a11a26da-6fee-4619-ae90-89b0f4e2579a
,,,,fb3e5f1c-3a2d-4596-863d-b917e205ee9b
,,,,3b2705db-328e-406e-b464-0ff6d86b0eaa
,,,,adfed6e7-c4dd-4cf4-b219-6f58764c3a64
,,,,e6980e83-c81f-427b-8407-9b152f75077a
,,,,17a18a5d-701c-4221-9d6f-18b8f4dd00e0
,,,,1c150bac-6faf-4f47-93ab-bdd7e1f5422f
,,,,e72d7dc9-bb73-4d52-9758-f92100df38de
,,,,14362890-b07c-4c29-9448-861c1e671437
,,,,6dcc81b8-5062-40d0-a5b1-23c8e53073bb
,,,,0bfef1fc-7c42-4cab-a831-769c8050b5a0
,,,,6688296d-efec-4764-b699-e773c17130a5
,,,,cfcb0d31-ceba-4520-ae12-2987a630b742
,,,,79558485-4ef2-4882-a248-022cf341daaf
,,,,d23e2cd3-2905-48e3-bb29-7d4a5bf3a6f7
,,,,4b222bf5-841c-4b73-96f5-979c2dc76f13
,,,,01f41bca-331a-4dee-899b-ec42c572bfd8
,,,,f41c2cfa-caa4-443f-874d-14290f3a3d93
,,,,2553b0fd-5dbf-48f7-931f-0204ff490a40
,,,,b10c48a8-d910-4dca-8cc4-1d5423e65c8a
,,,,c87f84c7-32e6-4233-842e-c65caad48860
,,,,d6da85fb-b048-4858-9703-357775d9832e
,,,,05444b81-677f-4e4a-95e7-704cbdd56e09
,,,,6245d7fa-ff4d-4240-a268-2a7453f1084c
,,,,79887ba6-52ff-421d-b6dc-1e1d95350530
,,,,17913832-6c58-49ee-8107-0cb84373d71d
,,,,eaea5007-b896-42f7-9701-058284b98a32
,,,,59ba0bfd-d145-437b-b7ac-7d3df25a9653
,,,,de315ef1-1e8d-454d-a044-bd98622a30eb
,,,,d14d69a0-d7c3-48d0-bef8-f38d04ae6965
,,,,e42f7040-85be-4428-90d8-735c86ec4d5f
,,,,38570f90-1280-4f70-9448-eb6bf8554f19
,,,,8c270e5a-7388-4507-b371-c213e516faee
,,,,dc05f059-28d4-4f3b-af78-f4d7e575f031
,,,,fb522bff-accc-4f7f-a77b-47d187ea83c9
,,,,7a2f7b41-004d-4945-8fbd-8d833faf89c8
,,,,4560a341-639d-438d-a89b-b5fe9671fa5b
,,,,715de62c-e775-4bbc-84a7-873c7e9cda57
,,,,8b77ebbd-c6a0-498e-8fb6-44bb0e08e951
,,,,431b6f73-3dad-4081-8782-61c36eee04e8
,,,,80a8d092-653d-4722-b23a-9f829d3c9d94
,,,,58525f22-e9ed-44a1-80e4-9021a8b38329
,,,,7af5daba-0e71-4fa4-b28a-9d241fd5d230
,,,,d91b8741-8331-493a-a5ea-8af3a3057cad
,,,,5db012b7-c0e0-4c78-9df8-3d5262515b8f
,,,,2720418c-a68a-4708-ac31-7bd50722679b
,,,,7fef1be5-b794-416f-9258-9fe707251588
,,,,02f6251c-dd8c-4d13-8137-d0430a35eb37
,,,,3d6c594d-38b8-405d-b5bf-36d0d3b31636
,,,,ee689155-ce50-4b94-803c-282ac03223bb
,,,,9878140f-1b1e-4091-8a4f-70038a13f96b
,,,,693c3d92-c787-4b64-b206-b852ba480f60
,,,,02528af9-45d2-4eca-970e-8f46aedb8f3a
,,,,c465b3be-7694-41ee-b607-060d91900e7d
,,,,67740626-295b-44d6-882c-29fc62953b34
,,,,9d930804-9248-4b3c-a4e8-f78b774370cb
,,,,d4e26f88-e274-453e-9834-55dd471f420d
,,,,bcc8f90f-5738-42f5-8bfb-a1ddb850d3c5
,,,,187fc77d-6820-4f51-af0a-c905d33a1c5a
,,,,f3eb9087-decb-4946-9838-fcf0574cea33
,,,,3dd28c11-878f-4ef6-9ca7-50cb8274c2bc
,,,,623afb7d-e805-498c-90d8-e545bd3037e5
,,,,5eee1511-3ef9-42c0-81da-4ea6fbd38b70
,,,,364bbbdc-a013-4360-97fc-016ea76a3e78
,,,,c2cc99a5-e906-427f-9e6c-54c48a0e9ae8
,,,,2f7ac548-ddbc-489f-9a5f-8a3c02d1eb88
,,,,7646ed29-0da0-4558-9181-09986eb4adef
,,,,07836306-d5de-4d5d-a3d1-087993314f0b
,,,,da1762a2-21d0-4a62-9875-f9898945517f
,,,,9f74dbf4-f101-4d35-a7e2-6b5fb7538c21
,,,,76eaddf4-af5c-42ad-9677-f1ad1b9f30f9
,,,,01de03ef-3b3c-4892-a803-a033baf8004d
,,,,79f3d629-edb1-4916-a779-aff73437d6ea
,,,,1ff333d5-43b2-44e7-9378-1880b4f5d66e
,,,,20b3948b-6e2d-4945-9355-39def29b65f8
,,,,968b3e04-79ee-40db-95ef-ea601eb9ba44
,,,,087f3929-1605-4538-bd7a-2240442d4e23
,,,,1e5a3800-7602-4c8d-b5bc-89db60e81bcd
,,,,baf8528b-7e8f-4e60-b282-597244deb295
,,,,b2ee87ba-eb0c-4bc9-8b14-742c6d2aae87
,,,,27e60cf6-670d-4177-b26b-e4339e37a49e
,,,,30a132dc-6b83-4fc6-bec4-c0105e0543c1
,,,,8354499d-7eb8-422b-8eb2-fef376d7252f
,,,,9b56455d-40ba-4868-8d89-33b2a66849cf
,,,,542a9317-6152-4ba9-95cc-58357feb8136
,,,,a2e4c6f5-14cf-4365-9865-f0af628f3581
,,,,c65f7e80-9094-42ee-8135-93a92d71003c
,,,,61e32bd3-5d2a-4fef-85a5-0e18652fe5fc
,,,,41cbbb5b-0aa2-4325-ab9a-211161e43145
,,,,7aa2ee85-f8cd-4d17-a186-c41d24c6a309
,,,,e6e3cd72-91b9-4935-9955-6815d3c2c360
,,,,69cf8a9b-6678-4a7d-b60c-4e1c2a6ef08e
,,,,142d49ab-e075-4310-ba33-cea187669ca9
,,,,b4e35a24-0254-4968-84f3-9ec8004780f9
,,,,b2505a76-0294-46fd-a8b7-f2b552a19b03
,,,,e5e88e24-5316-49f9-bb40-3cb8e6599fc7
,,,,c5988a74-29e0-4d38-ba3e-2b4a35847079
,,,,5621fc7c-a683-471a-b006-6eb6cc78030c
,,,,a75b759e-decf-49dc-8ae1-01761ae8096d
,,,,c2727eea-4a49-4e6d-831e-097fed8789e8
,,,,86c220aa-06b4-4220-a4ca-cff51bd089f2
,,,,198f9f83-803d-4ed0-a983-655415125904
,,,,a1f87860-7acd-4190-a909-8f20547a76eb
,,,,57d8a0ac-0195-41f7-91bd-aa0ad6c534c1
,,,,7011e1da-dec8-4056-ae92-41e88c424f3a
,,,,3071fa0e-dd45-4dc1-b540-705f58b2f717
,,,,1355c0f7-4604-4620-aeac-d8497f7e9fc9
,,,,17d607e5-2633-42c2-b2e8-7cfa659f56d7
,,,,8a240593-5d3e-4f04-8a65-7c122e734e3f
,,,,8d328336-5334-4d1c-bc96-c665d542091a
,,,,c80dab25-ee65-4e72-88ef-b93f934292a0
,,,,5110487d-0839-4e4c-b917-f84b62ce9a9f
,,,,4e320219-ff85-48f1-8d37-68c2beb04c6e
,,,,4b2041ff-c028-4d0b-abc0-e67354d84fb9
,,,,67fc688a-a1ec-4e34-8fa2-e3d9325d0f62
,,,,a1405eb3-1d23-44c0-8db7-3da91ec8f57e
,,,,c33476b8-cc5e-4d5d-a56a-7b14fafb3484
,,,,5836a8aa-46d5-40ff-8060-3cb67f85d2fa
,,,,662b2dd3-79e7-4483-8335-8640bc265a0b
,,,,9e5a1475-be0c-459d-982b-14ba458b2132
,,,,e9d776da-1519-454c-bac9-4165ec523bdf
,,,,5747d1cd-2fad-4744-831c-6734aa30be6b
,,,,905db30e-95c1-4e93-a29d-5a9077eb4fb3
,,,,5c7bb561-fc11-4f52-b4fa-f7c38c9ca8fa
,,,,6c7a81bd-3bb1-4af4-ba48-7c07723eab14
,,,,e9a1a653-59e1-4bc6-aeba-495fb6229009
,,,,c8ac6d46-b7dc-40bb-84e7-128faef723c2
,,,,11ec7ab3-dca9-427e-bb3d-fb320feb0303
,,,,f1fa85b0-22e6-4861-abba-d419a78d96a5
,,,,815bb3e3-c062-40a2-a8e9-9f00f5f5c58e
,,,,260392da-b66f-4b9f-8e48-04c1855b265c
,,,,b953bc1f-885d-4f9d-9019-5fd1bdaf05b0
,,,,231e0759-8104-4246-9881-95cd0defa7ee
,,,,2a5d020e-2918-48eb-bf1b-a1a4e0ad4277
,,,,e609ff6c-ba1c-4a22-8c67-c69b92c4814c
,,,,f95b8d0f-12a4-46b1-bfc5-20dce6d284f2
,,,,9f9397f0-0f97-4a90-bd7e-2e2553435b47
,,,,37a9753c-52fa-4348-8529-a637fa85ddc3
,,,,5b779b0b-272b-400e-aacf-78ab0feb3181
,,,,13b3323a-142a-4be0-9fc8-371c8e830499
,,,,e9b15d96-9e8f-4ed2-b1bb-c24bcda34baf
,,,,70319432-d9e7-430c-a25f-73e4ee586bea
,,,,2b32be5b-d064-4e0a-a697-e04f4f63251a
,,,,8d7814dc-982f-455e-a3eb-3c0dfa5220a5
,,,,c51dbeb5-dd52-4fe8-a130-23af7adc0ff4
,,,,e130ccf9-fffa-49d5-9cbd-ff109ce3b9ce
,,,,bb0b38f0-e982-44a0-9ed5-3bd11875cb3f
,,,,242e5d69-372f-403a-838f-cce6f0857858
,,,,0f3c533d-d77c-4289-ac82-894170fcdef6
,,,,2a2e8770-deac-420d-96ab-81c454aefb1c
,,,,aff9b0aa-da3b-4dbc-95cc-95fa42fc24cf
,,,,f1be1b07-4c74-4067-baf5-fab178cff948
,,,,e2ae1f8b-999e-4409-bcfb-377abc431ae6
,,,,cdf0aaa8-361e-4232-9cd2-9f1c1671dd79
,,,,5f19e281-6007-4b7a-9b8b-1a1aba60936e
,,,,c9bbb342-ca61-433d-a2de-61becc32cab8
,,,,7c4454e9-7ced-44f7-942d-3d3202885a38
,,,,50c0943e-721f-4040-a882-1b4aa606a4d9
,,,,bb96a95e-ec33-46a9-8e2d-6c66a2f92476
,,,,a2c6c165-51e2-4a96-bccb-1f64a27b1faa
,,,,d6d62521-0128-4cb4-98f3-f0b7833b1486
,,,,96e9e901-9439-4dd1-a84a-52bc1f00440a
,,,,c2ca0342-347c-4bea-8022-d5c0c3f4ba57
,,,,4da95a6b-dae8-4912-873a-69acd16a71f9
,,,,b6971c7f-c3bc-4a34-b459-9ca6ae71baf8
,,,,6d52dfe2-916f-4677-b89d-283e80e582ce
,,,,539f0001-105f-4d98-9235-33546c60b87c
,,,,d0f2bbb6-f62c-4087-a051-b4a2847abab8
,,,,2333c773-74dd-4726-9fce-c268942302cc
,,,,dbd3130c-37e8-4955-b52b-3a85f10456c2
,,,,84c6db86-07f3-4eba-ac93-8c0c0e0a1c62
,,,,c7e6b429-cc3c-44fc-a290-75f770fb3978
,,,,73cad0b5-50f1-4b99-8cd9-784f919aa2a5
,,,,2b64a577-d23e-4de3-8afc-6d57ffea91b8
,,,,38b93061-6eba-4bc4-8f6d-df17550c1277
,,,,57110177-1a18-43ec-9d63-1fb5c547af47
,,,,ac0efbfb-a91a-4274-a7a0-c174b220a584
,,,,bd68b4c3-d2b1-4543-b102-8efb1118163b
,,,,f0f1bdfe-6f8a-4024-9b8b-9c4c9f852b43
,,,,9bacfef2-be1e-4f38-a93f-823e4efc248d
,,,,acafa261-4cb8-4917-adcb-3169b352f642
,,,,8ddfefde-dadc-4afe-bcbc-7394e5f141d4
,,,,89b460b2-faf2-41a4-9031-8874e16ef60c
,,,,08474bd9-b02c-41e5-8c37-a1c6cfae7b68
,,,,52ee57a2-8ad0-47c3-80ef-93fb3fe75962
,,,,4648a151-2cd0-4837-a370-6cfaad28bff6
,,,,80965247-3a34-443a-a4e5-7a24d8666e3e
,,,,79bba6c1-63dd-4038-b9d9-a82f7f6c4fea
,,,,835ab366-d8d4-40d1-976a-80731f7cdd45
,,,,9124e01a-68c6-433c-9323-ee1463b41ddf
,,,,44953962-2860-4dcc-93b2-79c57450a26a
,,,,06c0a7fd-8337-44b9-aa87-ce68d9b7d8a1
,,,,2db66b15-62cd-456f-8934-a80481618f57
,,,,725ccbe8-79d4-41d0-a8f5-503bd5779930
,,,,848bdb11-9c4e-4de4-b0df-348ed9185923
,,,,e0c42fa3-7701-473b-8cd1-63ba924784e2
,,,,2feec2cf-3508-4019-bde4-286cbdde8539
,,,,94ceacc5-2416-4696-9ec2-370a1e9c4381
,,,,eb58b868-2741-440c-a47c-d063a87e1d0b
,,,,46b0bacf-97f4-49fa-8dbe-ac9cba3fa899
,,,,85a5a7ca-abc4-4c44-a59d-88db79a7e497
,,,,f1b79f69-dea7-4987-9247-9d03c9e81fd5
,,,,519a8da5-555c-486b-9427-359d32526280
,,,,43ba8f2b-ffbf-4123-ae30-7d39677d42f7
,,,,79a23532-b4d6-4fcf-aa7d-323ceef31626
,,,,e7ac847b-ffe8-483e-b7e7-111b539565b5
,,,,0798d1ff-5890-4e27-8497-52effdbe4f82
,,,,b6ab3c46-6609-4209-a39a-4d0b9f6a2906
