group,Фрукты,,,
Яблоко,47,100,,43acc1dc-c73f-46ed-beaa-1af52de86a25
,,,,822407a0-1702-4538-9424-dec36d7f866d
,,,,6d2fe751-fcfb-434f-b8de-99ef0ad973d6
,,,,0884d620-57c6-4df2-a700-923ba4194883
,,,,f3bac281-d439-4320-b85b-4bce1c560eb4
,,,,b855547e-bebe-4cc0-80c4-422f3764bec7
,,,,d58c10fa-5415-4013-b6c0-4142d70f52f6
,,,,9de4e501-70fe-4503-a05a-90e978d9e301
,,,,d0a214fc-05f0-4f38-9e7b-62459219b64f
,,,,86271843-a173-474f-8527-4ec3b31d11ca
,,,,2e167ad5-dcbf-4786-814a-ca217c7ea367
,,,,9b8b7eee-afe0-40d9-a6db-a51d4adb61b9
,,,,5e7b47c5-f000-438f-8d7d-7d570cd8b41a
,,,,5fb3c0bb-43a1-44d4-883c-c041383b1c65
,,,,6b8dd7eb-cad0-4750-a090-1dd8becc062b
,,,,1add4d9d-3ecd-4019-a657-dfe1ff6fbd13
,,,,8b3c82b4-1d25-449e-b5bc-fe6cb2a273d8
,,,,7c44a7d1-ed72-4e5e-880b-32cdb998c1c7
,,,,c4d64bc5-532c-458f-8d06-2f839ed81364
,,,,0ff0b075-0cfd-41f7-96ea-3237ba692b64
,,,,12d7456f-7d43-4bcf-8dbe-b2d1ec1fee11
,,,,ba5d6b5f-ddde-4f69-a7b2-d49341eb40c3
,,,,e0923fee-1e90-4280-abcc-e71bebf158b4
,,,,21051e92-24d8-4a2e-854c-0324f6af3d8a
,,,,823d1043-cc1a-41d5-96b1-78a366fd713a
,,,,51d09e71-01a3-4692-889f-5ebe0fb83b9f
,,,,fd53c621-c21f-4f24-bb7f-593c3581a406
,,,,c3e01aa7-e55b-4c32-b7cb-c03783fedce2
,,,,256e422a-b4dc-4886-83c6-5ff4f61f6aeb
,,,,210a5619-071f-4a01-b325-4e98e1b56d4c
,,,,fff17c8d-c17a-4197-9668-b0c3c6afb28f
,,,,caee3073-04cc-425c-ac16-c12b2976a258
,,,,89c2e806-dc67-412c-b1f0-5713216ead5c
,,,,b07f5de4-afeb-46fb-b4c3-8656324241c5
,,,,d46e76b1-17d4-4a57-99f1-60feeefd29e1
,,,,b9061a50-be80-46cc-8405-995cb5588ea1
,,,,79896a55-ba3a-4458-adc6-32a6900c38c8
,,,,a84ae57c-b3cf-436c-a735-ba12e3031d0c
,,,,be6e5a8e-cb57-479a-9364-368c1dd6e28e
,,,,87142d6c-a777-4488-a2e1-1f51d9078bd2
,,,,fbfd3de7-2551-4978-bc0b-fb4406479bb0
,,,,6249cbc6-5912-43df-8768-626076230aed
,,,,3c78e00f-a8eb-46c1-aa39-c401b0b12520
,,,,c9626530-577f-42b7-9897-f79860355fd2
,,,,ed7fbb1a-816d-4c42-a38e-1b05a7951781
,,,,38314ead-5aba-48b4-8dab-4a9905061c4e
,,,,57ed055b-4435-4369-b7f9-aee1f0e4e6f4
,,,,f8f1085d-94b1-4714-8ed8-53f0aef5b233
,,,,4071b2a0-7ca3-4664-bebb-3349d6dec54b
,,,,dd7da65a-cada-4764-a38a-9af6db79019a
,,,,192af677-65cc-4f45-91cf-c5970ad88e9e
,,,,89845023-bb98-47d1-a952-7156765f7f09
,,,,bf0f078e-32c2-44c1-9d63-c9e0e51d9693
,,,,7ffc8282-ff4a-40bf-bb4b-6f465ea461dd
,,,,00d0f6b6-345a-4e25-8f65-8aed78bf5e4f
,,,,548eeec3-db92-4f95-bb43-358a44da5364
,,,,03ff5ff8-b361-4e27-81f1-09eb5fe116de
,,,,b2cfa538-0545-4170-ac30-4b4578f2c074
,,,,1f395e68-6d78-42a5-9cd8-fdd4e13eb605
,,,,ce6ff221-0b89-407f-9a0e-35b2e82ee72d
,,,,4883479e-1eb1-4f27-ab7f-ca21854970ff
,,,,52154c58-3461-4fef-b4d6-8a3ec4fd48d2
,,,,ca373c06-3ba8-42ad-8879-7607dae296a6
,,,,a31cc221-883e-4eb6-a730-7ac043c5334d
,,,,d9a2ce41-4031-451f-9f27-3e6d53970c43
,,,,71871994-f558-4f64-9f88-de58d66274e3
,,,,e4b9020f-0c38-421f-aab9-b076b79f69a2
,,,,176f50bf-bb8d-4b60-a7ea-c5c2ef438721
,,,,902fd788-63e5-4d82-bfbe-a9d83a40e901
,,,,7c299060-0b44-40cd-b5d4-9b1b064b8a5d
,,,,75ca9471-eb65-416e-aaf6-b6b23cd8c676
,,,,fe273c4a-7626-4295-891b-0e6341c3ab1b
,,,,08d29c25-b949-430e-9955-d4312f402535
,,,,9e37b6d1-603f-488c-82f3-77e02849e920
,,,,f695233a-7012-4d6f-b23e-2c6330395092
,,,,d9df4833-573b-4b39-89f2-b146352d71a4
,,,,bf8e0ec9-9bee-43c5-b0f3-04bb8b2c8936
,,,,7ae6cc14-058d-48e7-b8d0-befd90c3bdb6
,,,,f6cece52-2f7f-455c-9158-0630b75d9c40
,,,,3f5336ff-9465-461e-a5e0-5f7c672c1cbf
,,,,fa416676-60df-4bed-b76b-1de67efe51be
,,,,7a4ddb65-7439-40fe-bd46-b5e83c561c5e
,,,,f8308bb4-859e-4464-9a80-c71884ee86ba
,,,,66f9714c-ce6a-4699-941b-10b6c950ec34
,,,,00359b65-4c0b-4097-befd-1faf395d487a
,,,,733ce074-63b1-4148-861e-b2864bbd263b
,,,,350f0c39-d9d9-4243-8edb-e23d9efd5e35
,,,,b93a8169-932e-413a-84e8-68b5a4074d2a
,,,,cb5ce298-8da3-4e58-bbae-471afd07b7cb
,,,,70bd5650-2b1a-44d3-bd1f-558e42fb0f40
,,,,ca272692-a6c3-49d7-b339-929409bfb24e
,,,,fb3d5aa0-9ef0-4177-bef5-d93686f65b9b
,,,,13c240db-424f-4f50-ac20-6165aad49f57
,,,,d020ca6f-70e9-4cd0-8745-05be1660cf54
,,,,e5dd02ce-c020-4da6-b89f-8515f62c8b5a
,,,,c3963996-c593-4fd3-9b56-7851acddeefd
,,,,ad4e87e2-e9c9-4e0b-b75c-2c84814daa92
,,,,fb0092ce-78f5-42a1-9251-4f2b705e7723
,,,,675f1394-0fd6-427b-9181-1f25060ac7d8
,,,,c7c48723-389b-46cd-9877-419f376db224
,,,,c97a1434-35bc-4b15-98a6-f62ffafb1a48
,,,,95b7842f-a8a5-49e5-a729-03ae87f95c50
,,,,0d751db1-4e87-4035-8b2b-0b341a577dc4
,,,,7b1255fa-47e3-4b9b-af0f-79c94bdd6819
,,,,669ba9b2-d1eb-46fd-b2b4-d10dc1767107
,,,,72d6e12e-9825-4e94-8ebb-44f863cc85c8
,,,,6f7fd80e-7cf8-4ba0-b624-dcc5199777f5
,,,,bd25c192-e3eb-4b07-ad0e-2f94213cc0c2
,,,,1cd11862-9ae3-4c4a-8d93-4072f7da1674
,,,,9ea68cf4-8815-4271-91a7-e755f5d1b3bc
,,,,a4672014-9a46-4692-a9d0-664624ea6f2b
,,,,1e00b2ce-b85a-40da-930e-0ba83a223efb
,,,,5a79b5e8-0e57-4b35-b06d-f88e63800b21
,,,,728e81be-7610-4a82-9e25-dc940b3063f7
,,,,44b48b99-b3f5-48e0-a71a-a6b407a5edff
,,,,2cebf4eb-817c-451d-a010-fc03437fdbeb
,,,,77e678c5-193f-45e1-be79-2a0e856f4561
,,,,9295948b-78df-413b-a815-6b951ced7ff8
,,,,09d8a759-4b89-4b61-9ded-e7bf23faac17
,,,,72998806-0d2c-4c30-bb88-27e9abdc4436
,,,,ab669b08-dc26-4a9f-ac10-96741949bbf5
,,,,8af279ad-1ec4-4931-99cc-f8040b89c71e
,,,,59f1c1ce-9360-4324-8a6d-cfe21de4e46b
,,,,df6ef824-60f4-4017-b420-be5bacd4c264
,,,,34df8c66-20a3-4e5d-a62b-e6712cd07788
,,,,70e37b68-e01e-4c82-afe9-68e3f53ca891
,,,,d4687511-3335-46b1-b20f-cb2e41944adb
,,,,0be91f3b-eb6e-4f6d-8e08-1118e746addb
,,,,76b4879f-477a-4a0d-8dfb-e0d2afc427e8
,,,,39dcab06-055d-43d3-a74e-d2648b683f73
,,,,af32c991-c0f3-42b1-82e4-7e3fb90bc1bb
,,,,4360db3a-7c1f-4800-8538-cd235bc0e7ea
,,,,7885c6b9-871d-4cfc-a3e2-c62ef88c1057
,,,,8eda4484-b049-453d-b6ee-debdc39dd1c6
,,,,a3770ff8-82f3-47c0-b185-0338c0be84d8
,,,,2eea2fdc-5679-4060-b777-656d47514c9e
,,,,378a8424-075f-48cc-9eb1-d52c61506866
,,,,4e4eb65f-c8d0-469f-98f9-a280d6e146c3
,,,,afa07f87-71e6-415d-a3d5-487c0e3baa61
,,,,d5f39cee-876d-486d-bc7a-387226219ef1
,,,,f4edbdda-583f-41ff-b22a-03db677f8259
,,,,e7a0d7b5-471a-4ac9-afb7-160a35ddf446
,,,,59eb9fc3-984b-4980-8cd1-035e23c35d95
,,,,297d97c9-313c-487f-9379-41aeef4a89e7
,,,,48dc0843-12d3-4b38-adff-cc8e4134e924
,,,,b6c08dc5-880a-4ce1-be62-2ff2ae73da9f
,,,,50e73282-ed72-4090-9069-d520a70d8a20
,,,,dfddad3b-160d-480e-b8f6-5b6163ae2e77
,,,,30ec905f-047a-4ac7-9848-829d9feb0df6
,,,,afac7d0c-f44b-4c2e-949b-0a42f7098e42
,,,,d1625f63-7eeb-42a0-99a2-74b3606f3a4c
,,,,59d55bae-3587-4974-882b-a6d296b92859
,,,,3991ad5f-04fb-468b-9de2-5d693af52167
,,,,59506b68-8378-4a65-9e6b-ba2327eb972c
,,,,3d034ecd-01a6-4ce6-9bd7-8466f602b025
,,,,41d340a1-a56c-4b0f-88ff-21f5eaff7516
,,,,fb9e20fd-4b65-4af0-962e-9295a2750aad
,,,,453c8ebc-c250-40a1-bce0-1aaf920f9c1f
,,,,3a1b60be-ade1-4286-9fd5-9dcd938eb34d
,,,,2d557a4b-c8e9-4eaa-8332-445b2d3beddf
,,,,4c5e426e-6956-4d24-8813-e3fb1116eb8a
,,,,00cd91ac-d012-48df-9fe8-7f69dc7bc899
,,,,600656ca-c12c-4cf8-8152-62730bda3944
,,,,0e54caa2-765b-44d3-92d4-4fd3ba745169
,,,,88868e04-b123-414d-8601-a51b641f7a51
,,,,65c59fb8-f764-4dad-b117-c20a9e02c23e
,,,,1de8d559-4e96-4ce0-b9a6-a2e7e4e1b864
,,,,7a84b7bf-19e0-47d9-9db2-1a9986ec3e70
,,,,b8f3ebe4-bf02-448c-b79d-75085f2740c8
,,,,349b11a6-6f8e-4b9a-8a7e-108fddf2fe9e
,,,,e57dc53f-29e4-4af2-b90f-7a2c792b8f8b
,,,,79ef9091-ef99-491c-9e14-f51eeca4e215
,,,,91a0046c-1eb5-4f9d-8da2-f53ffae3a77e
,,,,394a960e-420c-4778-8c1d-92bf5cfe6132
,,,,12cd5356-ffce-4c9a-a7aa-2da75d383ff6
,,,,a7353efd-ed6a-48cb-9a1e-5021643ae9a2
,,,,cabd933a-f9c7-418c-972f-89a764d2b58d
,,,,ed666101-3173-4fef-bd76-04d9fa269374
,,,,3a999b0f-1128-42b0-822f-f938e24fd99a
,,,,a0e66c1a-432b-4c6f-a096-c0f1d8a4fcef
,,,,e55b59fe-49e1-47ac-bb0a-1bc1ef7f7d82
,,,,11b21cef-372a-4ff7-b076-86c77a51bae7
,,,,3c1e81e7-3240-4570-994c-b3adfc15cba8
,,,,580a1ad0-c235-4a13-ab2a-4327f5f2b278
,,,,e1271ac1-2856-4a3b-b81e-79f4e16ceba7
,,,,3f1f4433-cb56-4d8f-a213-632e5aa13f16
,,,,da9857d9-cd34-48cd-9d5e-4a052f8e2f7c
,,,,0620ce5c-769e-4572-8b19-d527f1102043
,,,,467e5efb-d37d-4fc6-b087-e9fa50deadd0
,,,,6594521d-8d1c-4bfd-b65b-0fc2048047af
,,,,e931d2aa-8f72-4750-bf98-0254444bf57b
,,,,d86dd66e-4853-47b7-b0c5-de57962a5c02
,,,,e11c8447-db8c-4676-a3c8-8c83c0b32dd5
,,,,7f50c260-6f9d-4235-b01e-ba6cb006f8d3
,,,,335c501a-0831-4d6d-8a92-713a950bedd2
,,,,0c78d903-9e54-47f9-be4f-f005e5206526
,,,,2d7f05de-21b1-4217-8cf1-251145ae97a1
,,,,0d84a60a-be00-4811-b711-202b9d324f74
,,,,6d6ce229-24b7-43a7-9bfc-a19bf220c377
,,,,c8621c83-5fe3-4cc9-8995-e994e1d25ee2
,,,,11a5ee90-a372-43ec-8037-0deda07383c5
,,,,e3df9e1a-8a25-49e1-9e7d-b52a1f84eb24
,,,,341a1eb7-8ae5-4bb8-ac9c-33a995582893
,,,,60a7456e-17c7-439c-8b08-59cdd46f4bbd
,,,,34cb1c33-8a59-44fb-941c-8f2d3263ca03
,,,,757034cd-9dcd-4522-9f2c-652b7e0b97ac
,,,,5c08aa22-1414-4031-a929-627cecdb6e69
,,,,df0e8cab-e5ce-4fa4-85b7-e480b84b9bf0
,,,,99f95dc3-b4b5-42f4-9508-97d1952048d8
,,,,e647bd20-5062-49cd-af67-f09dd9452ede
,,,,a3a41def-1780-4bdd-b2c4-ece473d1d9bb
,,,,3a838328-86c0-4599-83fa-f2adedbbae45
,,,,04ec1074-411c-433e-a91b-6f83d04f4171
,,,,3d6551d9-60ae-4c34-94ed-6ce6f3424ebd
,,,,716810f7-45fb-4252-83e1-a4fc9025d609
,,,,7eb7ec77-8847-4579-a78d-ca3b5c5d8bfe
,,,,547efadb-ef01-4b86-ad0a-0eda314efd90
,,,,8e5612b0-fb68-45ad-b06e-f2375e3f6cd0
,,,,db544efd-0d33-45e4-afb6-cbf5396ea88f
,,,,15335010-c75a-437c-a704-c22157da723e
,,,,44e01315-93ec-4d6c-96c2-88f1926eb05a
,,,,f1ce029c-e794-4b3b-b1ba-37d10f802890
,,,,3f2f415a-47fe-4ff5-a607-cbe38e78c2bb
,,,,1179cd85-cb1d-4bd7-a360-933a1a28ba54
,,,,d5cb7403-bd41-4435-add8-4b44dc81b7fb
,,,,fabfdee9-882c-4bb8-b76e-f640865de6e8
,,,,6b0f99c2-cfd5-4df9-a8cc-3a5f26f77bb2
,,,,ff221477-8e30-49f2-b86c-bfb471001d17
,,,,f4e93a70-5512-4770-8d15-a70d2d9bbd19
,,,,24233487-c483-416b-b72c-a9f88fbbecde
,,,,be98c806-9705-4ba8-9d58-949264233bb7
,,,,440aaf92-ae95-4178-aa86-e194a24e8002
,,,,989a70d9-caff-4baf-babc-c5512682e30b
,,,,7c9cf044-3814-4f37-8405-27740260048e
,,,,f73da45e-a670-4032-b047-b9cb60ab60a0
,,,,c8a87ef2-7846-4894-a108-3c759b989983
,,,,e1734106-2ec6-4961-9c80-a221658ce389
,,,,11a2f527-69ce-4e41-8b7e-28697abd7f61
,,,,12829898-ca12-4a2d-baf5-79d9f4467fbd
,,,,44540cc1-f472-48e7-921a-abcab4aac8ed
,,,,6255206a-5ef0-49c0-b347-678fb38d5b82
,,,,0c9730b3-9f36-47be-933f-ef8a8b881d3d
,,,,eb56b869-b530-491c-8028-df5105286b1c
,,,,9571cb65-ba58-48a1-b14a-27844fa52dc4
,,,,84bbd3d8-2c93-43ee-a753-0a4eb59e6af8
,,,,d77cfe75-6aa5-49d0-b680-9ed07a977a18
,,,,d10c94c8-9a33-4424-8471-44f6062923ab
,,,,6dc3073f-a4a7-4eff-a566-06e468fd2402
,,,,185ee564-1a77-4029-876c-b6c1de4e6baa
,,,,7c6d0733-d677-45c1-818b-4b342cd10612
,,,,285e4d6c-3cae-4fee-8410-9892a644dcda
,,,,f155ace6-a154-4c25-9829-bdff30d7659c
,,,,756fe322-6a69-425a-afa3-1fca03c6fc7a
,,,,23c582dc-6ff7-4d35-8f45-a67633ff89b0
,,,,f9fae2ee-f46b-4bf5-8e99-9ca708d1d11f
,,,,efb2861e-38f3-4d21-a5d6-3634b7656633
,,,,e4e1fd67-7573-4ba9-bba7-5fc675c74f18
,,,,19bfcccb-95cc-46fa-b6e7-36c721ebd745
,,,,4b8ff60d-0d63-470a-b827-0bfc6edfa488
,,,,312a80d7-8e04-4e91-b191-f89a00baa61c
,,,,f1889a7e-0075-415c-a9f8-7dce72bf2afe
,,,,269eaf5c-9790-4d85-a506-56e3e3ab2828
,,,,4acb62f5-b4f9-43b8-aa24-a5a4d378c099
,,,,7f0045b6-893e-49b5-aafb-aac268e093f8
,,,,b31c8d63-8ece-4c90-a67e-ae6157b86439
,,,,97a75fed-3674-40c3-9bf6-9a4f9545f089
,,,,9326f648-f1d6-4fdf-8c6f-23a14d54688a
,,,,6d0b7e32-817a-40e8-807d-9f06d4bb38ab
,,,,e6118ba4-1d3e-4aa1-be1d-01d9eaccb1ca
,,,,ba24b906-a7a2-4379-a56d-697d17c9ac5b
,,,,44ecc7ce-189c-4555-8163-b694cda461c1
,,,,b94a70f9-8728-42cb-b91e-fcda7980739f
,,,,c0de0c9a-d469-4318-a5c0-ed3f92c384c5
,,,,4b1eff7f-1297-4a58-a1d9-b6daa784dafe
,,,,559a87a2-90b8-4907-b553-59208ae91d75
,,,,01e7a15d-2ff6-4e96-ad3e-fca2ac193183
,,,,2efd14ba-6a4f-44d5-b194-84ab43352907
,,,,1804a051-69c2-40de-a8cd-c5ea0c97872e
,,,,b110af49-ca16-4cc8-aec9-f0798947633f
,,,,efac9b6c-ac43-4622-9a55-7ccf8608a008
,,,,eec8be1f-76c5-45b6-a5ae-b40a65ee8e06
,,,,53cbe556-ef33-4bf1-9951-58d990c79bbf
,,,,2a0da8bd-8ea8-46ee-8e5d-2a8af29a45f4
,,,,91bf9fd4-84f2-4a9a-bf72-cdad7d7c7806
,,,,c8634c5a-a6bd-42f5-9e04-c4327591d42a
,,,,ab34394b-12ad-4b09-a3e0-e204554a6012
,,,,daa18ae6-99b1-4d95-8f3a-fdec0cd89e3b
,,,,89c7fd4b-0d14-4b36-9a59-c87ec263600a
,,,,47892069-82b2-41f4-b463-679ee74e5920
,,,,bcab76d3-cfe9-431a-87b5-2538c7b627da
,,,,3f1da146-b8dd-4326-9d2f-0a0845712af0
,,,,3337beba-0208-46b2-add0-b64509daaaab
,,,,2c97a866-a375-41cd-be3b-b499e948aad8
,,,,4af90603-6ccd-47b0-a7f8-a19db3d7a387
,,,,ccacb415-976e-4640-b87c-508cb14d617c
,,,,b7b2d80a-d866-49ad-9315-a3e9d5882c3b
,,,,82e07ded-a7cd-4031-9ed3-65146dc56b40
,,,,a6a92237-4fbb-48f4-8050-077303d10d99
,,,,7a9441a4-3540-4de0-9ec7-7799768a8cd4
,,,,0b6d4193-b02b-4114-976f-4160d6ecfd5b
,,,,0dd9b9d6-043d-4d30-945c-dd5c5e61c641
,,,,80f8ce3c-0761-4f6c-bd4d-60df5bb9506b
,,,,d10a9494-2efb-4e8f-85dc-c4719969f823
,,,,dba4a0e5-8051-4e52-b277-5ad1003b0bfd
,,,,439597d3-05ba-4d3d-94ff-52646f6dc4f1
,,,,04dc225d-efbb-4c12-b8c7-a7378c8037ec
,,,,fd9ef7dd-ee1e-418d-aa3b-ab99685ac0d7
,,,,3f7d1b67-a225-4cb7-89d1-871f00eb7889
,,,,a6328197-222c-4e6c-8b01-3eb11f74aa00
,,,,9177ced1-3ac9-444f-877b-8266a71f7cdf
,,,,94e43a28-7696-4d48-a2b2-8f13736e4314
,,,,d8a98762-6551-461c-b471-caf6641c2475
,,,,fcf6a8d6-2cbf-4fcc-9703-696a4bebe732
,,,,25116651-52d6-416c-aa3b-7e185b5b629c
,,,,30d07f78-2b3d-4b29-a707-7e551828c304
,,,,975e4db3-1ef8-428d-98f3-b2c27dd99686
,,,,8fa50bec-b071-437b-826b-e63f97a24520
,,,,63b2d0d1-2fbe-4ccf-8378-290a05c435e9
,,,,72d46566-0afd-457e-b335-f67ca96f94bd
,,,,76cab4e0-5eb1-48e5-a9a2-2f0e16aacc9f
,,,,feb7d95b-9cb0-4bb4-ade1-3a5b8e726acc
,,,,cbb545df-388d-4cc4-b84e-fdeb4918e6f4
,,,,3274dd10-03f3-43b6-8ed9-6abb188e5970
,,,,2fc22c56-44b8-4a98-801b-71b2ebf0103e
,,,,ce8e3b18-a6ae-4aee-8f57-1577ef36a0c1
,,,,6ab34862-103b-4c02-a6f4-d7581b1a8f67
,,,,52e18df1-b6f0-4f02-9f9f-9f8ffc34a325
,,,,4b9dfa11-0481-4851-938b-16c363b00a6c
,,,,15b537db-0098-4a0a-b2ce-479c0a95a36b
,,,,d050d96d-39d0-4a2d-8827-2a0628cfdd1d
,,,,58bfba40-8c32-4bc4-b24d-5b31361cafc2
,,,,70dd6b67-6262-4b8b-b99a-07199ab07b5d
,,,,bbbef235-ce32-4672-a78a-7594040274f5
,,,,d800b054-52b7-49ca-b678-a7d97bb0f655
,,,,ecdbb44e-9b7e-4748-8640-b39fe1344a7b
,,,,6057dde0-6248-42fc-958c-cd6f5bd3ad86
,,,,dfaf6162-7a73-4800-a564-431917fef881
,,,,cfa988cb-2100-47b2-af9e-bbc1fe34ff39
,,,,95a0ca72-b7e4-4646-840d-f1ccca6118c9
,,,,356eca02-a536-44da-862c-03be60a88be0
,,,,00c2ff10-de20-4827-933c-43b0b79ae021
,,,,170090bf-314f-4973-b7ed-6f89f72928fb
,,,,2c905d97-48e1-41e0-9c56-2b45a5ded08e
,,,,5e288ae6-28d8-4a11-b1c5-27b3dbb90057
,,,,a56843dd-00c2-494b-830d-4777121bc2be
,,,,5603a19a-b326-49bc-9700-c27cd11a9d0d
,,,,32c2ebbc-60f2-4ddf-a241-e57249a12bec
,,,,af35b648-e78a-4900-a3af-4d3870bfb47c
,,,,85215f6f-6077-4f06-a0a1-c00f93f0a919
,,,,ec4bf47e-2d8c-48df-924b-5c8b5da9260b
,,,,b9504a90-1953-451f-afc5-83d1c5b3568e
,,,,6514f17a-86b6-456f-b493-f2dc70271a30
,,,,3382b536-cffe-41fa-9470-e892e2deddb4
,,,,56e9eda9-df60-4126-93af-17c72342d617
,,,,0f900a2e-77e7-4780-ba45-fa5ab230bd51
,,,,86b8fd35-cbd1-4ab9-a5a2-a549b8d88114
,,,,70c9360c-9612-4058-abb4-e82216b13f5a
,,,,457f28b7-08a2-4809-be63-f4db81cfd120
,,,,ed33f57b-974a-4dc2-a6ec-5f5bdd710bba
,,,,90a4cff1-454c-4d0f-b44f-cbf5954c6758
,,,,5f6d6fe2-6541-43b2-90d2-134ca61749e6
,,,,0c2ddf8c-fad1-4b43-81f5-2844e3c2a214
,,,,f0cd8482-84cf-4534-addb-ad919a3ac761
,,,,1030d5fe-5f64-443d-b5df-3a21010b4749
,,,,fa31ea5d-6894-44d8-8409-b9a2c59a2a89
,,,,279c524a-19a9-41f3-a052-5e7223ee4584
,,,,e08a79b3-2663-4a41-a1bb-c83414f67b95
,,,,ac0094f6-8043-4cd0-af99-5e94eeccd5ec
,,,,77e6e223-4733-42a1-8166-4043a4e6035c
,,,,9e12f434-b0fc-4b85-a596-ea315dc88c66
,,,,312f0bf9-e40c-4584-b4fd-132b701f7b53
,,,,f275a59b-08bb-4abc-8b18-eb5e5c1a174b
,,,,5af042a5-b5f2-44a5-a2cd-f9d3263977a5
,,,,47d73659-b6f9-4388-8efc-235cb266460b
,,,,6890a388-0d22-4b5a-9568-6b1eb6fe59b8
,,,,a6b5fae8-53b9-43be-9e76-0703c4b26ef7
,,,,f0e4f930-19eb-49fa-92d6-8265b0914809
,,,,da26e796-f215-49b9-aa33-38b0a20ed860
,,,,b1cb0019-0b85-4686-9f32-0bd6dc97a518
,,,,9aad3fa0-5de3-4a94-a252-73107c815bbc
,,,,f3f8c1cd-bb06-47bd-9265-863c21178509
,,,,8d9b546f-1a05-4308-b59a-3e7df1485e1e
,,,,a44a53fd-7cbb-4c20-a182-88b7434e1c61
,,,,11d2f808-3849-4083-bbee-f18717fd684a
,,,,a0741aef-1bca-42a2-b05e-8e5dcb4c17d8
,,,,b2f881de-7f79-4dd7-aa8b-c39e00f9ecdc
,,,,5df0c16a-b95f-42b2-8819-850d62fbd38f
,,,,7836e37a-7550-48a4-92d2-9528d7a5cbba
,,,,8d635de8-988d-4e57-b203-a4801841b1f7
,,,,882ae450-f490-4dea-b32b-59557ac83d77
,,,,8b57de7b-2f97-43f9-a87e-90d12fde09ab
,,,,ae22d953-23a9-439f-8f11-35e9fca53859
,,,,5e121c8b-0d04-4eff-abdc-17170cd1dfc4
,,,,c7679526-9bc2-4a52-a591-3ef1a6b8df25
,,,,897e1b35-26c4-41a7-90ac-9d49ffd82268
,,,,f1ec94e9-59b3-4fe5-9370-9c08ec42f503
,,,,8d26de85-77b1-4ad8-825b-60d0fc26daf6
,,,,f5b29a17-a881-48c7-b957-a356fb2754b2
,,,,1095ae14-a520-4b25-8d16-7ee57bca0355
,,,,9be81ebc-1235-477a-9429-daba7cc3e457
,,,,ad888fed-124b-40f2-ad7d-60138ef304a1
,,,,41cdbc99-3987-48e3-b565-491bfd8b4822
,,,,1068ebba-de8f-4e59-85ee-1172e27fcf3e
,,,,dbdd80d7-6f31-4944-8008-730a847aebf7
,,,,e0161e80-a09d-435b-bb6c-4a1ade9b2b57
,,,,b5ec6787-7a07-435a-830b-df5c126f9c06
,,,,92e9bad1-a462-4fa2-b80c-d6aa8bfab053
,,,,7e6996fa-e54a-44e9-a0eb-340f3e0dc736
,,,,4105c040-d241-4bec-81b2-8e53255a712a
,,,,dc3a5946-72ee-4db8-9011-f95e66ff1187
,,,,1b074c8d-7826-4ebf-98ab-234f312d989d
,,,,162fb4f1-966f-4cfb-9130-04ac4291677a
,,,,668f54d5-7cd1-4ec7-b28d-fae4b3d23cee
,,,,ac5f3e36-6bb8-47ec-bf73-81cf5e7d1f3d
,,,,383965af-32af-4c81-bffb-d8cc3c617310
,,,,bd1fea19-bc25-49fc-89dc-24c7cd3388c3
,,,,804e321e-e1a2-4294-bd22-62ce8459be76
,,,,19b96752-007d-478d-b2f7-7d8c74389c33
,,,,a4779a01-2f3e-45ef-9bff-818de0d4d81b
,,,,678d1d7c-53d6-4faf-9a87-ff52c1f1c2e8
,,,,e0157bde-01db-4bec-9640-9dff9217122d
,,,,34dc5699-1956-43a6-bf87-10e39fa04c06
,,,,93e0cfb3-3d99-439e-9609-68d8e8bc70fa
,,,,9ea92bf3-16a0-4d62-8774-63ff4b5e71a2
,,,,df5d61b0-16f2-4036-8d61-5e4b43676345
,,,,5f3069f5-6bfc-40be-ae36-9553c5acb7ef
,,,,a630e25f-436a-4efa-b698-29ebd6f0a792
,,,,8d6c39ff-b05e-441e-970c-588467df9f09
,,,,1de0056b-2674-42b8-8ab9-f876d4504029
,,,,ad366cec-a721-4a80-8e6e-54cf1ce07d1c
,,,,02f13f69-b7e2-40b4-bf47-028a9cd6863f
,,,,92771fc0-f2f1-420e-ad3a-95c7272fb6c0
,,,,bea108e1-a4b5-4c09-a446-5d503403c7b9
,,,,5d7e3185-046a-47c9-aff8-95f7a38136d7
,,,,fc497f56-1c92-4b57-8eef-c76f42549748
,,,,5aa2cc01-9fe1-41a5-8080-178eb2e6703b
,,,,2c7ca375-ab9e-44fa-bbb6-4233322a1af1
,,,,ffb6b295-6c06-4b9e-bc6a-e9a623e47c92
,,,,4aaeeaa7-4193-4837-8928-55f1909fc4ab
,,,,c270ca95-7160-4df5-9e07-92df6e7d6894
,,,,ddf29c63-b29c-4467-928f-80b91f2135d4
,,,,2bf3b88c-4f6e-48ef-a914-66f907babe6f
,,,,a67b382e-a6fa-4010-b6d8-572e1aafdbb5
,,,,69f160c7-916f-4b40-958e-e64ca2081f59
,,,,a7d74e96-8c8b-41a6-8619-219917506770
,,,,85b7c186-9019-428b-837d-93bf0a6a2722
,,,,3510b3ad-ba04-4daf-9b84-c3b8d870d2cd
,,,,34e094f2-3afe-4404-9962-b46ad97786df
,,,,fa6a845a-cc41-47b5-b991-5f3f0f1dd57c
,,,,11ccacd6-40c1-4a26-bb58-68cc072f0c3a
,,,,235a87db-3bc4-44e6-b83f-e75dfe35d255
,,,,34d2efc0-bb5f-47e9-9cc8-b7b8ca7422b8
,,,,395d0565-8371-4f01-bd70-93970762124b
,,,,ca19e423-31d8-452c-b998-0a838d82028a
,,,,9a59a0d0-81fa-4921-a22b-38831b81e701
,,,,ed3ffc87-c656-4260-b87e-bc76507f797b
,,,,e9b07996-8162-47e2-9553-40ff2ec7c93f
,,,,f0210445-f736-4143-b45c-ca8d265f97ba
,,,,16f165f9-712b-437f-991f-abc54dda49a9
,,,,696454ea-0911-4c94-8a03-7e5f264da0a6
,,,,b4c7de8d-db89-42cd-a5fc-2f23698e0516
,,,,ec66a7c7-44f3-48c2-9e10-7037bd7ac261
,,,,195c8101-2170-4150-b1e5-cdaf7a349b5c
,,,,8abadad1-fab0-4f02-a4b8-f05447f9e3e3
,,,,33420fac-9c65-4e46-bb6a-1d5caba283ff
,,,,031ad04e-a9d9-430f-8269-7af98c5f0db7
,,,,d396a8a7-9da1-4fb4-9884-f24b6b542d8c
,,,,4574395a-0a89-4899-8f52-ea5c3cd9691d
,,,,7cf65b07-8bfb-4d69-b9c1-1d2725feebec
,,,,46a1b3f6-c305-4124-8c60-6b5ac4e89bbc
,,,,58eb5f05-9900-4d8c-889e-a98c60d0e2f8
,,,,0febd132-672c-42ea-bcb7-d47ead330416
,,,,bcd20cdc-9e6a-46a1-99ab-41dfa76d4758
,,,,54cc8096-576e-4c61-a7dd-2e4e824cea69
,,,,d2508c2b-ae4e-4c37-b659-0302d57d31f6
,,,,e332d68e-2c47-4b88-a688-8f912b658abb
,,,,9661aefd-27da-444c-b7ec-cbab505f1686
,,,,c3ae0460-ef98-4e7c-b681-75c5ff9da02d
,,,,deadc857-f727-44c6-82cc-d05b9e7391a4
,,,,35259ba3-04d5-41fe-9c6e-3b89aa0d2a88
,,,,143bd47f-f6bf-448e-af6c-02d47c60dd95
,,,,8c7782e6-5ecb-4a19-a60a-a4f6d523bace
,,,,6db22082-3d94-4161-91e2-31abb692e77e
,,,,076bad05-641c-46ce-b0e6-07a92de71879
,,,,f3b18ff5-43c0-45e2-baa0-8d6790ca7d30
,,,,e8a8018c-de35-4a48-9234-edd34ceae7ff
,,,,d0405ddc-9191-4927-8b07-163c0f621498
,,,,9bf1a620-2961-4ab6-94fd-d1f2ec60e6c8
,,,,c2e3ccf3-5100-477e-97cb-4f4aff5fbc66
,,,,7fa52d36-22ab-4aba-ac93-b36c01220780
,,,,e1b5946c-a9d8-4964-b7c4-15a5e3cc53f9
,,,,0dced9ba-6229-4808-b37b-0a0147eb95a1
,,,,00bfec9a-6ab1-4174-b55a-58abbd761f45
,,,,716b30ef-0d3d-4ece-8f9f-2be82833178c
,,,,967e9987-6990-4516-874e-eeb9e18f69ac
,,,,0fdcdcc2-c82f-46f2-9a13-989953083664
,,,,d41f987f-e906-470c-b93e-4d141859757b
,,,,45e14b1f-6ec4-4713-a0ca-7c53ad327d42
,,,,4faaeb2f-c2b6-4a83-80f7-397ca310791b
,,,,126e9630-1088-4f73-a7f8-094e05a4e249
,,,,9ed2670f-df6c-409d-a654-7a705dd0e6d3
,,,,2d20fc26-ebf9-44d0-b92f-e2f8b2d29c21
,,,,46be4988-aedc-49e6-bd2c-89ab541e0b28
,,,,f969be71-3ced-45ff-9916-4aa0a409f30c
,,,,496fe964-08bf-4598-b40f-7419f9b2157b
,,,,d7904634-1fb4-40bb-87d6-b3cf21a8f4bc
,,,,055f8771-332d-4a0f-a964-f3198b77b511
,,,,b8f662d6-2646-4746-97a2-9e1c1a1dcd48
,,,,8b2e236a-9d14-4ff7-804a-92d202be1b04
,,,,5775ebf8-38f7-4804-8dae-fcea95e6249a
,,,,85368c83-d947-4329-82ec-135e5c9c2357
,,,,7a3fe3f9-a361-4c9d-9f81-31caa2efcd86
,,,,b53d1dfb-13df-4cc2-a391-31a5ca13a35f
,,,,087ea0e2-e925-4655-b049-bc90d45040f7
,,,,5e774eca-97dc-43ec-9541-bd2ad7e101ab
,,,,dde4c384-98af-4360-bd42-2ff3960d97f9
,,,,6382676c-09ce-4bc9-8420-98736672d08e
,,,,600fe51e-3591-4c3a-8945-5537ddab8868
,,,,7909f507-8bbb-4d34-ac69-c097ad40cf8c
,,,,cd4f65df-fc26-459f-b182-460b2a71f5fd
,,,,5d1a3058-a579-4153-b863-6b53b5c65850
,,,,922f91e6-eab3-462b-8209-85efb70c4bc8
,,,,bade13af-b311-43fa-b5dd-b02c58a2bbd3
,,,,b0118c55-d2ff-4505-bae2-b8a759653c04
,,,,a259ff16-50ff-47b3-ba47-e418f5e1f732
,,,,b19da029-0d75-46f1-8376-9812f513bb7e
,,,,f5468ccc-f839-47af-8790-e047dc47b133
,,,,bcf0f670-7c43-44da-aea7-26fd0e3672ae
,,,,bba7639c-6bd0-4f13-8def-ec45ac7e9f64
,,,,8b5c6bce-f6de-45d5-b581-7f8671b6a878
,,,,bab108ee-75e9-4411-82c1-39dad08dc74e
,,,,bc857b24-cd36-4200-bff5-414733dbabbe
,,,,d483677c-b28a-4c76-9f11-26ffd367cf72
,,,,7fcb16da-f07c-4f01-9505-5ffb5749a6e2
,,,,9736962f-3635-4f9a-9705-20102c840954
,,,,6821eb72-a200-475b-9250-2892fe2439f8
,,,,efa53188-b1b1-407b-9ec9-6fcdb013fda5
,,,,2e64254e-94d1-42b8-9a03-73ab848d1611
,,,,48b96d65-da03-4127-9cdd-73b2dcdcf34c
,,,,4df8c7fa-f3c9-451e-9a3e-93489406c72e
,,,,c40a4d27-3c9c-4a31-a932-2b0fe345a6fb
,,,,fb435730-19bb-4aad-9875-b0d0fbd9b435
,,,,769b1d31-040a-42a2-b5e0-26ac2732e46b
,,,,e419d868-4944-411e-889a-125cdbd59253
,,,,b34154ca-e7b7-48ab-bc49-a046372ac29f
,,,,31492fd7-6769-4777-b620-a2b84c14ab87
,,,,dc7d7075-6cd3-48b7-981a-6a8dd93da9c9
,,,,6e7ac5e2-3fcb-4675-b9b7-d9baf7341cfb
,,,,532fca9d-5502-4b02-8284-2393d88d49da
,,,,7ee2a3de-7fc7-4c6a-ba43-c04764c81f72
,,,,187010d7-00e4-460e-ab0e-361b291a504e
,,,,22cdc15a-df2c-43a4-b9e8-a405eddbd655
,,,,81678d17-385c-45d4-b3cd-ec45a11664c0
,,,,47424bae-73c6-442c-8055-d152a7432097
,,,,d9e3451e-ebb7-493e-84d5-b36607370dc7
,,,,35bdf635-6439-4ca9-a28a-88d97b236ba4
,,,,eded4287-d34c-4b94-b9ff-a18fbdb44f4b
,,,,dfdfc858-ac7a-4cfb-89d5-b6691b8aab85
,,,,10bf6d4b-c4bf-403a-b67f-6e054f6c9d62
,,,,cbe4d0ee-9aff-4773-b9d1-3f95e3c35380
,,,,60227d90-9866-47fb-82b1-cffbcedb6bf6
,,,,dc7941d7-bc63-4c82-911f-71f79006299f
,,,,95ae9ee0-7c66-4307-a68f-a1f1a14b101d
,,,,9ddc64d1-a43b-4694-8542-c3ea7c6a582d
,,,,8261ea99-786c-4472-a280-36d76249590a
,,,,18a524b3-3478-4862-95bf-5905b619c8dc
,,,,0aef6ab3-70eb-447a-aba5-ec9fd1029ecf
,,,,992f4782-164d-48a3-ae94-4d724039f1ff
,,,,7bbbc319-6285-4263-b8f1-50c82daaa56e
,,,,0127e687-5e8a-4768-bee9-9af94a98fb2c
,,,,8e925298-c6e5-4be1-a41e-738cc4e5b450
,,,,7e5a5113-d987-40f5-8902-60a965ab58a9
,,,,00d59068-6068-4f97-9123-55cec78ff1ac
,,,,f0943d21-a1c7-4b4f-b812-ac0f3854cb40
,,,,3bd6ef07-c015-401b-8936-1aff59b6e386
,,,,97ed8dd2-4fc0-4bee-bff4-7a425adac2da
,,,,3a528678-4718-4a79-a17a-c6a4fff22f1b
,,,,7576c349-529e-4523-9c72-adabba68b466
,,,,862bb448-5137-4fde-8745-6a61174e701f
,,,,97a1810e-8258-44eb-9104-3c42fcbd40e4
,,,,09715f64-2ad8-4132-9f29-8df75d8bc9ae
,,,,e0d8e9cb-0e51-4920-a09f-5f60e1f2874e
,,,,623c26f1-e1b8-43d5-8915-66f60ce9d8dd
,,,,48f68474-668a-47b5-8485-de74349b367f
,,,,3b98aee7-b673-4dac-9fc2-7b9530f18cf1
,,,,e30ff220-51f8-47c0-b4a4-f340ba58dbc0
,,,,1dca2c01-7fb9-4333-b3e7-d251ee19cfb1
,,,,0cf2996c-54c8-4985-b196-70fa0d0377e3
,,,,a8667bcd-669a-4fab-bd38-8513b15d5110
,,,,2e872416-53a1-444a-8c4f-543fb2b7fad7
,,,,9439dda4-6e97-4a3a-b54c-c577c9b84f73
,,,,d81914b9-5bdd-43a8-8ade-bfa620d4510f
,,,,af90939c-0e7f-4c0a-ab4a-c185e36d1ef3
,,,,a8175e66-a987-4160-88ed-8e049240d2ac
,,,,56896bd7-b997-4194-a7a9-75ed91442862
,,,,976e2bd1-c00d-4db0-a1d6-86f9f31c1afc
,,,,cc48e6ac-66ba-44a9-99b0-816268aec9f9
,,,,0f43777b-0d80-4518-a1f5-6b87207a910f
,,,,14c36467-0f30-4f0e-8d73-6dd66da40a54
,,,,7f56af59-5fa3-495d-b571-255ffdf211e8
,,,,ceb9c50f-8f62-4bcf-b586-424f357a9822
,,,,0bce88f6-1c78-4605-beee-b09fbd81ade3
,,,,ec9be5a8-3b1c-48bc-975a-38c51bd81ee8
,,,,abc6561d-c088-492e-b8ed-659f42a0e120
,,,,4bffc346-63c6-4c8a-b7c4-9f5eae57c4cb
,,,,ec44bb89-fb4e-4a31-a3a4-ff0f07ba5baa
,,,,65e2f157-3f6f-4094-96ea-fd9ba9590907
,,,,2a30d93c-54a6-4028-94d6-b6fe26b4cb40
,,,,51e0c3ad-6915-445e-ba76-5c46765fa120
,,,,3b5668b8-c970-48df-b89d-34ce4bf5aad6
,,,,cda73272-182c-44e5-842f-1f369a353cad
,,,,b95e4610-1ed5-4008-ae94-785201e59706
,,,,48d94cfc-3502-4a52-802e-5be872287d52
,,,,25b7a143-bc2d-4eb6-b5b0-c3c9837f9469
,,,,aef6ee66-77f8-4962-9b93-940db5b09097
,,,,919efda8-3bbe-4c5d-bbc4-3fcd8ef0c3c3
,,,,be85ac1a-7bac-4eb0-b86b-1a4108542087
,,,,d7a1f040-6498-47a4-a7b7-90f97b681900
,,,,8f196fd6-2e31-416b-9aea-3f4a2467ab84
,,,,e57d8a56-f062-4b1a-92b7-6a9e3ec55a46
,,,,c5d40b23-7249-447a-8f53-9fda81840a97
,,,,911c3e8e-f11e-47a1-9949-b9e5ac877986
,,,,f58841a4-9273-46b7-a4d4-cc1368020e70
,,,,1d48da63-d544-4134-8798-1debc76f886b
,,,,fb8fef02-152c-4955-891d-70a3284c9e8a
,,,,48c24469-8196-4bbf-a546-f55f20be811c
,,,,f4531744-4b04-4c5b-ade4-abfe31884cc4
,,,,0833f35b-9733-41cf-8546-f531fbf26c29
,,,,87062dff-22b6-4629-846d-72c657bd5979
,,,,151c3d50-a41a-4fb8-bffc-a1161c13774e
,,,,c1631885-c52b-4961-8000-f36815a095f1
,,,,3fffc427-8aa0-4f55-bdef-7ce30fe8e1e4
,,,,02e5d456-a6be-431b-9d43-0e1a93865f9d
,,,,b9411262-7674-43df-be0a-1287fc80ae80
,,,,9f88e2bd-7a6d-4a17-9211-fc3ec28118a0
,,,,0ee1b019-47cf-4177-a5ff-0312d472792a
,,,,768a281d-32fd-4f9d-8be4-adf6bf055c69
,,,,4b71453c-a29b-41a9-8e67-406e64cbc139
,,,,cb4c944a-face-4f7a-87b6-49cad1afbc3e
,,,,149b9d8c-2e88-4413-b39a-8d6b9c7ab1d2
,,,,0e0c0c0c-6597-40af-bfb1-0b4a31a1d90d
,,,,a36848ad-8f71-41ff-9d79-1916d805ba64
,,,,d5652e74-356b-455e-bc5e-c17581980852
,,,,9cecb1fa-a1e0-4639-837f-26b1d477d92f
,,,,cc39779f-bd85-4b44-a902-f6ed1bc1f922
,,,,3c68e278-b851-40fc-aab3-3da7191fdc9c
,,,,ca479ba3-d93f-4ca5-b945-5c56d67ad8a0
,,,,842bdefe-813e-434c-ab0d-463b4028a7ab
,,,,aa47cbec-5aba-4c53-8dfd-c53eaf4b517a
,,,,f2ab55f0-a53c-4617-aa53-832a10e9c7d4
,,,,d28518dc-823f-472b-96bb-1a0f3d36ea4c
,,,,7e7dd8e8-7c17-4ea0-b11b-485e8d63dcb5
,,,,5b661fde-8516-48e2-b73f-a06e7b04443d
,,,,7bfc5b7e-a0d7-46e1-8c2b-78e1f21f48b0
,,,,d97519ef-8316-453e-ba77-0eae9b276428
,,,,b9051fd3-8fd0-4f92-9d1f-a804345f524b
,,,,353816a3-cbf3-4bff-a672-5e5674be69b3
,,,,cd7c1f20-1d16-4e59-84af-edeb11f7483d
,,,,b4456b94-e582-44c9-8218-17ce4334f907
,,,,77eaa6c4-0714-4051-9e37-b7d9d41438e3
,,,,4cd2126b-5f51-4a83-856d-d052d30fc5d4
,,,,96a57fcb-67ef-4e43-8d06-f37b8e30d7fb
,,,,76aaa9d3-049a-4664-9336-8338cd76d956
,,,,bbd51b93-f8f0-4033-848b-393ea9280ac7
,,,,7d6b798b-6209-48c9-8de6-8981e9d8e099
,,,,ba54e9de-0e2c-4998-9e9f-c2bf5fb664f1
,,,,4a36fe39-61e0-4fe4-8895-08ba604f340a
,,,,1039ed30-0121-4f5e-94c6-39df864a28fe
,,,,a4172ff0-b985-48cc-8bd4-72bcc7b87c19
,,,,e792cf32-0140-4771-a446-d969861f2f38
,,,,a09bade8-c55e-4685-bc5c-77a41ee8a550
,,,,387afbc3-b3d0-4557-b187-f9291ad0fd09
,,,,6ef2f915-a508-4dc7-aa7c-d7569978ca50
,,,,f491e9f6-53f4-46d6-9cef-e4bed1dcd08b
,,,,86eddd08-128f-4f85-b43e-36a0a263728f
,,,,6ef5176c-ff03-47d3-b6ed-98f5547bc8b1
,,,,1487c9e8-324a-4934-a81a-5c8ebb518ecf
,,,,04190423-4f5b-4bfa-a248-1bb70e6ddf13
,,,,477b1cc5-19c8-4692-b251-f843b4584aca
,,,,c0a4767c-44d0-4096-b2d1-02b941976d3f
,,,,1d1f6d6d-be84-43e4-bedf-b817af4eca7e
,,,,348b4ce8-70dc-4291-aeef-d60f9e9a2e1d
,,,,dbe493de-e6c2-4f66-8003-2232d60c1c8e
,,,,c6e8fc9e-b5b1-4d39-a120-cce430ae6764
,,,,1bfe8a9f-2c51-4ba3-9633-94605a63016c
,,,,6a5ef893-c03c-446d-9656-22853c8301ab
,,,,e58dc809-f138-4e1c-9a4f-9518e66a1004
,,,,671ff44d-c8cb-489f-9867-e331766f4209
,,,,4b1dcf33-58c4-47bc-916b-8878e5766c02
,,,,b52987c5-e717-43e6-9179-fc18765e63a0
,,,,e61e0b1d-df6e-4517-a36e-fcd2a0330c22
,,,,b6bf18bf-c2eb-44b0-aa40-026c704349d8
,,,,ba2642cf-a8fe-4103-977d-8d5222b54990
,,,,b71a0fd7-76af-44ed-8cf7-1ff731ff908b
,,,,9f3bab0e-14ad-4777-92f9-57c0003b62db
,,,,730a3dbf-372b-4ef3-be35-55bf74067934
,,,,a1cce58d-6fa7-4d45-b283-16d6c4650a76
,,,,efe5050b-2d03-472e-8ee6-05fb3c7b2417
,,,,b0d801ee-13a1-41eb-bba9-53f0f8922430
,,,,65fb0be2-0f3f-4213-9768-808118dfa6fc
,,,,6e7da55c-0ed3-4ded-b244-a1c7d2880cd6
,,,,2491d3e9-e767-49ec-825b-f6d019682561
,,,,4910d938-88ee-4f96-a9b6-058208f468bd
,,,,9bbf43e4-2f9b-412f-a6e8-abd5161944cf
,,,,2ee7d9af-b216-4173-bc73-ab54bfdab804
,,,,eed8821c-6ae7-4a86-b9b8-7c085c951f26
,,,,2352eb75-707f-4e9f-a9cd-0ef10d7ababc
,,,,f7ffca7b-3069-4012-8dfa-7cbcfb39af67
,,,,edf7cd97-be74-44a1-86d5-c1e42bc6e61c
,,,,74788937-ccbb-4ab5-a03c-a7d9917b3a09
,,,,0119a5b2-fd46-40d0-a71d-9e1ce53417af
,,,,04b38f6c-b87c-4b9a-b07b-42f1c81613fd
,,,,e5db4a9e-1109-4d86-8161-02376ab43247
,,,,68d82050-387e-435f-9511-d908cc017207
,,,,e961d336-efe3-4678-80f9-8e002aa59272
,,,,f06a79b6-4aa5-41c9-ad02-afc8ef1dad9e
,,,,71e0dc0c-bac4-42c7-8a9b-5c3a44f64418
,,,,8c6fdf15-4153-4c90-af64-0b1d6cbcce13
,,,,cc267109-4b0d-4deb-99f4-edfcf2df2a5c
,,,,7ec749a6-f513-4e21-84e4-5b40ed873395
,,,,158705b8-04b8-4e5e-9148-8e6b1b832f78
,,,,8c96086a-03c7-4fb3-86b0-fadf2b4b938b
,,,,2a10e2d9-7937-4ae6-b63a-b294f4c5d543
,,,,9f5fcd01-46bf-489a-9612-5045e4faa7b4
,,,,d5a3ac71-0b72-4722-9cde-2b660a305188
,,,,954d5c17-a45b-464f-a698-f88716431df8
,,,,5eb78b40-c074-4998-9b38-7ee5a1cd0b0e
,,,,03f27bd5-875b-4bf9-a785-b99f70ded885
,,,,c9ebd4ef-35a5-4ca9-a667-5b71b31543e4
,,,,616a0f7e-a705-4672-9034-24207a4a6bce
,,,,c9746a50-d20c-4dd5-9936-8c7a44eb204b
,,,,9e36ea3f-cc41-448c-832c-0db8ba2352e9
,,,,5507f967-32f3-4035-a5b1-68372ed28739
,,,,26a07331-067c-4665-8bd1-405a51c69aeb
,,,,fc3654ec-6873-4e3a-9218-5e989c0ebdae
,,,,dc343ff2-b438-42e3-99e4-9e586db1fe99
,,,,408bc9af-7d5e-4ea9-98b0-52e8c84ed4f0
,,,,5b4be60e-eb79-4a5d-8b0a-2b8c51f3f157
,,,,0ed8c7bb-2180-493a-a23d-390e0330463c
,,,,0d27af56-9571-435d-be1d-36d1dcef7f39
,,,,4a99fd8c-742b-42a2-86c9-6b379a6436d6
,,,,3be2b9fe-273a-4a5c-a60a-1c14aea400af
,,,,4e6c510c-ca84-4d0d-ba8e-e59098c210ae
,,,,3063f078-8c18-4e3d-a17e-3b75faff8112
,,,,efc9928d-3bf5-4986-a008-26d185ac6e0b
,,,,0769c6ff-a715-4e7e-bbe7-74034f592e0b
,,,,8c0c7847-a08f-48fe-a018-2ac9c582354e
,,,,dcd80d08-e3fa-4255-81c8-70bf426bb88d
,,,,bfdb021c-6e4a-43b0-aad2-829cd3044bf8
,,,,10db7554-74ba-4b5d-b1be-bec520c7314b
,,,,b71ad5da-270d-46c3-b1b3-de6cf048be83
,,,,d3b5c407-a75f-4d01-9424-1f98b48c0e02
,,,,0f5a1b48-b515-4ca7-a8e9-6edfb21d75e7
,,,,5581feed-434a-4dfa-9727-92b9e733245d
,,,,4d28d294-0d20-406a-9750-0779df9e7c32
,,,,d336b291-c1e9-4b74-8422-2e131e7ef09c
,,,,01c52998-dd8d-44bb-bff2-adf34f971f64
,,,,365adcae-8344-436f-b38d-9ec72abed21d
,,,,75438fed-5af6-4963-8bf7-140e3e6ef759
,,,,98514e4e-e1ec-4cd5-96a8-df743642b626
,,,,cf137304-0e41-4577-959c-6eb8ccd2bc96
,,,,4c323361-a39a-4b59-876b-e7aacc9442db
,,,,7ac047a8-6a76-4f93-ab60-eadb48c3ca3b
,,,,cd7ddeff-d864-441e-ba95-7be21b63e9ba
,,,,2a0216b5-dafb-427c-b570-81689f831b47
,,,,20766547-aa57-4e07-ac0c-0c1513c730d6
,,,,870f0468-8efa-43fc-933f-7a690e6bf4e0
,,,,28ea015d-f8ce-4d51-bfb8-0a0c1fe8e7e2
,,,,6af0e6ab-b7fc-45f8-aa95-1d1858f2ac60
,,,,60a6865d-2454-4aed-b9f4-533fa38c66f6
,,,,f4db861c-12cc-41f4-8429-f01c6eff2532
,,,,da920596-0473-45ca-aeca-93a0e7309449
,,,,26b614c2-f922-4aee-aca3-37b29ad2ddd8
,,,,952068be-73bb-4ffb-aac4-e20bb2a47a10
,,,,d2246331-3d20-499f-8548-476db29998a3
,,,,170a1194-8d42-4e66-b062-3e648927b686
,,,,3466bb49-d61b-4624-9dbb-340ee0628e11
,,,,b46c6d8f-c90f-4f41-8a72-ccd3004091a6
,,,,9ec8e13e-d59a-48f7-8423-69c5160a7930
,,,,1d9c544c-2c3a-4c6d-b024-87ff1c06a4ba
,,,,72c6db3a-68e6-4343-bea3-50cd41c3b98a
,,,,003cd190-c588-4b02-97ac-13c705592bf1
,,,,d923ca75-67b9-449b-adb8-85c767376bee
,,,,75535969-0d22-44e8-8de4-f1c6133966e3
,,,,9fa62d37-8138-41f7-a68e-8425d16a4893
,,,,ad3342b2-afd7-4430-9ee7-fae1ad8b4cb8
,,,,090ca2bb-5933-4f78-9cdc-afaedef74bc3
,,,,d07c2383-7ff9-404f-87f5-919d158d18e1
,,,,d457579a-be1b-4963-8c8f-91da8b12f6e1
,,,,44b658f3-21e8-4d29-b708-f31e6a3d7d4c
,,,,aef69b9c-3495-4acf-8649-160f792cdcff
,,,,6def127b-cfde-406d-95fc-8ca0167a07f6
,,,,3df3180e-4a41-4681-a5bb-f4b49abd9d03
,,,,a92b2647-4afa-4da2-8125-2236c96be2a3
,,,,88bcb01f-c92e-4584-86ea-02f54606ea5a
,,,,44a10280-ebcf-467e-9a25-bce04b0650df
,,,,ce9fc11d-2c04-4a71-b8a3-d8a2629852f0
,,,,324181db-c6cc-484d-af54-ab90b33e3b24
,,,,08afcf09-20e1-445a-8d03-9e98a6be9353
,,,,fab78139-ca00-439d-94ef-dde2c37d9174
,,,,34a260ba-091d-40fc-b1cc-6167527d07a0
,,,,03414167-a6b0-4c96-8d17-8bb8a5b6c09f
,,,,2aae1161-e495-4396-befb-b67818ca3054
,,,,4b4b7140-bc1e-418c-8edb-f0ec901e158d
,,,,256dbe46-42d7-4e89-be1d-f210018ab059
,,,,f0189ec9-e98a-436a-a2bd-eb956ac6e3ef
,,,,4739beb7-247d-4fcc-be54-d8170b65f7b1
,,,,6f92d689-4734-4297-b2ba-d17b5c9ef97b
,,,,7107e9f1-ee62-4750-bd62-c83d58c03acf
,,,,3bae02f1-5fe9-40b4-b6d8-91f8922fc038
,,,,bbdc8f25-e169-4751-9cd5-d1474bda8a9e
,,,,59570f31-13ed-4d33-80df-315227f807fe
,,,,b2494c8c-0e28-4f23-895c-4955a26fcd1e
,,,,997a8ba8-8906-445c-a930-67dba3d4ec62
,,,,b83b388a-5b26-456e-82b3-7546bd30a8b3
,,,,09b84f49-471c-4f40-9cf1-cc6fc47fd10e
,,,,0913fcf1-c369-45df-b165-24680e3ee107
,,,,2c5dab31-846d-436e-8d44-cb0cd8cb4fe0
,,,,482cbe2c-ac29-45a6-9b21-4840e36a1ff9
,,,,66d67fa6-c0a6-4b0c-939f-7bdf89cc6b4c
,,,,57694c21-7afa-4732-9719-851a98cfa954
,,,,232f010d-3552-4e55-b7f1-130ecfd935ec
,,,,833e4d88-84de-499d-b8c2-da3ace4056b4
,,,,8eaca8e3-624f-4757-b247-371eaec7604e
,,,,66d9f98f-652a-419d-8470-9441b2ec6aae
,,,,bda0ecf8-59ab-4749-afd9-1c7d3aa9b725
,,,,c9a24a20-c51d-42c2-b942-c91874c6ef77
,,,,c675ec2f-000b-484a-9880-cfc686811a6a
,,,,10ad6b74-3944-4217-a425-e365f776e259
,,,,b4878c7e-f646-4127-b6e5-810cfee28084
,,,,67e3abdc-1719-4065-ad91-0474dbdc5b8b
,,,,752ff8d7-7494-41d2-a12c-f86abdd4b211
,,,,ae97c9f2-f099-4616-9752-8fbcbf1dad86
,,,,88764087-f610-400c-8fea-7b0e397008fb
,,,,2db216e1-d036-41f9-9998-5aed25550a61
,,,,ff27011a-4c9a-4692-8bc7-34f9cb4a81bf
,,,,17de66d1-1188-45fa-b0b2-2ad6531ad8d8
,,,,c6fcbf8b-8b7c-4ed3-b452-0ad25e645670
,,,,f01ff9ee-3171-4da5-943d-f097bde22cb7
,,,,1218800d-c09a-4bc8-8c83-8ce013289e19
,,,,748d3957-d9ae-42fa-badb-21b76ab0eeb8
,,,,a14ff65d-4631-4c45-9b09-ccfabb44fd99
,,,,1429726b-fe9a-4614-8539-22b21833b80a
,,,,d404db75-7e24-48d9-8c9a-4525cd51c320
,,,,d38bd9a1-e484-40a5-a34e-b877820cff1e
,,,,6eef6b08-6fd7-4ca0-a326-ed8c453dcd1a
,,,,b83a8f81-da49-4a1f-a7d1-911caa7991ac
,,,,97f28a48-63c7-4775-80c2-6b0d2c730f76
,,,,436505c4-fd00-400a-af49-1e4a4be79cd9
,,,,d7e74372-3e58-404e-a8a0-2611595ece63
,,,,ae1676e1-95b5-4855-a9d7-03d6e6da542a
,,,,92c2fe07-d20c-4037-96a7-f155befdf3b4
,,,,613c4e02-54c7-4428-8612-6e5781567d8b
,,,,0c9bd273-84c0-450d-aa74-6cc40b4280e5
,,,,3bdeb18b-d5c4-4f4e-bac1-07b452f09375
,,,,e2a25429-6c66-4ac5-a5fd-2a6f186b8d90
,,,,cbad546e-e0c6-4276-8666-d45b78a58009
,,,,b1b1f0ba-373e-46fd-9fe0-d7cfdb02fb4d
,,,,4dd33b17-eb1b-4cf2-aeef-3c5e6d9733e7
,,,,ed3c33f8-5952-4e9c-a21f-412e5ba6ddbe
,,,,4ef06e8e-6fea-4bac-8fa1-4f5bcf81db75
,,,,cad46f8c-4c22-436d-a18e-ded0f366ade3
,,,,66dd64b0-a267-4083-a53c-51b81138378b
,,,,e89ce909-41f7-4042-8f95-581397ffca56
,,,,15b80393-313a-458f-8ad5-9dbad9e799a0
,,,,deb61bcf-14db-4bb0-81c7-af3373ea9321
,,,,bde328d9-60d3-4633-a9cf-47d45a56372f
,,,,a577de09-82e8-446a-9d70-b1d7260944dc
,,,,f5b597e0-73d0-4ea9-b2e8-c432125c22b0
,,,,2131fb5e-99ee-40c5-b03e-1b374919ffe2
,,,,6d190e3c-cd8e-41d7-bf02-2b466ea95173
,,,,372246f5-d21f-4323-9748-3b8f7f860cdc
,,,,455c03d2-3935-45ac-b5d7-d8654e201ba1
,,,,9f9a7269-d6c0-4d5f-8b35-6292c6ae77a9
,,,,4af29959-571c-42b7-a7b1-900e05bcca64
,,,,d5a64ab0-5d25-4f4c-b97b-2af28ec4dc07
,,,,39f4a5d7-545d-46e1-aa7e-b2d115676dfe
,,,,044b089b-36ed-4fb3-9d4b-7efb2b90d6bb
,,,,2e842268-de3f-497d-a8a5-222c42ef769e
,,,,6096f904-ade4-4779-acb8-7634b49ea464
,,,,4d8e1bc2-e087-4f62-abb7-fac1684f6165
,,,,1415a1b3-5754-481a-8b4f-5893e4bcff85
,,,,55acde4e-9534-4ea3-bfeb-dd00bf5acfb4
,,,,37ca484b-962b-4bbe-bc8f-0c37446f2d73
,,,,a21482be-03f7-4950-a08e-081dbc34fb89
,,,,95c20a5a-99c5-4ec4-ab2c-12d0aea81589
,,,,637eedb4-a322-498c-a8cb-a561f271c6d5
,,,,c96d1182-687e-4751-ae82-547757dd45b9
,,,,11ddd593-dedf-44d0-b2eb-525e4ca8edc5
,,,,722f9a14-3a3e-46bd-b6de-7c9d85ba8e1f
,,,,3d67e18b-fdc8-4772-9886-2245082ff016
,,,,503a9b50-bd36-438c-9362-cd0359cbb7c0
,,,,50db5721-3563-418d-a3e0-489472d64f8c
,,,,c387414b-e02f-40b6-a36f-f5e82b34e99a
,,,,acbad468-de00-4d82-a36d-3e3406585fb7
,,,,79168ad5-c52e-476a-b9e2-23935d2846cc
,,,,211b9e7f-0727-413e-89ef-6bd9e39bffc6
,,,,f000fc4d-0a3d-4d59-8a7d-a57ec69f8fd5
,,,,8d9c7b4b-69ea-41eb-a163-347d15162516
,,,,e22d8be6-67a0-4d55-aaa9-93368d4862f0
,,,,d2d223ee-8879-4680-8d86-a53e421879b4
,,,,f74ca21c-4d26-4a3e-ac9d-3ce6cf8a0768
,,,,01fd7efc-c4d0-4221-bc56-4bcaf5d9d9ba
,,,,d27ccb06-beff-4672-98c8-50af6dffe276
,,,,3742e769-4f26-47dd-86f3-d9ce931dc6c0
,,,,d2542c35-6f99-4b87-9668-0d9a5688087f
,,,,92f53e38-e798-4633-8574-56dd17bb6bd7
,,,,d91ddb72-9f9d-4b1f-b8ff-2fa7ec9886b3
,,,,cac60888-2491-40b4-b8a8-6ec004f3f100
,,,,19b5156a-a863-4833-9397-dc3683494794
,,,,137b188c-8af6-40e2-81f9-79fed106be8c
,,,,dafb863d-58e8-4367-953e-0c05bca0088d
,,,,0efbcaaa-07c9-47c0-996b-03e2a27f4f0a
,,,,a0e6a584-f7b3-4d29-a128-d5681cd1c657
,,,,829aa30d-855a-42f0-ae66-9e118813380d
,,,,c580634e-01fc-429b-8baa-b218ce78e437
,,,,efe4c70a-efc5-4f7f-8819-feacbadd4c46
,,,,17960041-560d-444f-8ac9-9845d64a0bd4
,,,,b34bce2c-6d64-4da5-9ca4-aedd04a26775
,,,,3c7d8c42-a0a7-42af-ac56-e3d9b426587b
,,,,5c7b3c40-cc2f-4381-aefa-4ecdf6ddaa8a
,,,,700a5920-c889-4609-9460-30bb3244b808
,,,,5109aa60-e6b9-4300-bd83-a6af5cf98a3f
,,,,e58aad55-d242-4fc0-a981-40a82de28aa6
,,,,b50b57ef-836f-4be9-ac77-3bf76723e3b0
,,,,76daf69d-cbfa-45f6-9e13-99b7361cbb6a
,,,,60289c3c-fc81-42b4-a04e-ecebd405a1c7
,,,,7cd3f39e-91aa-405a-b1c7-7cd8b1ab2da4
,,,,7d567b24-8310-4252-9ecb-eca1a9bd695f
,,,,3bbd7793-d5bc-4ffd-9aef-dc2d17e92c5d
,,,,b4bd902f-4190-4786-aa8f-8268e6d3b23a
,,,,454db42d-87c3-4a79-8861-300d03d691d0
,,,,774672ff-c6dc-4081-a203-cea061b62eaa
,,,,9889f6a2-5dce-4d20-9467-b0f406733ba1
,,,,24919c5d-632d-412f-bd87-5c947f4024d0
,,,,b4eba033-a446-4d66-948c-6745e8156dc8
,,,,10cbf1c0-f578-45e9-846b-c38a02ae1eba
,,,,b83cbb74-81d3-4e5c-9355-0fb600f290af
,,,,817d7476-2d7f-4900-a4c0-362c7e841ccf
,,,,5997cd68-32d9-4e04-8c94-8501b52296dc
,,,,a6bc321c-d951-451f-8546-95030e8bc311
,,,,5c6e76e3-e1a1-4b8b-b3bc-3a24543a45eb
,,,,a2d9442f-471b-4502-a0b0-86448144679b
,,,,cf75595a-4393-4fb7-b0ad-12ed49c06bff
,,,,c2cb2660-58a6-4a2c-915e-5695ce56c0ce
,,,,f3aa70e3-9a3f-4305-8250-2781833a8ba1
,,,,bea8341d-f9f2-4981-9b75-6690137c299a
,,,,066e3901-d090-4f0f-9893-42bb46157d53
,,,,d9333b51-a72a-4229-95e4-a4559085f3d4
,,,,05931a03-856c-4423-b547-9b3d04d540f6
,,,,881ad8c4-3d04-491d-a19f-a7a5db8efcea
,,,,0244bf31-84cf-427a-950d-2cc1e0a1b0ee
,,,,58118642-879c-40ba-8f50-181fe3a47747
,,,,aee3b620-3a0c-4f24-887e-e95978771780
,,,,05f76658-13fb-4b3b-adbc-9d5de24dd6d4
,,,,df915d7d-1956-4754-944b-858f65287dcb
,,,,54d9c893-3779-4150-8218-8d77787db40c
,,,,613f444e-98a8-4cfb-9619-59c1a06bdd54
,,,,3584c56b-85c1-4b85-b043-9ebf7aac7f38
,,,,59e4a7f9-e757-42ea-8d8f-d1d6cfc42489
,,,,4438d87f-3856-461c-ae7c-c2425b0fd23f
,,,,b142bac2-a111-4abe-936c-67c001d4a1b5
,,,,7c41058f-abc3-4b71-b892-31eaf487897b
,,,,c9fa5479-5eb4-428c-8ca0-0a76dfa77f42
,,,,be883049-d735-4b1f-9a6a-8a25599fba9c
,,,,b62f446f-cb44-4b54-be0b-4dd8721f7c34
,,,,faa5b74a-3438-4c47-b548-71f5e382a2b9
,,,,0ba93e1c-fa1b-46d8-87db-f49f170e35c7
,,,,44d928ff-7478-4c9c-a9ea-56c2ab8999ff
,,,,a1186a71-ece4-4baf-bc57-8436680febb4
,,,,f33022b7-72de-4012-9ab3-70e6e5b8801f
,,,,012e22b6-5265-4292-bb80-cc047f69df99
,,,,bc44fcd1-c1e2-494f-819d-b826c54e02f6
,,,,61be8a67-c40c-4a65-a97c-427e1f7b257d
,,,,a06d6145-69a3-431e-b6dc-bb90d3644091
,,,,0a92d136-ac8f-4e0a-8d4a-054afe50ddee
,,,,c344d608-876a-418c-b7b7-1be1dc73afc6
,,,,69ed5ff0-c07c-492a-a7c7-147b6c8fa4ac
,,,,2cc7b523-e5a7-4232-82c1-b1ddcab494dc
,,,,40cc513b-defe-4610-b036-945505f75ea6
,,,,c1158f23-e5ff-46ff-b56c-8680e481dce6
,,,,1aa575f1-ec43-403b-9c4e-d9d60cf760a9
,,,,4220241c-cfab-4c24-9ca2-ac7067b9f859
,,,,fabf5883-8f0a-49ac-9943-5851d2fc771a
,,,,1d570668-e159-4a9b-ac7d-2cabcedbc965
,,,,642d707e-86af-4f19-bd23-87c7b1cd3f25
,,,,ac7c8b8b-cac2-4dd7-b33b-77c55a3b50e6
,,,,79b5c634-7e20-4b3a-99e4-e08a1f9cfbc1
,,,,eb483822-758e-4df6-b460-294bf940784c
,,,,5310deb5-b097-4b22-846e-b19cbb6c0ab6
,,,,15a63459-c8c6-42ba-acb9-a05757f032cb
,,,,74b6ffd4-95d1-4a6c-a785-094ea70581ca
,,,,0f7c2a81-8bec-454c-bb81-8131fbbf3d6c
,,,,e5156529-acdd-4f0d-94c4-db86a896b9f6
,,,,51ab8665-5600-4e36-9ad3-fb90653d66ac
,,,,ee1478d6-1361-4aab-80d7-e4fd01c8faf1
,,,,1fad3e80-1d9e-440c-bdc7-4b2fdaa8c324
,,,,9726d059-9a28-4c3e-8b4d-714800d1c68d
,,,,e62d8ba4-52ff-4340-825d-ef977736e529
,,,,f7869926-d3a4-46d4-93c2-b9da9cc683e0
