group,Мясо,,,
Тушенка говяжья,220,100,,c335603b-78aa-4186-ba8c-e33298f77c7b
Тушенка свиная,349,100,,54759028-0c01-4741-ad0b-66ae44228157
Фарш колбасный,212,80,,1ceae699-537d-4aa0-a526-5f9669f54e31
Паштет печеночный ,335,80,,3057794b-e40b-40ab-b63a-63bacc10ba77
Мясо сублимированное,565,40,,f6e4cd48-964c-45d3-bf48-c73bb0b8916d
"Антрекоты, прожаренные на жире",320,120,,ba75eee4-d951-4eca-9f7a-c3d3e7964223
Колбаса сырокопченая,431,70,,fd0b2a16-9464-4c23-aadc-e20fa57bdb57
"Корейка, грудинка сырокопченые",535,70,,a4b975c1-82bc-4e2c-8f12-c0f22854a7c6
Сало,770,50,,35740e13-5340-49d5-b69d-a179fa6158ce
Жир свиной,871,10,,8e1011bb-c605-4a16-b47a-8dbf93bef12d
,,,,7a8c413b-dd93-4390-afac-bdf13af34483
,,,,949b81ce-9fb3-4dc2-95ba-7d83a7eba3ff
,,,,c9257eba-323a-4e05-b8c5-a670836ebe69
,,,,e787d66a-6604-49d9-a171-e1032ba75e3d
,,,,f38cecaf-e942-4e19-b69e-046fa6fbc53c
,,,,b43c9bf6-2de5-4132-a8b4-74aeee07541c
,,,,dca9199a-8ed6-4744-b060-025bc4347f56
,,,,3d41f650-46eb-4117-9a33-d69dae3c891b
,,,,0335885f-855d-45c6-8530-9f9234bf5c5b
,,,,ba543f7b-06a9-49d7-9e40-9be03925ddd3
,,,,1a93897b-bc9d-4b4d-a3a0-c0f37577664e
,,,,514a0193-3727-4315-abdc-614380cb68d3
,,,,48c6ec0a-e41a-4278-8246-8124497f0c6e
,,,,cfb7183b-7be5-42bf-b393-59c6155800bf
,,,,a801a06c-f613-406e-85eb-5b786154a18c
,,,,74aa2295-ced0-4612-bd72-387194f8eb1b
,,,,0c8ec9c9-ca03-41f7-ae3d-5e1114a50480
,,,,8f3da2d6-4a64-4f8f-b98a-71bd398cfc9a
,,,,45b98d59-09e6-44ae-b1db-827025c3e322
,,,,2eade740-6ae9-4389-a321-a36396865dd3
,,,,3282bbc3-8011-4cbe-b2c5-5075a144aba0
,,,,7f193e3b-270b-480c-aa27-0ba31ca5c8dd
,,,,6ba9b5c7-5a06-4f68-9be5-207f021b4e5c
,,,,1719d219-dcc6-4a9e-b4cd-411ba8ddaccd
,,,,5e7b3ddd-77c0-488a-a969-96e5e3296e8f
,,,,e9113a67-745a-4ed9-88bd-ea3da9634571
,,,,130a1994-d1a2-4d61-895c-abdef9fb27a2
,,,,5c94b650-bd25-4412-8eeb-a2a814186a51
,,,,e4fa2060-44ef-4e71-90b2-7bdde2f64db8
,,,,88fa94d9-fd3c-4500-a371-ae34eb14851b
,,,,c4c22765-7214-4303-b866-d1e095f9513d
,,,,7b1ae6c8-c075-4f2b-81d2-1911e37736ea
,,,,f468a849-4f52-484b-bde3-285f475ea047
,,,,5d49f035-bb82-43ee-86b4-311520bdcfb6
,,,,9492902d-4909-4bc8-b181-c159777e8b2e
,,,,ea4c54b4-398e-4e02-a688-aef3222e9b9e
,,,,e46b9b26-17f3-47e3-9c32-cdec8e1f1a5e
,,,,3ac1b302-ff3a-49db-80e0-45493617088d
,,,,5987da09-fe8e-4da6-9247-49d13ad948ef
,,,,8deb720b-f323-4770-b2b8-f91f07015a13
,,,,d127a631-e9c7-4ea1-b3bb-aaa423878e48
,,,,330e7178-e34d-4829-80f3-c43ca7a95a1c
,,,,c52142dd-5cf9-4698-aebc-f81c11f0a38a
,,,,ab4636c9-6274-4631-b82a-26092737353c
,,,,bd58aee1-16d3-4e9f-b77d-47b97c09392d
,,,,1ee81cbc-372e-40fe-8047-1a0506b68c9a
,,,,eaf0aeed-93ef-419e-901b-cba1153df9ba
,,,,f182d3d0-9fea-4574-917b-c87dec090095
,,,,d37b017f-2381-41d8-8e37-509acf0666b1
,,,,83713712-7168-4c94-acb9-c09e50838d53
,,,,6f0ee9f4-23cd-42bb-bb8f-79f2d45183f9
,,,,fc1ba635-9cb7-4d53-8f91-6c5bfc5393ad
,,,,6d502538-3ade-4ae6-8640-7d644b38d366
,,,,4bb53209-77eb-4c06-ad91-f57e7c74b8be
,,,,738683fe-3bf5-453f-a688-1c8ecfc87e6f
,,,,e322a376-771f-463c-916f-1dac337fe4b1
,,,,367057ac-6cc3-4104-8ec9-05081d1884d9
,,,,19e6e250-f84c-4cff-bb57-894e70bf6245
,,,,e488846e-ce4c-4367-8be5-a08110b069b1
,,,,d2361cd3-01c1-45c0-948b-093144644839
,,,,5dad8440-bc32-4d9d-bcbf-17b8f848f820
,,,,9fdbca8b-b60b-46df-9013-5ff08abbf516
,,,,6878ea8a-f29a-4d75-920b-e7712d0b50dd
,,,,4827e837-3242-4c70-8fc2-8d7401720ad8
,,,,a73a31b9-fc5f-45c2-b128-ca1ea4aa1c37
,,,,ae8df570-a975-4bfe-88a4-f205874e4167
,,,,482ade7d-88a2-439a-ab77-be4c944efc83
,,,,713af69d-08e9-48ca-9fb5-58bb4b0304ca
,,,,c5c46428-9759-48a6-9ab8-85805052593f
,,,,f8469c8a-0920-49b1-a532-c40573000c76
,,,,45b655f1-f774-447a-bf60-0ae698c3e85c
,,,,eca15962-d378-46b5-bed8-453403e880db
,,,,a9e01312-554d-434e-be8f-2edb5a290b69
,,,,1491feeb-b328-4c5c-9361-f33237b0a306
,,,,4745397f-4b4c-4ef5-ba49-4e6a8744d1f6
,,,,a8c4d290-d97c-42ee-a4d9-4deb2375f641
,,,,562521ae-2dde-40ff-8ae0-66d01f5fe611
,,,,1991f7d8-91db-4336-b35d-78a5fb7f52d0
,,,,0647a536-5757-4265-b4b3-d9b9b7c6a43e
,,,,24659669-55c4-4c4b-9f5b-fa541731cb0b
,,,,27674ad1-13e8-447e-a4c9-df85616d8f65
,,,,7c2cecaa-83c1-4fc6-8924-11fa563aa39f
,,,,909bd0fe-ab3f-433b-98cd-8e6f52707678
,,,,ef8b15bd-4a39-48cd-a1e7-46ef21fe8d19
,,,,25b6348f-eba6-41cc-8825-03081f560d96
,,,,8c502cd5-30ca-4afe-93f4-a5d306b47c2d
,,,,80adc1fe-520c-4182-a048-903c92b5828c
,,,,9519dcca-396e-431d-a712-110678a5d3e7
,,,,c2014ee1-0de5-4c65-b22d-d5882bcb04c3
,,,,dc000596-3dba-40dd-94f0-d13521432eb5
,,,,0843dfdd-d5ec-4cc0-a752-c82c6a3a7140
,,,,e7b8ad6d-8014-4478-95df-69c20b15d5c5
,,,,59e191d1-b393-4853-ba00-adc9a90f9632
,,,,71203a59-262a-4ca5-9643-595834778e9b
,,,,bd85f907-95e5-4e1b-acfc-f5376eb8f741
,,,,1fb6310f-f282-492e-aaa1-c00221dcc113
,,,,79298fe7-aa3c-4c40-b4de-6705b6640840
,,,,37c024fb-7168-4e91-8864-f2dfcf79e671
,,,,4659d766-265c-43e5-a995-0c334fac286d
,,,,e8c037e7-d8a8-4503-9493-18767bde8335
,,,,d482b666-ca29-4517-a52b-f7ac95bb3b7c
,,,,ade1d1a6-a6fd-45ac-a368-9f90473d388d
,,,,693ac828-f8c1-4309-acaf-2c7e38c9759d
,,,,2ba19bc2-7f7f-4f80-9c20-7db61ee9a722
,,,,d8d0e5be-b5f6-4660-9a92-9bddbf7ea4b8
,,,,d9e8b75b-7d3f-4f41-855a-f62290658aed
,,,,9870a870-454c-4a50-818f-1b4063f1e30e
,,,,c2741a6d-deb0-44d1-84dc-141f234ae50d
,,,,78dc2c82-24f0-400c-bc34-9ec73679c21b
,,,,cca8d930-957f-4f61-ad6d-eca09bcbfcae
,,,,2259d4fc-20eb-43b2-bdc5-64dd81a4d5a2
,,,,1ad73468-86b5-4ec4-9553-4bb7d69e32d4
,,,,36c49cba-fbd6-4fd4-a8c4-aac3aa5c5e80
,,,,823ec4ad-da68-44b9-b942-76ef08429169
,,,,65020f5b-18ca-4fc4-993f-75a4b41d1174
,,,,2bc3c071-6f58-4604-a57a-678179f2e4c3
,,,,c488f9f3-8c56-4564-97d6-0e637c3959de
,,,,0a069a5e-3433-4b24-8650-48ad60bc4727
,,,,153837a1-b436-4b57-9601-6f9fb685ed42
,,,,6c99448e-8b8f-4c01-b823-c8583c22b0a0
,,,,717bb274-2b32-46ae-a0bd-9c8dfd27e316
,,,,19f748fd-cc13-4c59-9cf1-e9000b516dfa
,,,,49415a58-08e5-42a6-a82b-046ef13c0952
,,,,6757569e-4e5c-4215-ab78-e92ddbfbd95d
,,,,eddc302d-3b2a-411c-9873-3a0b5beaff5c
,,,,b5f8ec07-ff46-42eb-be9d-91f5bd050b3b
,,,,edd1b1b4-5e33-40dc-89f9-ae56bb146347
,,,,4d84aad0-25bb-48fd-b11b-7e400e36f9ae
,,,,408d1b6c-c5d9-4c24-be4e-15bbff1bdf45
,,,,e97488c8-4087-4e10-8b20-2a59a5627a88
,,,,522cbcfc-ed0f-4b4f-bda8-b4f181115089
,,,,46688e67-a879-4d9f-9c7b-c9323a474f7e
,,,,29a9a1c5-da64-4c25-97f9-bea893a5d0c0
,,,,0d35355c-de33-4418-8a26-eec176536df0
,,,,7c3ec983-47b2-42ed-b3f3-fa74b39fdc72
,,,,836b132e-d8e1-4161-a3bd-7415f0abf358
,,,,e9aeb199-4069-4477-ac01-077b63f8222f
,,,,17863475-d200-4a47-8814-7fb67ae431ad
,,,,c2dac5da-8b4a-4b42-928e-8518e6b6c451
,,,,2bae9399-b291-4edb-98a7-26c6b3d827ab
,,,,4be4f4db-da77-46ea-9182-ddb1c1317d37
,,,,bcc4dea2-16b0-4736-8a1f-f6d6e0a80342
,,,,0f69df29-4093-4ccd-8cfa-d89e4795105d
,,,,f53b3c80-d602-4ff1-b430-85663fa8d818
,,,,615c0831-4472-4ac8-a031-69c33b80bc9d
,,,,a44701c1-9021-4959-b201-1ce5b614dc86
,,,,8ccfafe6-e86b-496f-a152-da6b9c4ae508
,,,,cc442be5-2561-4dd6-a559-240b59addf62
,,,,1e36d303-6b56-4c9c-8b87-1a89b87820f9
,,,,5a38da29-09da-4c4d-96ab-8a033051f03d
,,,,6e932c7f-a9cd-45d2-a911-a932915e8868
,,,,8a77e9fe-325e-4d9f-83e9-526b8bb703c5
,,,,33932ee1-69db-47da-a1fe-a598a4468c86
,,,,7dc76c9f-25dc-40f0-9634-18eceda05ba6
,,,,8b402380-998f-4aa8-867d-1195a67a26b5
,,,,18d5dc48-b37d-43ff-b503-94208a2b9deb
,,,,906a92bb-483b-465c-9fc1-ab30beed2044
,,,,8a14618a-6971-486a-9cb1-04141a86b904
,,,,bc60ddf0-5225-4494-9cd0-040f54b75376
,,,,da8712b3-710a-4abb-bfd2-abb85834780b
,,,,8b476e84-ef6b-417b-943d-42ed95e33e33
,,,,8f10b2a3-6bae-4053-9f4f-e33fc7e8eef0
,,,,21b50762-25b9-4432-ad5d-41e9f38b9355
,,,,42602947-de91-4f4b-802d-b2cbf612df95
,,,,f3d9ee7e-0f8c-494e-ba7d-cff0b6011f39
,,,,58c1273e-97ce-4f34-b201-436f3513606a
,,,,934c8398-e4b2-484e-84bf-3aa9eec01392
,,,,bc4d9589-afaf-4757-9384-559d2cdcdd71
,,,,19a022be-06d1-4e3b-8f13-361724c31ebf
,,,,a7873dd6-ddda-47dd-b8ce-8cba3667aae3
,,,,79a4b501-921f-4941-9979-fa92c7ffbc49
,,,,07a94b64-3de0-420e-8efc-79d2a8f7ed28
,,,,701f74d4-c2f2-427c-bdbe-0ae499852be3
,,,,45de450a-afc0-43a8-a068-4a0ba855ebb7
,,,,b638b61f-a44a-4722-b2e8-eb90f8655533
,,,,d0465863-add3-4a6b-8a98-0816487751e3
,,,,1fe87160-17d5-441a-a9d1-929725a9637e
,,,,b2680a4e-8344-4cbc-85c8-198c9c39bd83
,,,,d6ed66c8-1dcd-4ce0-b21c-603539203fa6
,,,,ef9f0216-db05-41c3-9cf5-c8f310171e76
,,,,386bc746-3cb1-44a5-9008-b84f68af9021
,,,,8e0dd64f-4992-4ed3-92f7-dfa126343190
,,,,0f3d4f34-689a-4193-93d1-6deda01a1de0
,,,,2bd47601-ba49-478c-8331-ef4385489392
,,,,221e1dbb-f626-48e6-9de2-faaca82fa893
,,,,89c108b5-5460-4166-a7e4-083d11ae6588
,,,,9df01a05-bb01-4bca-8169-c48d042eae1c
,,,,b961f2f9-d1d6-4303-8370-c15a7e834fd8
,,,,da61ae78-4816-4dac-8f76-02de50613c74
,,,,a0008958-e067-4564-a737-b4a6a34788ce
,,,,b57aa1b1-44c3-40f7-8c40-e5ed671690e7
,,,,be087ba5-07fc-49f5-897a-8e2780735599
,,,,6f23b0be-1917-40bc-907c-3f63046f4254
,,,,85611565-e146-4373-85a8-b5d7fd802f0b
,,,,f39b2b55-57b5-4992-b551-572682dbd5e0
,,,,5934f1e3-7fed-48f1-bab4-d4140ccf5784
,,,,e6e15ed7-435b-4615-8c73-80f4878f6c4a
,,,,1606a0a4-921a-4cd4-b4da-e2c656b385c3
,,,,850a5707-715d-4b87-affe-ae8849e13b05
,,,,6f80c20f-8e78-414e-babc-ea4913a35e6d
,,,,82fefe65-a22f-44eb-9442-6894cdc791cd
,,,,833d859e-5111-4ea2-ab41-8c9c6a61fd76
,,,,23167f5e-6ae7-49b3-9dc8-3c6c1721f73e
,,,,d0cd0bc0-3eba-4668-8a89-ce8e529a3c83
,,,,a768dc9a-c7f5-4d32-a512-86472c767568
,,,,af1701cd-08b7-4913-b4e9-c624c2f07918
,,,,45ca8452-e91a-4078-9d77-5f16c190bb11
,,,,d639c016-3e07-4ffc-8193-79177f429364
,,,,1a574e66-9591-44af-8186-ddeb4f708ca4
,,,,9bb31b5c-46c0-4782-9287-57fa8b67e60b
,,,,69c9f461-cfbd-49be-afab-a6dda16354d6
,,,,565ca9fe-0c5d-4c50-830d-32d16f3cc798
,,,,d69c56d4-901a-4cb7-9e14-f554aa639bd2
,,,,3be705a6-6b09-408c-982a-718dd5ca4176
,,,,4c9bc811-6904-4781-8046-7f76ed694ac5
,,,,1d4329d4-de34-4209-a90a-1565da54a20f
,,,,ee736d29-fc6a-4931-81a7-d9b8a16d523a
,,,,233c843f-9971-4b2d-bef5-21da209ee00e
,,,,19f5d362-d7b5-48bb-85c7-7c67d61845ab
,,,,92cfb498-8911-498a-b2e7-d592058add0b
,,,,6277f6d1-6cc4-49f2-992b-151a0e1c0dbd
,,,,1f70dd75-29b3-48b3-81f5-f5da1c8c686b
,,,,1fa59d29-12af-4ee6-b840-056bd8c10aaf
,,,,28e3ca4c-1c29-4ce6-8b0c-5ccf33d1a4a2
,,,,69cc296b-393e-4c97-95ac-457572846971
,,,,dbce9024-57a1-4515-833d-33e5f7c9a4e3
,,,,cd8d16e0-e68b-4168-89cc-dffd8d33261b
,,,,ef4ceab6-adbe-4ca0-a5c5-bd6db8f86bab
,,,,6adab9e8-25e9-48a2-8d3b-c5b2e4ae9bc4
,,,,4c5de64a-767e-4403-bacc-3d76b5cacee3
,,,,09124bb8-0c65-4811-9a6f-2b272571ac1b
,,,,84341286-69ef-4acc-861c-dbdb1eaaf8ec
,,,,d9f39be4-0671-4a22-9e95-42515a236def
,,,,4050064e-52b6-407e-9848-a84063feb864
,,,,283dded0-9416-4dfb-9d37-f012a9dd8c3f
,,,,642d5768-d97a-4da2-8a9b-7495e9e4b69e
,,,,22cd07e3-fe58-4d0d-9757-c914ff94d15d
,,,,9839e7d8-a03f-4efb-9778-61a558a558c0
,,,,d97a2ddd-4757-4122-9cd3-e77d81da0c86
,,,,485f2d86-1864-4b80-8167-d689f9892328
,,,,c252b4da-d752-4abe-b5e4-9a4908a50773
,,,,2709d32a-c79e-4940-9bd9-6203b838810e
,,,,99f03245-11d5-4837-b3f6-2b6498726d66
,,,,e5c534bc-82d1-46df-902c-7d50ef30f6f8
,,,,08f1e44e-7d22-4f26-b8f7-4e6cbc22e650
,,,,49b4539b-2dc9-492e-914c-d8c68c938dbf
,,,,2258c31c-099a-4d9b-9c5b-d2c9105c0417
,,,,6d6f3105-14be-4829-8c47-cfc67c8cd0d4
,,,,b83ca8a1-35e6-4686-976c-e1e3e043d2df
,,,,fd9c3c8f-71e7-4234-a0da-cf430b28bc0b
,,,,08f0b309-d8c1-47f5-a56e-b584cb2ab8be
,,,,187ff171-3b3a-4cbc-ab85-02b6a02e9e47
,,,,fbb534b7-aa68-45bf-9a5d-51273d2a200e
,,,,f9098014-93d3-4508-99a0-78a82dd19f99
,,,,c8feb472-0750-4449-97ff-5171627588cc
,,,,1a9a2900-99e6-4f90-8c9f-722460b0895d
,,,,cc4dfa91-5d1a-449e-adbe-1e9e9c6a7e22
,,,,af1e73a3-e4cd-4600-afd7-d458ae7ceace
,,,,40fcda9b-f355-4b77-887f-ed508293ff14
,,,,932078eb-03d0-4500-8e06-d7f793c9b6a7
,,,,4bdadf39-9057-4ff7-b4cb-583cca43f0ee
,,,,d6fcab4e-7ba2-4913-a6c6-2f9f25c2d7c3
,,,,ee67d1e4-c665-499a-b9cc-1d192932cb2d
,,,,6435bc1f-0121-4972-9a30-74af64f4a953
,,,,331df52a-eed6-4bfb-aa95-9009ca37c5cb
,,,,793dfd4b-f0b4-4d29-8002-509c1c1706c3
,,,,252cd153-afa3-4407-8b1e-7863cf9908c7
,,,,920d3a82-b285-41b4-a536-9a5864512f0a
,,,,d33f98a9-925e-4343-9947-6c0a770d7b59
,,,,6d6ff7b3-98e6-41a2-9328-1d15e35ae189
,,,,2674b171-b7e1-4fa7-bac2-fe59a5ab9916
,,,,471db04a-7bdb-4af9-aee4-50d9778f4840
,,,,0076f3f0-515b-4e74-b463-b4b2436c910f
,,,,c45bed8d-77ea-4461-80ea-27c7d0306020
,,,,d9ce128c-8642-44b5-a48d-57be90796254
,,,,9a6948a3-1c76-4180-a610-3dccc53d8b8d
,,,,3d727146-5ccf-452d-9411-5ba56ac21421
,,,,3e087fe3-29bc-4f0f-9dff-8b322268ca19
,,,,0afa6f90-430f-4c32-8b36-75579e228cc2
,,,,2c65f048-9801-4f08-a578-f553514b9ec6
,,,,705c428e-b96a-43be-b79b-56e8b0d5b7c6
,,,,0314e5cb-57a8-48fd-aac2-baf7e105516d
,,,,6be8f6da-fd71-45b9-86cd-8ece5074d171
,,,,009f784d-3f23-44a6-b841-98142a073aca
,,,,e09b32a5-21b4-41a8-b931-406bbd021773
,,,,69be59bb-6fd7-4ddb-8e9a-0d47b698ca28
,,,,838b58bb-e0a1-4ca2-ab72-6c8292cb0645
,,,,2759b241-5bd2-449a-82e4-5391dc514bd4
,,,,78a552dc-269e-468e-bdf3-fd28ca18422a
,,,,01bef270-5d74-4598-a491-78ad1c342583
,,,,232073d5-9708-497c-b79e-aec01a174b66
,,,,0b984b3a-ad99-4531-8de6-ad650942ee7f
,,,,f907addd-9938-442d-8b83-413b32d0eca2
,,,,8c594874-707d-4b37-9796-51e455103c8c
,,,,86a36614-f366-4c20-a387-3e3b11b073fc
,,,,ef5e6742-4669-4c4f-93a3-5cd392870b37
,,,,a54cbf78-c969-4a91-a042-0c5b89003a3b
,,,,446f5534-bb49-4998-83c0-c4bfefdba415
,,,,ae1c1969-6e6e-47c2-84ec-4e8e4986a8fb
,,,,c66aba6c-7826-4fe4-9a45-fd628f87eb44
,,,,4f29008d-9334-49ff-bc83-e057a46d1b4b
,,,,0dd21061-c371-4a0a-9c87-4859974bd926
,,,,998d9dd9-f183-4cf5-91ce-5a2b3633035d
,,,,d3af5c71-c73e-49b9-afb2-15964cc5e7c1
,,,,38984ed7-630b-4c2f-8481-7177e0fba494
,,,,b3761962-898f-4ae5-966d-a1a2733b924c
,,,,201c4981-6e46-4c4b-b7ba-4d72862ca5f0
,,,,1e016de4-031e-424e-8167-baa3f54705d4
,,,,1de12a3c-a7a3-46c3-bf1d-0caa3631d9e7
,,,,d3ea723b-53e7-4ea4-820f-63e2555d5317
,,,,1dceb684-fd23-4422-af33-140eed649b71
,,,,81f3a21c-7820-4506-b975-1825abd0eaa8
,,,,8ccfab76-0de7-457a-a53f-5edeacbd3a79
,,,,12c14f55-635e-40be-8a56-337d98fb63f5
,,,,dbdfe8d7-3539-4ab0-97d8-126858d8b1c7
,,,,9b7ac036-0675-42bc-beef-8cacef263734
,,,,579e0a76-ba54-45cf-bdd6-0da70dd8bfba
,,,,b92618ec-1f83-4545-abc8-1be85f881607
,,,,05c0457f-b22e-4b6e-9bf1-7daae173d377
,,,,23fe352e-56e5-4d21-b20b-5b8b86657ae2
,,,,eba03b73-8ae8-4227-b2aa-0c4bfc13d340
,,,,b1a9a7d6-6f72-4801-ab07-f8b8e90bcd22
,,,,7fdb25a2-8a3b-45e3-80e3-35d34a462c6b
,,,,6a384fdc-c399-4aa7-ae5b-bc85cd2adc96
,,,,762dbb5f-9432-43c4-a39c-02733c37f35f
,,,,1a0f080a-9e0d-45d1-adc7-8b292844258b
,,,,083014a2-8b04-4b46-8042-c62325a73eba
,,,,d5a87b7e-4e99-41b3-abf9-6da53ef3b686
,,,,642189ce-7d02-427d-ae99-b7432a189ce3
,,,,82d2f283-1187-4fba-856d-ccee3e79b40d
,,,,b3589b73-9dab-4993-b052-02a8a16b7ba5
,,,,a56de067-81e6-4724-ac67-399e254df301
,,,,d71ce5ce-7cb0-4575-8002-bda5d4e981c5
,,,,b82d9618-2160-48e2-8380-8dab93f6c0c0
,,,,152bf4b7-c274-4bbd-ad98-1cbe1835f8ed
,,,,0432c9e9-f467-4886-97c9-50ed592fb2a8
,,,,6a5fa9dc-5b7d-4938-b476-9f3b1a5a7b63
,,,,df2d1aa5-1c05-4b79-95d8-8351d4f6b98d
,,,,5a9e1290-db25-41df-b098-ca43a86820c2
,,,,3e8d8d9a-7e54-4f51-bc1a-89e389e99210
,,,,6be4f950-87ea-423f-a221-679c04b1fb67
,,,,b7fa6f60-abd3-4946-92a0-91636ac3eef2
,,,,f69621aa-bef5-4209-9b8c-ca1017b3b8ee
,,,,7ae813c3-76e0-4e6c-8fc7-e360a2eec078
,,,,4ad67ba0-af97-4f07-90d6-fca11717ca0a
,,,,35a9804e-ae56-40d1-af78-f2593c40691c
,,,,7c514bba-1d07-415a-a603-b688fd888075
,,,,9f2a9f05-52f9-4123-a41e-5357f8d54515
,,,,51df545f-a335-4163-9925-4b360433ca41
,,,,a16f88b2-4176-4a40-a3f0-827b6bc50b1f
,,,,258d31b4-93d1-42ca-aef8-30d1d592f45c
,,,,7149fe5f-3fa3-482e-a6b6-9fcda28f9334
,,,,72d811d6-3557-454f-8502-770b3d4c05c8
,,,,40e833b6-a7e3-4593-9408-f9811ffc7a6f
,,,,5ec89b8b-7b25-446d-abb2-390b29702951
,,,,3e25795d-29fe-4efa-a29d-825bf2e67d51
,,,,7cbda6eb-d519-4843-b122-3ee2bc7f52a7
,,,,f6113b38-ef8c-4b6b-ac05-fc1077519e57
,,,,aa66c9ef-32f2-482d-a4cb-f6bac703dedc
,,,,aa90e57a-9ea1-480c-91d8-81e9a5ec935a
,,,,f9d76e1e-c6cd-451c-bc64-e7b37fbcf4a8
,,,,ea5fc4a5-e44d-480a-869b-f9b027579275
,,,,f6bca6de-e3a6-428d-b0dd-ad84c865ee5c
,,,,eb622b35-b298-4e32-9ee0-0881c9fcaf71
,,,,78ddcdff-0b91-4d6c-b0eb-bb5df798c4d8
,,,,6742affc-d897-4f49-8812-98048f629820
,,,,15823e1f-d271-49e7-b6c3-a1cdfea8cbf0
,,,,066bb7c3-42ab-439d-bb71-9fc5203f464e
,,,,2624279f-826a-4a95-a973-615c4ce602cc
,,,,26b3a340-0311-4921-bd5e-2ce3bafe13d8
,,,,9c0e46b2-3341-4960-a943-9628fc6a2d57
,,,,e6a4a29f-3b1e-4d89-a222-4034ff411987
,,,,26836cc0-158c-4854-9ec6-1506584259f5
,,,,3ac1f21d-4349-4efd-abab-0d71330ccd11
,,,,df572f9a-3dae-472e-aa70-6bbfef5bf565
,,,,eb71658f-f279-4f10-ab24-7b70b033202c
,,,,cebea3e6-21c4-43b6-8a7d-bb8b0288528c
,,,,54d17777-2a58-4b16-b053-42087ce768b5
,,,,6639769e-3181-40b5-8a43-436f75826976
,,,,d5f15798-f2e1-46a6-a6a0-8d32f98de5fd
,,,,466d7bfe-e8fb-4689-a2c1-5a4f1c7b54df
,,,,d77d8970-7e57-4048-9f7e-41c9253d1fcc
,,,,3f3aad45-5f7d-4612-a17c-3194fc5c093d
,,,,db31ac6f-0a06-44a3-aa98-b5eba64bcf48
,,,,7d813c1e-8b6b-49a3-a079-9d067a87a43b
,,,,3c248bab-8f03-4637-8fe6-eb6f80d05e6f
,,,,fc36c708-9b32-4c9b-b46f-9765ad6a1367
,,,,4c794cc3-fe68-4fec-97c6-014f62de4773
,,,,35551f68-137f-429d-ac79-771faa949dde
,,,,e1c2f5ed-5343-4d83-8028-95f427595849
,,,,8bda6007-48f8-4a3b-a6c8-fb404a9420d7
,,,,4e4048dd-de7c-4c26-97b8-84255e480b85
,,,,7cc4bfc2-c601-4243-97a7-05f767c0c3eb
,,,,daa13274-de55-47d0-96f7-5dbe3b305ed7
,,,,e860e0b3-3847-4afe-9747-d0d6dab66102
,,,,71aa283c-fd33-4194-be94-4a8073597e3c
,,,,bacd6a21-d385-4048-8a17-f2cab303d2b8
,,,,af5e7053-b044-4a89-beee-cf0a01d9d391
,,,,6e8e0f76-85e4-49e6-9385-80d1662aa189
,,,,db200599-dfc0-4fe4-9436-d0f16357268b
,,,,ee17000b-426e-44fe-92a9-0fe2f459b5b7
,,,,e80d26a1-8ffd-4d08-a757-a0cec4cfc785
,,,,f3990d8e-43c6-4435-9794-b4c586ec8ad2
,,,,6732fc03-ac1e-4ba9-bce9-8ef1f911b1ed
,,,,2d5cb4de-b6b3-4ea5-af29-d9ca687fb9a6
,,,,387369ef-3843-4208-81ac-748d66563e27
,,,,393a70c2-3bd5-467d-9737-52e7966303c2
,,,,50ea0eea-4392-4d27-8fab-112a20311a69
,,,,f1b355cb-24b7-49ac-a222-f2bc620746a4
,,,,29ef3159-8cec-4c30-a618-80d6612d5338
,,,,873a3d06-afa3-45fd-a64e-33648e6450e7
,,,,c2c75123-5251-4ed7-b8fe-a0c308fff824
,,,,9a0ede57-ae8d-447b-9033-5aad4f36f538
,,,,4a9a5e7f-4723-44f7-92cc-9a21f2a2ee23
,,,,0486edcc-e082-452e-a061-61056e930423
,,,,6202979c-fc37-4bd1-9b1d-2c5027e752bf
,,,,f827bf40-c06b-414d-a13d-c90b1e179330
,,,,29c00678-0d1e-4079-b377-2704d6277161
,,,,8a379923-da74-47d6-8e97-f008eccdf9c3
,,,,a0bca830-4be2-4ad9-882d-1afd6633bc7a
,,,,4c0d595d-5866-4bb2-b955-7bd9a7fb86c8
,,,,d612b42b-9e80-4031-bcf3-2a9cf17278f3
,,,,9d7e3e4d-f102-42bc-b444-1d82265ac716
,,,,1289c078-2495-414f-ba83-a45ed1f6c2ca
,,,,84f85fe3-cda2-4271-8515-2c1c7390dd69
,,,,70881154-3141-47e1-91dc-ce3c14cede89
,,,,fae2e1f8-7568-4e02-84d1-84dce72df433
,,,,1d1e6d32-49f0-494c-a34d-9aad82916707
,,,,f05a5677-42a9-42d1-bafc-c56950dc2e49
,,,,bc58b20d-74ae-4772-a3c5-19c7e4edf3ad
,,,,3c3f0ecf-a77d-4071-9365-490dd48f723b
,,,,d8ae0d33-6e33-46dc-93cd-e553d2db369c
,,,,b347a844-8bd8-452f-ad61-dfba3c167bad
,,,,02c3a975-4f81-417b-9830-d141620cd8c7
,,,,9c183cc0-5d48-42fa-a7ed-03d2914125b7
,,,,d2556a1e-da9f-496f-b35f-4ac2bb72be34
,,,,77c6b4af-1e2c-4d4a-a442-ed487afcd80e
,,,,3126da9b-248b-4e76-8c7b-a826ebc6c112
,,,,b431c04f-26f2-4b20-b992-f0c54de378a0
,,,,431aa695-e1b1-456d-945b-7b3189792d55
,,,,27abf08f-626f-4f99-aa42-18cc711c49a4
,,,,f81da4e9-59c3-4244-946f-4e90a48d8ff6
,,,,22d3e497-3fd7-423c-bc16-8d00e1345755
,,,,194417f4-4ff0-4621-b67f-3fadd08ff567
,,,,c1d92f09-12a4-4fc9-bebd-797af62221c2
,,,,1d5d9481-4a45-4114-a712-a3d22b1c3c18
,,,,effe5fb8-6e5f-481d-85f1-6d3e7e300790
,,,,1175d438-7e46-45e3-8e32-8f99d0598572
,,,,34ca91ba-b897-4260-90a1-9bf5cedd3b36
,,,,ed3c8536-5446-4b2b-b284-114e34f3f2dd
,,,,a4938f24-7e12-42aa-97b3-28f25fbe0d2c
,,,,7ed6cd5c-e787-40ee-9081-436791baa79e
,,,,b59de739-a827-4459-8d04-d71decb68439
,,,,c6639392-e3de-498c-88b5-11c3439025bf
,,,,bf10686a-2bdf-4f5f-8945-02a5f8feae45
,,,,c8e7077b-0389-461e-a08c-96d8b8c22760
,,,,bd24351f-615b-44be-b2ed-47d75e935889
,,,,ae369fe8-0bb4-4be0-96c2-8a1cb7fd50dd
,,,,58421001-e052-4e8a-b3dd-cc8af8897df1
,,,,e5893b38-84d9-4e94-bcf7-d9712f065be6
,,,,29f805e3-993e-463a-bcc8-cd83bb268e1f
,,,,99e315ed-68b2-4e45-8020-72ce930fd413
,,,,dd049772-d013-46ae-b2b0-a4a0f81ef02f
,,,,4f8bbcf0-628c-4e48-adf5-1d9255536987
,,,,270cab45-f43e-4e31-97db-473bdb699da0
,,,,96e82eef-b1b0-4a02-911d-70fcd1a050f4
,,,,e355d912-0f4f-4a14-b7b1-48c578ae2dd7
,,,,c39ea0ca-658c-4aca-abe2-99a543a0b983
,,,,3313ff90-e208-454d-b75b-80c96e8d3571
,,,,524cfca8-0f22-486b-bd70-911e8a614f47
,,,,9347745a-4b73-4ac1-bf9f-5d2561bb2730
,,,,a6a4f137-263c-4a65-ab20-cafb8a0b0911
,,,,f793b79b-a03c-4432-aef8-c150a4af501f
,,,,07c6e3e2-b882-4b00-b1b8-cdf0e9cd6c73
,,,,8849b07e-60a5-469e-83ca-f31c8f35c595
,,,,6e5ba096-4c67-4af5-988d-0deb91ba5a73
,,,,2cbde111-81e3-433c-8102-5b1e8212c2b4
,,,,d10f3766-1be8-488d-9259-8c4372459617
,,,,9f90e286-f041-48d2-8b8d-b7cea2851a0a
,,,,dca7c583-efe4-413f-ac44-65e980d8c24b
,,,,cbc71f26-4609-4ecd-b1d2-8eaae937b6f5
,,,,8b9bd8fd-516f-4407-b9a7-5f8be29d906e
,,,,993f63b8-1e74-4e40-9796-1ae317ca3ac9
,,,,d29ee9eb-12e5-4405-bd50-40700cdda283
,,,,3409b16c-0e6f-43f6-b2b8-f6a59b754c7c
,,,,3b7d91c6-f843-495b-9b19-b3069ac3bf43
,,,,85c906f5-d61d-4d9e-bff8-e7c4b405144a
,,,,68dc1339-d816-46e2-b51b-d95ba5ac69d3
,,,,1b241918-3746-4119-a3fa-8f970d54dc2a
,,,,75d5df7e-6331-4acb-9485-b88fcd37e509
,,,,f449036b-1d9e-4e47-bc82-cf1948873ad2
,,,,838c163a-bfca-41a4-9172-46d54a154043
,,,,016278c8-7bf1-48eb-9b2e-848a182428fc
,,,,9e0644d1-9468-426a-87c4-0862f9df7e81
,,,,4181b6d1-a00f-45ea-a669-4460e9add8b8
,,,,8144955f-6f93-4413-9363-8fe3c1f8c897
,,,,2c068842-6a4a-4701-b231-78a133613342
,,,,95a70702-42fb-40fa-a776-6f9796cee9e3
,,,,3b909d20-e6b3-4f40-be58-01d505cf35c8
,,,,103601f9-b923-47b5-88e4-8c7321d33e40
,,,,ccb59e9f-a025-43ce-88ec-ebc7882cbffa
,,,,41e142f9-91fc-4cf3-a166-13c7f1e0385b
,,,,046b4553-a24d-466d-96d9-cb2a9e051520
,,,,ea59c919-835f-4d56-956c-4f38947eb7a6
,,,,8fe65275-0ead-468d-ba7b-f59a32ad92dc
,,,,d8d36cb6-0e9a-4689-b45d-7cebd1affccd
,,,,41a2da3c-0c37-4af6-aa6d-31d501a68e4b
,,,,27fc3ef8-9f53-47a2-ba04-7a567ca1964a
,,,,6ef133a7-2843-4f37-b148-42c79abdd43b
,,,,982bf32a-0271-44e4-8532-d80c97f12754
,,,,951f2c0a-3b9d-4e4b-b793-4114d489569c
,,,,9502910c-f889-485f-ba5d-ec12ca68e291
,,,,d2e08b5d-ab24-490b-a6d4-b928fd2fcdc4
,,,,5e9974a4-fbd3-4e57-bdae-f2caa7663bf4
,,,,837c6764-e262-4787-9cb0-9c60d9dea802
,,,,4859ed16-2ba1-45a9-ab7f-dba381f9544a
,,,,83db2319-75da-477e-ac3a-1d6477427ffa
,,,,a5a1e1af-3c0a-4239-816f-3277b582e640
,,,,bcf679b8-03e8-4d01-b68a-8146ed368220
,,,,cda81b3c-8ed5-4052-a8a8-dc1b99e1d8e0
,,,,f1c9963e-7658-4514-b144-9417f6fd03bd
,,,,a9773865-948c-4a85-b6ab-5d38a120e5a9
,,,,e461d2eb-0f2c-4d07-9f55-5ce11dcbd6fe
,,,,c1569c4f-104d-46bc-8764-4acdba77bf3c
,,,,9d06cd23-27ae-4d4a-9a62-dbf065f295a9
,,,,66bf497f-6ae0-4d4e-9727-91fd2faed394
,,,,9f7bd320-d3db-4d99-80fd-960fac477c87
,,,,213c867a-85e2-4037-9839-bf0a91d64779
,,,,9326bbb9-4160-45b5-a473-e3f9212b9b75
,,,,72bd299b-1e76-4fc0-84de-cfd06096ff4b
,,,,52fa7bb7-b236-43b3-b75a-694b971f01b9
,,,,eadbd8a7-a0ac-4024-ab40-e0cf42d94424
,,,,7441d1e9-8ce0-4efa-b61e-fe4d53d5fde4
,,,,66050d41-fa7d-4f49-ad90-aee532b7aba5
,,,,1e6493ca-f1af-4caa-80c8-002b2580f577
,,,,0dea8603-3cd9-4a58-be98-26b70c2b3e41
,,,,dcbc482e-752c-43aa-be21-33f21f01bcf1
,,,,2eb9a495-b9d4-46b2-bd41-11e6061a6403
,,,,7e592d78-abfb-402c-8388-189d569b6254
,,,,19cd93c4-426a-4b19-add0-2366697c7b3f
,,,,c73396cd-34b0-4d0d-a40a-3a50f57b3598
,,,,301d48f9-08d6-4fe5-ac17-a84ed9b66224
,,,,733ff2ab-f4ed-40dd-84d6-9de22e53b6c3
,,,,799c686b-ff08-43fc-9cb3-5a50bb3118fd
,,,,8816af2a-1a2f-4f65-a07a-8a3fdf713978
,,,,d159f729-02a2-45b2-b521-dc31045c712e
,,,,14aba729-8e8b-4adf-8419-71f3bb7f8a21
,,,,5aec08cf-9692-4629-84eb-3e49b3c07789
,,,,c5ea0f9b-edd0-4385-a870-a21a25027427
,,,,599f34a4-f5ff-4d8c-8388-396abb74630f
,,,,13330667-4f01-4c03-a481-d2abf7f58a8e
,,,,392e1324-e359-4d4e-93e5-3b115ac8fcca
,,,,9f687ffe-8222-4f89-8fec-a4c7f2e74956
,,,,f483993f-3219-40b7-909f-69b6bf4d58f1
,,,,ed5889e0-f49b-4a03-a279-f79d3b3c9488
,,,,e3557809-0659-4536-8d6c-9b9bbc3fb161
,,,,f1be8971-bbbf-4ae8-a566-0f75e7acafa0
,,,,e2c98977-7fa7-4ef6-8630-54f1e680d641
,,,,6522be03-aa79-4fcd-92d0-428fd66e5318
,,,,3e912dec-ee8f-44a7-a6bf-a140e24a85dd
,,,,cc20125f-9d4c-47d3-ae80-fd1ccb0d0389
,,,,ec91c32b-1618-48d8-8272-20249be15c73
,,,,09b85936-074a-4d55-972f-3bab32889b08
,,,,8bf2d7a7-fe35-4cd5-a5a1-14e511ef5e76
,,,,5e833fc5-8b1d-47d2-83c8-2d6fac244ef3
,,,,61ff9512-0f24-4a08-8af3-acf1a82fab0e
,,,,cda1dbb1-59c0-4bcd-b264-cfe1a7ba542b
,,,,a8a91712-9b8f-4488-8853-ccb1693fc082
,,,,64769683-898b-4784-89c5-f44fda0266e6
,,,,9014725d-e8c7-4a76-9852-c9c2c46fca0b
,,,,d50bc8ce-31f4-48d3-8522-475645bf0a6f
,,,,2a60577d-6f62-4d96-808f-9d677fa77342
,,,,da13d505-95e3-4f28-8881-947cb24275a5
,,,,38613564-1c01-4b74-838a-ef592b475075
,,,,81575a6e-b624-4639-b64f-e32bd9869059
,,,,95c0aef4-a26c-40f1-8fe9-ee8f88ba9290
,,,,5610ef8e-2a7e-45cb-94d1-f9e9b7606a26
,,,,cc12973d-dc90-4c6e-ae88-c34f2bfebd0d
,,,,ddf6f87f-fff5-439d-b46e-4db9b05dbaf3
,,,,36f361fd-81ec-45fd-bce8-220acb5d89de
,,,,05fddb71-efae-4452-b87a-170203750e37
,,,,ccb26100-5b78-4f53-8caf-b23dd1c5823c
,,,,3dd88072-0fe5-45e6-b29d-c0c95991a842
,,,,68a8b953-0ba6-4ff7-862d-017f8e0a79e0
,,,,d9b1a847-8590-480a-958b-8c93c3e83997
,,,,10ec653a-92f0-41cc-a9b0-229e83420b93
,,,,03aa98b7-5cc6-492b-8f9c-ff28bd646a0e
,,,,1a4d5f7e-e15b-49a9-a831-62818d23d5cc
,,,,033202ea-c3b6-41f9-9ccf-d944717f9d83
,,,,2ad7211f-888d-4430-b6eb-8a5735ad3c9e
,,,,1fd8b25b-1ae7-4786-aef0-c2c5022298e2
,,,,d09c9853-b664-4e05-88bb-47b11d77adb6
,,,,e8a82d0e-ea18-476b-9d84-dccc4cab28fe
,,,,7d199d0c-420e-4fdf-8589-cc13b80a3716
,,,,f8dd3482-55c4-4aff-a4d5-797b2a6dd1b7
,,,,595fd6af-ed5a-48d1-8267-839905959be8
,,,,b070abd5-bb3e-461b-8391-929799f60da7
,,,,b49855d0-9619-40b8-81ed-2c5505140bd9
,,,,96dca91a-d6c9-4772-bc42-16ec37224bcd
,,,,16879737-af43-4b0b-b4b4-bbaa191ff17c
,,,,7d245ed8-aad6-4ef9-b80c-4072221a3934
,,,,e308a3bc-3d9b-41b7-9ca9-9f6ed3015e77
,,,,0efa23ff-be24-4e29-9b30-8b3c95a2ba7b
,,,,d6d379d0-199b-4223-a236-f68b6ff67aa0
,,,,1d3a2f64-5fdc-4916-b0fe-6a4461b9c4a1
,,,,75635da5-057b-456e-a54e-d11f8cf4a964
,,,,86e0c7bb-ce62-4057-af53-d18c1336a641
,,,,972d8dda-fc4b-48dc-93f9-ccf682e5013a
,,,,0b106728-df9f-43ff-be36-4c3880d75304
,,,,b014b053-7495-4c3b-95a9-225a23673d74
,,,,c16acc0c-921c-415f-ab3a-c00c76ffc030
,,,,03e394f3-e9c3-4078-b059-26f4e5c7465d
,,,,80f4a67f-be70-45ab-a6f5-22f61780c861
,,,,569e5bf3-6029-409d-9c99-2874c2dbd691
,,,,36d9244b-7e99-4acc-8766-5df4eb99dfee
,,,,8f79480b-2626-43e3-9702-5f2fef38c5f2
,,,,2256b951-3730-483c-a1d8-d62b566c425d
,,,,895d4c53-fe57-405e-8392-cb2c8bf7fce4
,,,,2953ff85-c040-42cd-bb24-c7ecf917710f
,,,,c03b12cc-d095-4716-8010-5a59a4908a8d
,,,,5cebedc9-64c6-4c6f-9194-6cae1a41d504
,,,,b98484f6-4526-4e1b-be6f-80b73b3eb79b
,,,,7fdeb1a2-16cc-4e21-90cd-3dff72e059ad
,,,,5a329071-40e3-4741-a3fe-37e49a59eaff
,,,,bffe455b-35ae-40ae-a2c4-73ee36765bec
,,,,d6463fce-3d62-45cb-8a16-9704b012e1a6
,,,,2c3daced-2cd2-4c20-a64e-01302be42024
,,,,61b4d33e-1cf4-421f-8c7a-3588828bff6a
,,,,803dd6df-55a1-4af1-900d-dc24bf7096b1
,,,,e1fccc73-13cd-4ad6-bd95-94b9c4ec686d
,,,,c389fb97-3495-4391-bbce-969b266146b7
,,,,97ab0728-040a-4f14-89fd-3b9363688e7d
,,,,cc4a9a8d-72aa-47df-8209-1658142005e3
,,,,c0c3b5b5-bd66-4652-a6da-aad7a0b2eb69
,,,,3780ef52-6b71-4cf3-90e5-ca25faafd41f
,,,,149c10b1-9069-4895-ba19-97676d2b0f6c
,,,,6d18d6f0-cc0f-433f-a5b8-eba8aea48c9a
,,,,7afaec35-bf21-4520-b6da-28de9b669cfa
,,,,de89401c-dde9-4dbf-a3c9-75ffeaef8926
,,,,3797d055-3b5d-4f90-8875-f655a563b50e
,,,,2251b9dc-deec-4f83-b5ca-d8cd78b7fc47
,,,,f419d097-05fa-4be9-ae1d-bed2e5b372a8
,,,,bfae8399-1750-44ce-83d5-e1cf447c3785
,,,,a24d765e-9cfb-47d0-aa4d-6bbb31f23e46
,,,,2dea0309-8d91-4cfb-80c7-f1f64d014111
,,,,826e51c4-e434-4b9c-a0a7-e05e8edb45d6
,,,,a320d254-251c-4737-844a-9a75bf1fceec
,,,,58398d69-3cad-4206-a2b8-ab0a659f1b47
,,,,7d9ef789-4390-4776-b8ad-1adb7d165f47
,,,,b906c4b7-c4b2-4917-a125-99450733cb3f
,,,,f875b294-2f12-4574-9ffc-153333619431
,,,,cabc7a95-d1d0-4d3f-b122-7078f2a2c092
,,,,6083288b-9b0c-4145-b587-977ee1ff6b1f
,,,,e2a3b815-222a-4117-884c-fe6346083dde
,,,,7d08d5b8-3d18-4eda-b495-ecffe50f86ee
,,,,348cdf24-d461-4588-b554-6ffd591546d2
,,,,68eb84e3-9621-433e-956a-54a45f7fdd30
,,,,6fafcff5-0500-4053-913e-d2629f2bce48
,,,,5196391c-64fa-43ca-be78-49b523a4cd1a
,,,,106719aa-cfe3-43e0-abb7-2a8aa65144e4
,,,,578db611-421e-42d2-998b-362af953d97b
,,,,893d6778-4d21-4990-86a1-621e8d3c6a95
,,,,40cc9a02-f95f-49bc-92f1-b0428dfb7b56
,,,,3f02fe01-5040-4151-b2a7-7b4f46cd6628
,,,,c5dd6aaf-5288-4549-95df-614694ba8628
,,,,4dbc3fc9-d370-408d-9608-77f7e2d083c4
,,,,49b24f9e-b3f6-46ae-b768-26e7232e08be
,,,,f31d141e-99b1-4e62-be9e-f630d418de45
,,,,4ab83863-81da-462a-a18b-7db2c5ed5c4e
,,,,040c4a53-feb8-476e-bd9f-4e3d99196cd6
,,,,cf91b5a0-d09d-4846-8e9e-b702a128733c
,,,,70faa8c7-db16-41f9-bd5f-d490ef67859f
,,,,08d2ba2e-e332-491c-a409-bbe71a3f352e
,,,,acd6cb24-d2db-47bb-a9c3-c6074615e687
,,,,5df9f38e-0421-4c81-ad9b-9ef682ba7c26
,,,,22007188-fd41-4a63-8a3c-8ad45d275a38
,,,,72a6bbab-7c6a-4e19-aea3-3d4e92f6c576
,,,,ce0d81c9-af4f-40f8-98a0-26d1f7e9135a
,,,,df2a1149-d8fb-48f2-a73a-0790df3b85df
,,,,4556ffb7-1423-425b-adbc-daeac7c23dac
,,,,4a348879-ff3b-45f3-98ad-0e4d84d55d86
,,,,555563eb-ed9b-46f1-882b-e991c458edc7
,,,,95a39dbf-595d-43f6-91f3-30885ee83cac
,,,,71bb8f1c-4170-48e0-b512-47a51845b206
,,,,2ff29c2b-4186-4a3a-8399-e460451ce1e8
,,,,70b2cae3-19d5-4db3-895d-da98b98694f4
,,,,c8ad57ab-ae41-4b3d-829d-ed54b3a4e77b
,,,,81459934-a2c9-472a-a821-6c4a47685e4d
,,,,a56b6437-fb27-453c-ad3e-8fded42abe6c
,,,,085ad706-8ba1-423b-8e2e-b587e06ab283
,,,,f6c44187-88b8-465c-98f2-d1712711b3d7
,,,,6f9a0182-56a4-4b90-9457-85baa466d173
,,,,853386c8-5498-4a33-8e6a-fab067cf7387
,,,,07b31817-df25-4c6e-bb60-6afee734ed58
,,,,ce1e7772-5c4b-41d6-ac16-a1eb3738db9e
,,,,e4d50dcf-842d-4146-9a43-71efd4aa71ec
,,,,1ddfec12-639a-41e5-b792-437bd3fd5536
,,,,36fa4e61-73a2-4b3a-8c1f-adc1646430e0
,,,,7245bbab-f2b7-4721-b638-86cd2ef70b38
,,,,2b3a8714-b624-407c-a651-a6f590dc0904
,,,,da1039b4-565e-440c-a0e5-4f0563ce9469
,,,,b69af03e-3f68-41eb-85b2-645c09c9dcb0
,,,,7b261f09-15ab-4332-997f-d47e42dc1694
,,,,5e49e573-b62d-406f-a6a1-3341367a150e
,,,,4d36cb63-6177-4c21-bfff-a8f33ab48e9e
,,,,2f23e157-4569-49c3-82a2-e89bd81146f0
,,,,c232af08-6c8d-45fb-abcf-a504db32a305
,,,,dec022d1-1acd-4b2d-8f4b-68e80f6c6b04
,,,,f7142911-e3a4-4124-852c-45bc54f0c75c
,,,,ca77750b-34ab-46de-8f5a-cccc9d6ea2c0
,,,,cbae505e-7795-445e-bcc1-71d2ab054fb4
,,,,a4264348-5cde-484c-accf-a17ffca13434
,,,,fbf7d146-211b-47b8-a675-91392258356c
,,,,d4cbe0f6-a17c-4454-b16f-8d83a644436b
,,,,683c1840-06ed-409b-a6f3-f6fb8de8b385
,,,,88d30183-dfac-423b-b4e7-2da830122ddc
,,,,52c16ae9-86da-4994-88c9-138395d098f8
,,,,8c5e2b9b-140c-4bf7-8a4c-b9df22e1fc7e
,,,,561904e0-32aa-45a9-8c47-ba0b401fcbd6
,,,,9abb8640-0b89-4e59-af74-658dc4f4169a
,,,,2dcfd7a6-f6b5-455d-9b17-69537cfe7fa0
,,,,2fa89eae-bb5e-4396-9c80-cdc91d8abc15
,,,,81afd2e1-df7b-4527-81c2-b8d4c22aa1ec
,,,,a7ea4cd7-cf47-4c54-b011-40cb4c1426da
,,,,e40674ed-9c75-409b-8902-516a8822e383
,,,,c5aaa4f1-d35c-42c7-a82e-4f2f7c1f73e5
,,,,87642e80-5e6f-4054-b82d-6623e43b3445
,,,,f4e3b15c-1c38-49d1-997d-dae86a3f6e62
,,,,c920bbbb-e225-4a96-a503-019b4d10f47d
,,,,5308eec6-e912-4c8f-9202-00ee14dc35be
,,,,00718281-098f-42f0-a1fc-5a9375805f96
,,,,d473e39e-b219-4d59-9cc0-0d2178d59943
,,,,1f97a476-56c8-4498-a3bb-5e7c5df13ff7
,,,,86b71c7d-b68e-45f5-8655-4ac16aaed011
,,,,f558c11e-2eaf-4c36-a955-56e2af66ac9b
,,,,a89dc7a2-1790-4817-aa7e-437761407296
,,,,9eb65842-70f8-4656-8083-4474aa9c5cf8
,,,,3a614b3f-9995-4f6a-b2bb-3c852849e124
,,,,43db1e0b-1b52-49f8-b8aa-6a82e2f23615
,,,,7e70caaf-a99e-470e-8b9a-2b5f010394c9
,,,,ad8751f4-bf5a-4759-a149-231268a77304
,,,,ffe6f5d0-9fa9-4115-b7f5-b3b683e22eef
,,,,f39441c4-90ef-45e6-9a7b-b904190e6ed5
,,,,ec8180ae-af6c-4046-a4a9-3e7390c56195
,,,,14bfda37-09bd-4707-a93c-6045f31bd99d
,,,,8f7ce51f-5570-4dfc-ae3c-aaa48eda1d3f
,,,,cbb5f5a2-ab71-4a3f-a411-3ab90215aa84
,,,,8c33c11d-76e2-4f4d-997e-e678dbfe6258
,,,,514eb98d-d609-4f80-8d30-12bcd2e19966
,,,,3d4cb880-65eb-4ba6-9c1b-af574c689c79
,,,,c8c1a0bd-b3b1-4719-be7d-9f6dd54cb71f
,,,,fd0f7ab1-be44-4c7e-8770-0d021022bab8
,,,,fdd46b18-a0cd-4da8-b5cf-3ed69adf0b22
,,,,b1dac88b-ac29-4609-b1fc-e50aedb3b13b
,,,,20e8d005-18e7-4c32-ad7b-5335140c276a
,,,,454cddd7-6ce6-44f0-a127-4f85c4dd2384
,,,,4644b9e5-8a88-48e9-a762-fba9daeb24ab
,,,,ef7c96ab-32bc-49e8-9cd5-2bf843375696
,,,,43594af3-5ce2-4880-8e14-ac759234bfb6
,,,,95bc5dd1-7d68-49d0-b794-259ab5be7816
,,,,1be29bb7-3b09-46cb-9133-1f62dc5a5d96
,,,,317a4b03-9054-4cf6-b76c-9b7e3d546d50
,,,,fbb93fd8-51c9-409b-b709-ff7b5c49bfde
,,,,ca4868c8-f136-4541-ae4f-df5504afbe3c
,,,,99b2da0f-d6c6-4c10-8ab5-fc7c7e732a5d
,,,,280c395c-16c9-4d9a-abcf-6a63641d4278
,,,,ab2219ea-6536-4a7a-a911-b5c49a1d505c
,,,,f6641d5d-c01a-468b-9bb4-d0670e1aac12
,,,,8478f778-1382-47df-877c-2b68ae8d4195
,,,,3a09b57d-2cce-46a5-93a4-cef3e10f88de
,,,,df2698ba-77cb-4f29-98ec-94443931695e
,,,,1d87bdb9-099e-40f2-8270-0deba77a77d7
,,,,e8350e25-5e7e-4784-9430-b4ecc871e9b0
,,,,c8766888-bad4-478a-ba8c-d106ca51c29b
,,,,660007de-8a2a-46dd-b447-579ccf6c98b8
,,,,f4b247a5-ae75-42f6-9463-b9b35129e708
,,,,0ee6f1dd-35e4-4b27-8e8c-694331d4da52
,,,,c013c3f7-f041-4d67-aad1-b4bc3d534ab2
,,,,0432523e-6830-4b9d-bf65-985732b35c4c
,,,,961e5442-5834-4f4d-b397-4ee96fca7d86
,,,,7a5d5499-72cc-4c90-9701-dc2ee6ba4038
,,,,ec7416f9-7446-4480-97df-15dcf50cf5d9
,,,,c82cdc97-bfc8-4ef4-8f1c-569fbacd0712
,,,,1b558b87-c6ea-4030-8591-38d80c13b8e4
,,,,db9b0ac2-3852-45fc-a73b-988b43201f2c
,,,,54483d0d-50d7-4306-8bf7-9af571aae4f9
,,,,d889fd99-1090-4132-bd01-7c7fdec99b5e
,,,,ec94a53b-b685-4f82-aef0-823c5af8adcb
,,,,20485fac-1965-459b-8343-c49e7e70ddc7
,,,,028767c2-c11e-49f9-952f-b638a4a1bb59
,,,,9c988c2e-347f-4822-a523-c96d3531ad07
,,,,7c6983a4-e667-43c4-88cf-b4bca243c87e
,,,,aeba7fc6-cc72-43d8-b2d8-2461854dad40
,,,,5d465fa6-9920-43fd-b18a-5ad61cfd6035
,,,,73c44236-4f62-455b-8667-809bcf4bbe14
,,,,6a9be886-cf74-47a8-97db-3f55d1274252
,,,,30dc6e3a-dfa7-4e31-a8fe-68d0f87becb8
,,,,0b223d1a-127e-4e0c-b23d-df36cda4a452
,,,,4aefceea-1b60-4c71-bf32-af46b0d0dcd4
,,,,d2a74a2d-848e-4cd3-a99b-28f0c60eb4e1
,,,,b80b9239-41cc-41d3-82a2-864081ef2e47
,,,,333b7bb0-0c8a-4bc8-849c-845d85a48c47
,,,,964740c1-ad87-4823-b598-f07f57bc439a
,,,,1ed96a00-0063-4bcc-aebd-eb63ac3eeb0b
,,,,5d78380b-489f-4bac-bb6d-ea46d9a8b9f7
,,,,20127704-e2e9-490d-8834-1a4a6fc58af7
,,,,d617fe14-aad9-447a-9239-79b498b08b5f
,,,,91ea81f7-0be1-4c52-9760-a6499e5ed7cd
,,,,4e60d8c8-d458-4de8-990c-d135b8bc2dd8
,,,,23a369d2-1448-4f7e-b75c-796148f807a2
,,,,faa2274c-4e35-4c1c-b296-f8229860b5e0
,,,,a10e215e-ec32-4a17-b1a2-9619244dc8f6
,,,,677c41c6-8e80-4e99-a758-12f57fd9d09f
,,,,d9f71c52-cbc0-44ff-b2b8-c8e66db26ccb
,,,,f13d4303-295c-43d1-be35-25e5d9dff0dc
,,,,4df801a7-9cc7-402a-9b8d-1909a1320da2
,,,,59122507-406f-4018-986e-06569e902ee6
,,,,a7f8edb5-a4c0-44ae-9c80-092352fc40ea
,,,,f58dc806-dbe8-4380-85a8-8eba717aee6a
,,,,25bfdb13-46a7-4310-b244-528067aab684
,,,,d3f32315-13ed-4fb0-9f12-1b873b455b27
,,,,c009f54e-7ba0-4065-b036-160fa7eafbf4
,,,,17f439eb-ad75-45d7-aefa-dd67c2801cde
,,,,4ddfd3f7-a9b0-4ed6-a604-85032fe70f13
,,,,855a06e5-2bcf-4e12-a151-2a482be89677
,,,,448e3b95-6445-4e3f-8197-9ab25c007c27
,,,,c0e07189-ea89-43b1-8059-2022bd94299d
,,,,d70e67e6-5171-4182-be5f-80cfedc86f51
,,,,1b54743e-fc16-4964-afd4-dbd245b5a7d2
,,,,a929b062-f600-48d4-91fc-5eb0e202c8ac
,,,,a8029f72-f231-4bcc-b0cb-d38af434eae3
,,,,3e8aea79-94e2-4d18-8f05-a06993b18717
,,,,b8689c29-9df0-4e65-813e-5848ae73e393
,,,,a08e1eff-8c69-42c0-af25-77356f981161
,,,,2c3aca92-0c80-4071-af9f-396a637f76e1
,,,,35b2b62d-51e3-4631-b209-cb0bf4aeb3f8
,,,,137b321b-d6a0-4e5c-9c7e-899de52bc25e
,,,,96623e3e-32ac-449c-a81e-12eabc1f0725
,,,,c8a59413-e0d9-4285-81dd-b51ae2aaf4ca
,,,,20fc7983-dc8a-496c-9268-cf6219173d71
,,,,98abe55b-681e-4678-a54a-f744a3829608
,,,,a9823090-876f-461b-bb74-c817ffb590a3
,,,,929dd900-4dc7-4f8f-bfe9-f02c56d23892
,,,,81a3d8af-ae65-4ac0-b67a-f3516e3b04d4
,,,,55748bfc-80d5-48ab-b7c1-2be28a1716a6
,,,,9934f014-70a6-4e12-b036-79a09f361dd7
,,,,3f09a3fc-a5ab-4e6f-a153-c7278e04ea97
,,,,e08a4485-68bb-401e-8114-f123454a6190
,,,,21553635-6fc0-4725-97dc-903dee12c486
,,,,640b9d45-f535-4b78-af68-c88e16106024
,,,,fe9569ce-c531-4185-91c5-5203f7b75931
,,,,56ec3559-6f73-430c-b385-279cd8df2aea
,,,,cb03b498-f737-4fca-93e2-cecb75d0dfa7
,,,,5afbe666-394e-40f5-9f37-01a57b654681
,,,,1a915014-6f3e-4769-b751-346963280b65
,,,,6a8dfaeb-170a-42c5-9ba0-3aae747be1fc
,,,,f874644b-0467-4401-b366-d90383695e24
,,,,1420737c-7b68-4ec3-98db-ff8adbf5a459
,,,,37bf7d13-1164-4b0b-b684-1d76a0aaa323
,,,,b0e6da4e-5740-4fad-bd8b-fdaf500f4a80
,,,,c7c2d496-8475-4d25-908e-79c61c003734
,,,,42d415b2-889e-42bf-98d2-d936b7fddbb1
,,,,31536a43-5b29-4533-9b00-f2a3a11fe631
,,,,af511329-1b52-4a7a-92db-3dd01a627d12
,,,,e6e615f5-dfae-4605-8a6f-554891c4ab44
,,,,75b77d10-fbd1-49d7-a6d3-eccad1655e1b
,,,,4b75e400-7c66-4d29-b159-ad618f8a42a4
,,,,8fc2a436-413e-4495-8e70-2f57da3c2d5f
,,,,b605d9d4-e8e5-41e0-b278-229b3d60d782
,,,,04087f44-ac20-4e92-a7aa-5f1f435185ab
,,,,dde2d517-117a-4172-8369-21b3aaec576c
,,,,3d581a5f-8440-4808-958b-5fcfc7591b27
,,,,f731ffaf-2162-4907-9e9f-813ffed800b8
,,,,1fc3a0eb-7968-4fcf-b109-1a5f7b273610
,,,,77f74290-afee-49cc-b524-5b60011dd544
,,,,361719e9-c95b-479d-af8a-bf61aaa5bf5b
,,,,ee54388b-cfad-4701-94ea-445e94280557
,,,,2b7a127e-1900-430b-a4db-abcc8965e824
,,,,e8b9567f-ef14-4208-80b2-b6744dbc3cc9
,,,,5c683067-7c8b-4ab2-aee9-6954eb59efd4
,,,,50a7cd42-fe80-4bf9-9783-863e6a56a360
,,,,da95436f-c1d1-4104-9432-616360550092
,,,,3eb74d7e-b944-4622-802f-40d0a0d38e75
,,,,9bff1c42-5951-4800-b9bd-447873e2ffc0
,,,,575a864d-a2d8-4456-a296-8de289690200
,,,,14cb7381-202a-4d91-b89a-c7cf873a3012
,,,,cd2b69f5-68b1-4b96-8865-13963762f6fe
,,,,7a489539-4353-4e8f-bbee-3e015ea60507
,,,,c3787e86-4300-4d5d-970f-507f45197f28
,,,,ff1a0dab-c586-4bb1-9f6c-4bbe64e48d4a
,,,,95a82eda-f5fc-4f81-9beb-7a2db9efb48d
,,,,82dc3670-6777-410c-afe6-575aadf09845
,,,,d952e7dd-8532-4f56-8301-653107ded868
,,,,fd7a6fbf-848c-4808-a406-020409ce028d
,,,,7b97514b-fdb6-4a7a-b29f-f66f554bbc99
,,,,48e08746-c11b-4e2e-9129-50912df968f2
,,,,16b54df4-ce0d-4d85-9a9e-e2f5c25971c9
,,,,2a0293e5-8182-4e2b-a5b9-d9f1b9892858
,,,,938f50ac-8395-4fc8-933c-ae6341d7b84d
,,,,de8396ac-28b2-4a68-8657-4a214685e510
,,,,f2226903-d2a3-4fc8-a5ae-8f7ae2ab6eac
,,,,162d8a3a-c8e1-4fe9-8161-75aa0040e7e5
,,,,b33efbf6-ae85-4ebb-823c-31fc0895bc8c
,,,,0956c8b7-f7d5-4f38-865d-88bf1c55b1de
,,,,6743c7bf-9083-4e46-bdd9-cbfaf43a86ad
,,,,668f8d2e-50f2-40c3-b59b-40420f42c9d1
,,,,94aeedc5-8d0e-4098-9b2c-3a44cbd989d7
,,,,4fd44910-62ba-412a-ba05-65bab955f9c1
,,,,52b6f308-0029-4594-bffd-017656afa187
,,,,ef075209-c69f-494e-9bfc-ad47987c0c5b
,,,,c976cb8a-5b4d-4d73-abb9-726e17eecbb8
,,,,42e0ab20-ddc9-4b94-a857-f52de4f43849
,,,,6454cb27-e0ac-4ff1-99b8-35f73199023e
,,,,d29bc523-bd70-4ed0-9679-e707d11b8908
,,,,49fd25b3-f22c-460e-aa34-3cedb8219652
,,,,b79544e7-13ef-415a-ab37-8c182352c7a9
,,,,6b88dd69-642f-4a4e-a136-6ecd85391188
,,,,59a77705-1f7e-4420-bd83-e02dd6e43d7c
,,,,fce8470b-4c6f-4936-9393-05eaa393703d
,,,,2f4fa78c-92dd-4ae6-a7ea-4fd61fe51f44
,,,,93659276-929a-4058-bcea-840fdb41a7c5
,,,,ebd49106-15c9-4d52-8929-56fdb2455d8d
,,,,4b7ff16d-483b-40dc-bfe6-5505da03858e
,,,,586a28fb-27a8-4b92-a9e3-c2f622e09104
,,,,911bbf86-e633-49fd-8ac6-4c753c4ea3af
,,,,1fbb277d-a779-48cb-8702-348c60f2d231
,,,,f5f2e5eb-bf8a-4b89-b8c6-16374326cc55
,,,,bf7c91df-9dac-4b50-83a1-9b726679c378
,,,,c133de6d-36ef-4189-aea2-29b9734253c4
,,,,29d50a7d-434c-48cd-bae2-efcb6baec8b6
,,,,5cd466fd-6a73-436b-908c-6e31dda967f9
,,,,1f727d82-b24f-4950-8417-2abaa70db532
,,,,45bd3243-b277-4228-b3b4-178496ef1204
,,,,d8326aea-b828-4988-bcf8-1fd1fb035237
,,,,fbd2943c-da49-4e92-bef8-1de3445cb3f9
,,,,97a47775-f3ac-47d1-82dc-7a5bb2c36040
,,,,c94835a2-ad02-46c9-92ac-6c3041d7bd5d
,,,,109344ac-927a-4dda-bae7-1a85346da6e2
,,,,31c59d69-359c-4222-84b2-5cbf1c1cf367
,,,,8783974e-d063-48b9-8186-30c917283c71
,,,,b4aa87f7-3b44-497b-8caa-e991d8d706ac
,,,,a0a5ee5c-5d0d-40b6-8f47-3a50daaaff79
,,,,cbc25c2a-26ea-4eb8-889e-5bcd1eac2204
,,,,f0932cab-2bb5-4249-8b02-6fdf87f197d2
,,,,0b09132e-02e4-441c-b859-79f251a248ef
,,,,ffae7e14-7b1d-46a0-af67-990cc9a88e7b
,,,,cb5fd3be-a269-4e38-875e-982a2ca95cc3
,,,,f5b06e98-1921-482b-9dc1-01e82778d4a8
,,,,61eec52d-a234-43e4-a2e3-7f5d8b483a66
,,,,b1388721-dae3-4562-a2ee-19046f9a49b0
,,,,3eec8600-3d03-4fc9-a3d1-7b381077c9a2
,,,,64a73d93-f0da-4fb9-b091-52151c3d2059
,,,,151d9426-db22-4038-81a7-21e3fa71d880
,,,,2f9228f1-edf8-45cf-9278-bfdf50cb0fa8
,,,,342d67cc-5920-4c90-b7a0-9f47990a4116
,,,,732ce325-c66c-4d9d-92e2-6608c773888e
,,,,5a8ccdf4-9ab9-4e91-8b20-35ccf2d74404
,,,,a135cf83-9133-471b-9515-4b457c3cb93f
,,,,3695a386-224f-470a-952a-408f6d96cac5
,,,,ba3c8427-61fb-468a-85df-70cb57a04377
,,,,06e8945d-6ca8-43e4-87f4-7722977a1089
,,,,b346a079-283b-4ff0-b609-d64ea2c195ab
,,,,09cec4ba-19fa-4ce6-80d1-c64401152bcf
,,,,a758f930-ca18-402c-96bc-e78189d14054
,,,,c255c3eb-0477-4cd4-81cc-9abc185555c3
,,,,562d3a35-fe1a-46f9-9b90-b83c6b88a7f0
,,,,a5f74c99-f82e-4e23-aeb1-fe3cbf92a02b
,,,,c52720f4-c367-481a-8ee5-f5eeef5210ed
,,,,4b73b18b-0ee8-4d15-b414-7f01bc58add9
,,,,d8566c87-aff0-4369-8c11-0e078338cfd9
,,,,e2a2d9fb-16ec-4848-9c98-99d636fc809e
,,,,55f35715-b5c6-4d85-8e8e-dd987b2b73d3
,,,,a0912be9-ac50-4d16-98d8-2861a5bbd9f4
,,,,e9ff279c-8a84-4a10-b029-06bf4cf47396
,,,,d354c678-fd92-464f-9e37-85b3eb584385
,,,,48644c42-0609-4218-a584-370d57aeeff0
,,,,024a7aa8-a501-440d-83cb-63f65ba107a6
,,,,c130d33f-d375-4c28-88a0-07933dd353c7
,,,,0f5d991b-10a5-43e8-8ae6-f75f305ae4dc
,,,,75026bb3-9b7c-4f68-88c3-13ad89486923
,,,,47675f16-6e1c-4dc1-a083-bceded7f8b18
,,,,05900828-3f29-4530-827d-0268bca81084
,,,,f2e4a59c-12b8-4f10-9b1e-57a65cdbce01
,,,,40bd38be-24fc-40d0-b71c-f6c24de9de14
,,,,da1c2bed-cb6c-401e-b9a0-8cd44bf9a036
,,,,bd3e76a1-7c69-4659-8177-99e2e4004841
,,,,d6d84526-ed97-4971-a095-c9f0d14d5183
,,,,7d97374e-2c3b-4b82-be91-80ffee5611c9
,,,,55ec712f-de37-4526-b8da-f31b602f961d
,,,,e8a260ea-7451-42eb-ac0a-3b3d1c157a94
