group,Орехи,,,,1
Абрикос-ядро,520,100,,28fa2135-5307-11e4-aaab-000b6a4d90f4
Арахис,552,100,,28fa8f83-5307-11e4-aaab-000b6a4d90f4
Вишня-ядро,422,100,,28fb0040-5307-11e4-aaab-000b6a4d90f4
Какао тертое,559,100,,28fc616e-5307-11e4-aaab-000b6a4d90f4
Какао-бобы,565,100,,28fcd08e-5307-11e4-aaab-000b6a4d90f4
Кедровый орех,674,100,,28fd3feb-5307-11e4-aaab-000b6a4d90f4
Конопля-семя,373,100,,28fdaec8-5307-11e4-aaab-000b6a4d90f4
Кунжут-семя,565,100,,28fe1ce4-5307-11e4-aaab-000b6a4d90f4
Лещина,653,100,,28fe8d05-5307-11e4-aaab-000b6a4d90f4
Мак-семя,556,100,,28ff11ac-5307-11e4-aaab-000b6a4d90f4
Миндаль,609,100,,28ff836d-5307-11e4-aaab-000b6a4d90f4
Орех грецкий,656,100,,290005ca-5307-11e4-aaab-000b6a4d90f4
Орех кешью,600,100,,29007493-5307-11e4-aaab-000b6a4d90f4
Орех мускатный,556,100,,2900e37b-5307-11e4-aaab-000b6a4d90f4
Подсолнечник-семя,601,100,,290152e6-5307-11e4-aaab-000b6a4d90f4
Рапс-семя,544,100,,2901c2a3-5307-11e4-aaab-000b6a4d90f4
Слива-ядро,476,100,,29023166-5307-11e4-aaab-000b6a4d90f4
Фисташки,556,100,,2902a0f0-5307-11e4-aaab-000b6a4d90f4
Фундук,651,100,,290310c0-5307-11e4-aaab-000b6a4d90f4
Хлопчатник-семя,497,100,,29037f40-5307-11e4-aaab-000b6a4d90f4
Ядро ореха арахиса жареное,626,100,,2903ee5d-5307-11e4-aaab-000b6a4d90f4
Ядро ореха миндаля жареное,642,100,,29045d4b-5307-11e4-aaab-000b6a4d90f4
Ядро ореха фундука жареное,703,100,,2904cbe7-5307-11e4-aaab-000b6a4d90f4
,,,,290539f2-5307-11e4-aaab-000b6a4d90f4
,,,,2905aa0d-5307-11e4-aaab-000b6a4d90f4
,,,,2906193b-5307-11e4-aaab-000b6a4d90f4
,,,,290688e7-5307-11e4-aaab-000b6a4d90f4
,,,,2906f72f-5307-11e4-aaab-000b6a4d90f4
,,,,290766b4-5307-11e4-aaab-000b6a4d90f4
,,,,2907d534-5307-11e4-aaab-000b6a4d90f4
,,,,29086003-5307-11e4-aaab-000b6a4d90f4
,,,,2908cef6-5307-11e4-aaab-000b6a4d90f4
,,,,29093e54-5307-11e4-aaab-000b6a4d90f4
,,,,2909ac46-5307-11e4-aaab-000b6a4d90f4
,,,,290a1c77-5307-11e4-aaab-000b6a4d90f4
,,,,290a9fe9-5307-11e4-aaab-000b6a4d90f4
,,,,290b0f75-5307-11e4-aaab-000b6a4d90f4
,,,,290b7d78-5307-11e4-aaab-000b6a4d90f4
,,,,290becb4-5307-11e4-aaab-000b6a4d90f4
,,,,290c5b6c-5307-11e4-aaab-000b6a4d90f4
,,,,290ccb20-5307-11e4-aaab-000b6a4d90f4
,,,,290d3979-5307-11e4-aaab-000b6a4d90f4
,,,,290da891-5307-11e4-aaab-000b6a4d90f4
,,,,290e16b2-5307-11e4-aaab-000b6a4d90f4
,,,,290e89e7-5307-11e4-aaab-000b6a4d90f4
,,,,290ef857-5307-11e4-aaab-000b6a4d90f4
,,,,290f670a-5307-11e4-aaab-000b6a4d90f4
,,,,290fe2f1-5307-11e4-aaab-000b6a4d90f4
,,,,2910554b-5307-11e4-aaab-000b6a4d90f4
,,,,2910c44a-5307-11e4-aaab-000b6a4d90f4
,,,,29113393-5307-11e4-aaab-000b6a4d90f4
,,,,2911a161-5307-11e4-aaab-000b6a4d90f4
,,,,29121065-5307-11e4-aaab-000b6a4d90f4
,,,,29127ecf-5307-11e4-aaab-000b6a4d90f4
,,,,2912ee96-5307-11e4-aaab-000b6a4d90f4
,,,,29135d97-5307-11e4-aaab-000b6a4d90f4
,,,,2913cc93-5307-11e4-aaab-000b6a4d90f4
,,,,29143be2-5307-11e4-aaab-000b6a4d90f4
,,,,2914abfd-5307-11e4-aaab-000b6a4d90f4
,,,,29151af6-5307-11e4-aaab-000b6a4d90f4
,,,,29158a99-5307-11e4-aaab-000b6a4d90f4
,,,,2915f874-5307-11e4-aaab-000b6a4d90f4
,,,,291667dd-5307-11e4-aaab-000b6a4d90f4
,,,,2916d6fd-5307-11e4-aaab-000b6a4d90f4
,,,,291746b6-5307-11e4-aaab-000b6a4d90f4
,,,,2917b545-5307-11e4-aaab-000b6a4d90f4
,,,,291823db-5307-11e4-aaab-000b6a4d90f4
,,,,29189264-5307-11e4-aaab-000b6a4d90f4
,,,,29190ff7-5307-11e4-aaab-000b6a4d90f4
,,,,29197eb8-5307-11e4-aaab-000b6a4d90f4
,,,,2919eee9-5307-11e4-aaab-000b6a4d90f4
,,,,291a5d1e-5307-11e4-aaab-000b6a4d90f4
,,,,291acd93-5307-11e4-aaab-000b6a4d90f4
,,,,291b3c16-5307-11e4-aaab-000b6a4d90f4
,,,,291bab70-5307-11e4-aaab-000b6a4d90f4
,,,,291c1a18-5307-11e4-aaab-000b6a4d90f4
,,,,291c8869-5307-11e4-aaab-000b6a4d90f4
,,,,291cf749-5307-11e4-aaab-000b6a4d90f4
,,,,291d6708-5307-11e4-aaab-000b6a4d90f4
,,,,291dd938-5307-11e4-aaab-000b6a4d90f4
,,,,291e47d5-5307-11e4-aaab-000b6a4d90f4
,,,,291eb568-5307-11e4-aaab-000b6a4d90f4
,,,,291f24b4-5307-11e4-aaab-000b6a4d90f4
,,,,291f9397-5307-11e4-aaab-000b6a4d90f4
,,,,29200377-5307-11e4-aaab-000b6a4d90f4
,,,,29207246-5307-11e4-aaab-000b6a4d90f4
,,,,2920f138-5307-11e4-aaab-000b6a4d90f4
,,,,2921601d-5307-11e4-aaab-000b6a4d90f4
,,,,2921cfb5-5307-11e4-aaab-000b6a4d90f4
,,,,29223e1a-5307-11e4-aaab-000b6a4d90f4
,,,,2922ad4d-5307-11e4-aaab-000b6a4d90f4
,,,,29231c14-5307-11e4-aaab-000b6a4d90f4
,,,,29238abb-5307-11e4-aaab-000b6a4d90f4
,,,,2923fc93-5307-11e4-aaab-000b6a4d90f4
,,,,2924e72c-5307-11e4-aaab-000b6a4d90f4
,,,,2925db07-5307-11e4-aaab-000b6a4d90f4
,,,,2926db16-5307-11e4-aaab-000b6a4d90f4
,,,,29283441-5307-11e4-aaab-000b6a4d90f4
,,,,2928a6e7-5307-11e4-aaab-000b6a4d90f4
,,,,29291780-5307-11e4-aaab-000b6a4d90f4
,,,,29298736-5307-11e4-aaab-000b6a4d90f4
,,,,2929f744-5307-11e4-aaab-000b6a4d90f4
,,,,292a682b-5307-11e4-aaab-000b6a4d90f4
,,,,292ad87b-5307-11e4-aaab-000b6a4d90f4
,,,,292b4992-5307-11e4-aaab-000b6a4d90f4
,,,,292bb842-5307-11e4-aaab-000b6a4d90f4
,,,,292c274e-5307-11e4-aaab-000b6a4d90f4
,,,,292c97bd-5307-11e4-aaab-000b6a4d90f4
,,,,292d0b8b-5307-11e4-aaab-000b6a4d90f4
,,,,292d7c08-5307-11e4-aaab-000b6a4d90f4
,,,,292deb3b-5307-11e4-aaab-000b6a4d90f4
,,,,292e5ad3-5307-11e4-aaab-000b6a4d90f4
,,,,292ecbaa-5307-11e4-aaab-000b6a4d90f4
,,,,292f3acf-5307-11e4-aaab-000b6a4d90f4
,,,,292fab2a-5307-11e4-aaab-000b6a4d90f4
,,,,29301a7a-5307-11e4-aaab-000b6a4d90f4
,,,,29308a17-5307-11e4-aaab-000b6a4d90f4
,,,,2930fab3-5307-11e4-aaab-000b6a4d90f4
,,,,29316a85-5307-11e4-aaab-000b6a4d90f4
,,,,2931da9e-5307-11e4-aaab-000b6a4d90f4
,,,,2932496f-5307-11e4-aaab-000b6a4d90f4
,,,,2932b974-5307-11e4-aaab-000b6a4d90f4
,,,,29333acd-5307-11e4-aaab-000b6a4d90f4
,,,,2933aa7b-5307-11e4-aaab-000b6a4d90f4
,,,,29341a1e-5307-11e4-aaab-000b6a4d90f4
,,,,293489b6-5307-11e4-aaab-000b6a4d90f4
,,,,2934f9eb-5307-11e4-aaab-000b6a4d90f4
,,,,29356a27-5307-11e4-aaab-000b6a4d90f4
,,,,2935db2d-5307-11e4-aaab-000b6a4d90f4
,,,,29364b32-5307-11e4-aaab-000b6a4d90f4
,,,,2936bab6-5307-11e4-aaab-000b6a4d90f4
,,,,29372a70-5307-11e4-aaab-000b6a4d90f4
,,,,29379ac0-5307-11e4-aaab-000b6a4d90f4
,,,,29380b10-5307-11e4-aaab-000b6a4d90f4
,,,,29387b37-5307-11e4-aaab-000b6a4d90f4
,,,,2938ea6d-5307-11e4-aaab-000b6a4d90f4
,,,,29395b6a-5307-11e4-aaab-000b6a4d90f4
,,,,2939cc0e-5307-11e4-aaab-000b6a4d90f4
,,,,293a3bde-5307-11e4-aaab-000b6a4d90f4
,,,,293aac1d-5307-11e4-aaab-000b6a4d90f4
,,,,293b1bc3-5307-11e4-aaab-000b6a4d90f4
,,,,293b8bea-5307-11e4-aaab-000b6a4d90f4
,,,,293bfb39-5307-11e4-aaab-000b6a4d90f4
,,,,293c6e2a-5307-11e4-aaab-000b6a4d90f4
,,,,293cde6d-5307-11e4-aaab-000b6a4d90f4
,,,,293d4d79-5307-11e4-aaab-000b6a4d90f4
,,,,293dc9ee-5307-11e4-aaab-000b6a4d90f4
,,,,293e3aca-5307-11e4-aaab-000b6a4d90f4
,,,,293eae0d-5307-11e4-aaab-000b6a4d90f4
,,,,293f1d4e-5307-11e4-aaab-000b6a4d90f4
,,,,293f8d96-5307-11e4-aaab-000b6a4d90f4
,,,,293ffdd8-5307-11e4-aaab-000b6a4d90f4
,,,,29406e4a-5307-11e4-aaab-000b6a4d90f4
,,,,2940ddf6-5307-11e4-aaab-000b6a4d90f4
,,,,29414ddf-5307-11e4-aaab-000b6a4d90f4
,,,,2941bd39-5307-11e4-aaab-000b6a4d90f4
,,,,29422df9-5307-11e4-aaab-000b6a4d90f4
,,,,29429ddc-5307-11e4-aaab-000b6a4d90f4
,,,,29430dd9-5307-11e4-aaab-000b6a4d90f4
,,,,29437e5b-5307-11e4-aaab-000b6a4d90f4
,,,,2943ec7a-5307-11e4-aaab-000b6a4d90f4
,,,,29445cb9-5307-11e4-aaab-000b6a4d90f4
,,,,2944cd01-5307-11e4-aaab-000b6a4d90f4
,,,,29453fb5-5307-11e4-aaab-000b6a4d90f4
,,,,2945b163-5307-11e4-aaab-000b6a4d90f4
,,,,2946201e-5307-11e4-aaab-000b6a4d90f4
,,,,2946a3a0-5307-11e4-aaab-000b6a4d90f4
,,,,294713be-5307-11e4-aaab-000b6a4d90f4
,,,,294783c3-5307-11e4-aaab-000b6a4d90f4
,,,,2947f3af-5307-11e4-aaab-000b6a4d90f4
,,,,29486283-5307-11e4-aaab-000b6a4d90f4
,,,,2948d26c-5307-11e4-aaab-000b6a4d90f4
,,,,294941a2-5307-11e4-aaab-000b6a4d90f4
,,,,2949b4aa-5307-11e4-aaab-000b6a4d90f4
,,,,294a2535-5307-11e4-aaab-000b6a4d90f4
,,,,294a94d0-5307-11e4-aaab-000b6a4d90f4
,,,,294b1193-5307-11e4-aaab-000b6a4d90f4
,,,,294b861a-5307-11e4-aaab-000b6a4d90f4
,,,,294bf5b7-5307-11e4-aaab-000b6a4d90f4
,,,,294c6544-5307-11e4-aaab-000b6a4d90f4
,,,,294cd579-5307-11e4-aaab-000b6a4d90f4
,,,,294d452f-5307-11e4-aaab-000b6a4d90f4
,,,,294db5ce-5307-11e4-aaab-000b6a4d90f4
,,,,294e2506-5307-11e4-aaab-000b6a4d90f4
,,,,294e9490-5307-11e4-aaab-000b6a4d90f4
,,,,294f0433-5307-11e4-aaab-000b6a4d90f4
,,,,294f740c-5307-11e4-aaab-000b6a4d90f4
,,,,294fe496-5307-11e4-aaab-000b6a4d90f4
,,,,295054c2-5307-11e4-aaab-000b6a4d90f4
,,,,2950c43e-5307-11e4-aaab-000b6a4d90f4
,,,,295132d8-5307-11e4-aaab-000b6a4d90f4
,,,,2951a3f4-5307-11e4-aaab-000b6a4d90f4
,,,,29521460-5307-11e4-aaab-000b6a4d90f4
,,,,29528495-5307-11e4-aaab-000b6a4d90f4
,,,,2952f3e4-5307-11e4-aaab-000b6a4d90f4
,,,,29536418-5307-11e4-aaab-000b6a4d90f4
,,,,2953d3fc-5307-11e4-aaab-000b6a4d90f4
,,,,295442fa-5307-11e4-aaab-000b6a4d90f4
,,,,2954b6a7-5307-11e4-aaab-000b6a4d90f4
,,,,295526d2-5307-11e4-aaab-000b6a4d90f4
,,,,295597a9-5307-11e4-aaab-000b6a4d90f4
,,,,295608a1-5307-11e4-aaab-000b6a4d90f4
,,,,295678bf-5307-11e4-aaab-000b6a4d90f4
,,,,2956e9d8-5307-11e4-aaab-000b6a4d90f4
,,,,295759fe-5307-11e4-aaab-000b6a4d90f4
,,,,2957d982-5307-11e4-aaab-000b6a4d90f4
,,,,29584a7a-5307-11e4-aaab-000b6a4d90f4
,,,,2958baf4-5307-11e4-aaab-000b6a4d90f4
,,,,295940c1-5307-11e4-aaab-000b6a4d90f4
,,,,2959b2bd-5307-11e4-aaab-000b6a4d90f4
,,,,295a2316-5307-11e4-aaab-000b6a4d90f4
,,,,295a945e-5307-11e4-aaab-000b6a4d90f4
,,,,295b0748-5307-11e4-aaab-000b6a4d90f4
,,,,295b7832-5307-11e4-aaab-000b6a4d90f4
,,,,295bf230-5307-11e4-aaab-000b6a4d90f4
,,,,295c631c-5307-11e4-aaab-000b6a4d90f4
,,,,295cd412-5307-11e4-aaab-000b6a4d90f4
,,,,295d442d-5307-11e4-aaab-000b6a4d90f4
,,,,295db4ce-5307-11e4-aaab-000b6a4d90f4
,,,,295e2575-5307-11e4-aaab-000b6a4d90f4
,,,,295ea183-5307-11e4-aaab-000b6a4d90f4
,,,,295f120b-5307-11e4-aaab-000b6a4d90f4
,,,,295f826f-5307-11e4-aaab-000b6a4d90f4
,,,,295ff348-5307-11e4-aaab-000b6a4d90f4
,,,,29607cdc-5307-11e4-aaab-000b6a4d90f4
,,,,2960ecd5-5307-11e4-aaab-000b6a4d90f4
,,,,29615d1a-5307-11e4-aaab-000b6a4d90f4
,,,,2961ce04-5307-11e4-aaab-000b6a4d90f4
,,,,29623e7c-5307-11e4-aaab-000b6a4d90f4
,,,,2962ae6a-5307-11e4-aaab-000b6a4d90f4
,,,,29631eba-5307-11e4-aaab-000b6a4d90f4
,,,,29638fed-5307-11e4-aaab-000b6a4d90f4
,,,,296401ee-5307-11e4-aaab-000b6a4d90f4
,,,,2964712d-5307-11e4-aaab-000b6a4d90f4
,,,,2964e1fb-5307-11e4-aaab-000b6a4d90f4
,,,,29655259-5307-11e4-aaab-000b6a4d90f4
,,,,2965d3d9-5307-11e4-aaab-000b6a4d90f4
,,,,2966448e-5307-11e4-aaab-000b6a4d90f4
,,,,2966b35a-5307-11e4-aaab-000b6a4d90f4
,,,,296723b3-5307-11e4-aaab-000b6a4d90f4
,,,,29679fd7-5307-11e4-aaab-000b6a4d90f4
,,,,29681118-5307-11e4-aaab-000b6a4d90f4
,,,,29688184-5307-11e4-aaab-000b6a4d90f4
,,,,2968f100-5307-11e4-aaab-000b6a4d90f4
,,,,296961ea-5307-11e4-aaab-000b6a4d90f4
,,,,2969d20d-5307-11e4-aaab-000b6a4d90f4
,,,,296abbde-5307-11e4-aaab-000b6a4d90f4
,,,,296b2b60-5307-11e4-aaab-000b6a4d90f4
,,,,296bb121-5307-11e4-aaab-000b6a4d90f4
,,,,296c5356-5307-11e4-aaab-000b6a4d90f4
,,,,296cc39e-5307-11e4-aaab-000b6a4d90f4
,,,,296d33ab-5307-11e4-aaab-000b6a4d90f4
,,,,296da452-5307-11e4-aaab-000b6a4d90f4
,,,,296e15a3-5307-11e4-aaab-000b6a4d90f4
,,,,296e854f-5307-11e4-aaab-000b6a4d90f4
,,,,296ef692-5307-11e4-aaab-000b6a4d90f4
,,,,296f6609-5307-11e4-aaab-000b6a4d90f4
,,,,296fd986-5307-11e4-aaab-000b6a4d90f4
,,,,29704a43-5307-11e4-aaab-000b6a4d90f4
,,,,2970bbf6-5307-11e4-aaab-000b6a4d90f4
,,,,29712db4-5307-11e4-aaab-000b6a4d90f4
,,,,29719cbe-5307-11e4-aaab-000b6a4d90f4
,,,,29720d2d-5307-11e4-aaab-000b6a4d90f4
,,,,29727d0a-5307-11e4-aaab-000b6a4d90f4
,,,,2972fe3a-5307-11e4-aaab-000b6a4d90f4
,,,,29736fac-5307-11e4-aaab-000b6a4d90f4
,,,,2973ddd6-5307-11e4-aaab-000b6a4d90f4
,,,,29744e4b-5307-11e4-aaab-000b6a4d90f4
,,,,2974bf0e-5307-11e4-aaab-000b6a4d90f4
,,,,29752fa4-5307-11e4-aaab-000b6a4d90f4
,,,,2975a002-5307-11e4-aaab-000b6a4d90f4
,,,,2976103c-5307-11e4-aaab-000b6a4d90f4
,,,,2976826a-5307-11e4-aaab-000b6a4d90f4
,,,,2976f378-5307-11e4-aaab-000b6a4d90f4
,,,,29776324-5307-11e4-aaab-000b6a4d90f4
,,,,2977d402-5307-11e4-aaab-000b6a4d90f4
,,,,29784450-5307-11e4-aaab-000b6a4d90f4
,,,,2978b4f9-5307-11e4-aaab-000b6a4d90f4
,,,,297924cc-5307-11e4-aaab-000b6a4d90f4
,,,,2979984c-5307-11e4-aaab-000b6a4d90f4
,,,,297a0875-5307-11e4-aaab-000b6a4d90f4
,,,,297a77c2-5307-11e4-aaab-000b6a4d90f4
,,,,297af634-5307-11e4-aaab-000b6a4d90f4
,,,,297b6734-5307-11e4-aaab-000b6a4d90f4
,,,,297bd792-5307-11e4-aaab-000b6a4d90f4
,,,,297c482b-5307-11e4-aaab-000b6a4d90f4
,,,,297cb854-5307-11e4-aaab-000b6a4d90f4
,,,,297d292a-5307-11e4-aaab-000b6a4d90f4
,,,,297d99e2-5307-11e4-aaab-000b6a4d90f4
,,,,297e0a75-5307-11e4-aaab-000b6a4d90f4
,,,,297e7a72-5307-11e4-aaab-000b6a4d90f4
,,,,297eea87-5307-11e4-aaab-000b6a4d90f4
,,,,297f5af9-5307-11e4-aaab-000b6a4d90f4
,,,,297fcb30-5307-11e4-aaab-000b6a4d90f4
,,,,29803b22-5307-11e4-aaab-000b6a4d90f4
,,,,2980abc0-5307-11e4-aaab-000b6a4d90f4
,,,,29811b8a-5307-11e4-aaab-000b6a4d90f4
,,,,29818c2e-5307-11e4-aaab-000b6a4d90f4
,,,,2981fe06-5307-11e4-aaab-000b6a4d90f4
,,,,29826f00-5307-11e4-aaab-000b6a4d90f4
,,,,2982e07e-5307-11e4-aaab-000b6a4d90f4
,,,,29835064-5307-11e4-aaab-000b6a4d90f4
,,,,2983c3df-5307-11e4-aaab-000b6a4d90f4
,,,,29843342-5307-11e4-aaab-000b6a4d90f4
,,,,2984a3c1-5307-11e4-aaab-000b6a4d90f4
,,,,29851383-5307-11e4-aaab-000b6a4d90f4
,,,,298582e6-5307-11e4-aaab-000b6a4d90f4
,,,,2985f360-5307-11e4-aaab-000b6a4d90f4
,,,,2986641b-5307-11e4-aaab-000b6a4d90f4
,,,,2986d401-5307-11e4-aaab-000b6a4d90f4
,,,,29874307-5307-11e4-aaab-000b6a4d90f4
,,,,2987b28c-5307-11e4-aaab-000b6a4d90f4
,,,,2988239f-5307-11e4-aaab-000b6a4d90f4
,,,,298893fe-5307-11e4-aaab-000b6a4d90f4
,,,,2989076d-5307-11e4-aaab-000b6a4d90f4
,,,,29897761-5307-11e4-aaab-000b6a4d90f4
,,,,2989e7a9-5307-11e4-aaab-000b6a4d90f4
,,,,298a58a9-5307-11e4-aaab-000b6a4d90f4
,,,,298ac91b-5307-11e4-aaab-000b6a4d90f4
,,,,298b392b-5307-11e4-aaab-000b6a4d90f4
,,,,298ba932-5307-11e4-aaab-000b6a4d90f4
,,,,298c1934-5307-11e4-aaab-000b6a4d90f4
,,,,298c888f-5307-11e4-aaab-000b6a4d90f4
,,,,298cf8fe-5307-11e4-aaab-000b6a4d90f4
,,,,298d69bb-5307-11e4-aaab-000b6a4d90f4
,,,,298dda62-5307-11e4-aaab-000b6a4d90f4
,,,,298e4995-5307-11e4-aaab-000b6a4d90f4
,,,,298eb9fc-5307-11e4-aaab-000b6a4d90f4
,,,,298f2ce5-5307-11e4-aaab-000b6a4d90f4
,,,,298f9d1f-5307-11e4-aaab-000b6a4d90f4
,,,,29900d4b-5307-11e4-aaab-000b6a4d90f4
,,,,29907d07-5307-11e4-aaab-000b6a4d90f4
,,,,2990ed8c-5307-11e4-aaab-000b6a4d90f4
,,,,2991615b-5307-11e4-aaab-000b6a4d90f4
,,,,2991d109-5307-11e4-aaab-000b6a4d90f4
,,,,29924034-5307-11e4-aaab-000b6a4d90f4
,,,,2992b0ab-5307-11e4-aaab-000b6a4d90f4
,,,,299320f3-5307-11e4-aaab-000b6a4d90f4
,,,,299391e5-5307-11e4-aaab-000b6a4d90f4
,,,,299401af-5307-11e4-aaab-000b6a4d90f4
,,,,29947104-5307-11e4-aaab-000b6a4d90f4
,,,,2994e173-5307-11e4-aaab-000b6a4d90f4
,,,,299553a1-5307-11e4-aaab-000b6a4d90f4
,,,,2995c3ba-5307-11e4-aaab-000b6a4d90f4
,,,,29963503-5307-11e4-aaab-000b6a4d90f4
,,,,2996a78f-5307-11e4-aaab-000b6a4d90f4
,,,,29971839-5307-11e4-aaab-000b6a4d90f4
,,,,29978876-5307-11e4-aaab-000b6a4d90f4
,,,,2997fafd-5307-11e4-aaab-000b6a4d90f4
,,,,29986dbc-5307-11e4-aaab-000b6a4d90f4
,,,,2998dd4f-5307-11e4-aaab-000b6a4d90f4
,,,,29994e01-5307-11e4-aaab-000b6a4d90f4
,,,,2999bd8d-5307-11e4-aaab-000b6a4d90f4
,,,,299a3b04-5307-11e4-aaab-000b6a4d90f4
,,,,299aac04-5307-11e4-aaab-000b6a4d90f4
,,,,299b1ae9-5307-11e4-aaab-000b6a4d90f4
,,,,299b8c86-5307-11e4-aaab-000b6a4d90f4
,,,,299bfcb5-5307-11e4-aaab-000b6a4d90f4
,,,,299c711d-5307-11e4-aaab-000b6a4d90f4
,,,,299ce1a2-5307-11e4-aaab-000b6a4d90f4
,,,,299d5092-5307-11e4-aaab-000b6a4d90f4
,,,,299dc078-5307-11e4-aaab-000b6a4d90f4
,,,,299e3154-5307-11e4-aaab-000b6a4d90f4
,,,,299eb642-5307-11e4-aaab-000b6a4d90f4
,,,,299f26db-5307-11e4-aaab-000b6a4d90f4
,,,,299f9643-5307-11e4-aaab-000b6a4d90f4
,,,,29a0064e-5307-11e4-aaab-000b6a4d90f4
,,,,29a07631-5307-11e4-aaab-000b6a4d90f4
,,,,29a0f0e2-5307-11e4-aaab-000b6a4d90f4
,,,,29a16313-5307-11e4-aaab-000b6a4d90f4
,,,,29a1d177-5307-11e4-aaab-000b6a4d90f4
,,,,29a2421b-5307-11e4-aaab-000b6a4d90f4
,,,,29a2b337-5307-11e4-aaab-000b6a4d90f4
,,,,29a323ce-5307-11e4-aaab-000b6a4d90f4
,,,,29a3a586-5307-11e4-aaab-000b6a4d90f4
,,,,29a4154a-5307-11e4-aaab-000b6a4d90f4
,,,,29a48525-5307-11e4-aaab-000b6a4d90f4
,,,,29a4f5eb-5307-11e4-aaab-000b6a4d90f4
,,,,29a565fe-5307-11e4-aaab-000b6a4d90f4
,,,,29a5d528-5307-11e4-aaab-000b6a4d90f4
,,,,29a645ca-5307-11e4-aaab-000b6a4d90f4
,,,,29a6b53b-5307-11e4-aaab-000b6a4d90f4
,,,,29a725df-5307-11e4-aaab-000b6a4d90f4
,,,,29a799da-5307-11e4-aaab-000b6a4d90f4
,,,,29a809ba-5307-11e4-aaab-000b6a4d90f4
,,,,29a8799d-5307-11e4-aaab-000b6a4d90f4
,,,,29a8ea5d-5307-11e4-aaab-000b6a4d90f4
,,,,29a95b3c-5307-11e4-aaab-000b6a4d90f4
,,,,29a9cb2d-5307-11e4-aaab-000b6a4d90f4
,,,,29aa3a55-5307-11e4-aaab-000b6a4d90f4
,,,,29aaaa95-5307-11e4-aaab-000b6a4d90f4
,,,,29ab1b1d-5307-11e4-aaab-000b6a4d90f4
,,,,29ab8ba0-5307-11e4-aaab-000b6a4d90f4
,,,,29abfbe8-5307-11e4-aaab-000b6a4d90f4
,,,,29ac6ad2-5307-11e4-aaab-000b6a4d90f4
,,,,29acdb39-5307-11e4-aaab-000b6a4d90f4
,,,,29ad4bc4-5307-11e4-aaab-000b6a4d90f4
,,,,29adbd4d-5307-11e4-aaab-000b6a4d90f4
,,,,29ae31e4-5307-11e4-aaab-000b6a4d90f4
,,,,29aea190-5307-11e4-aaab-000b6a4d90f4
,,,,29af12a3-5307-11e4-aaab-000b6a4d90f4
,,,,29af82ee-5307-11e4-aaab-000b6a4d90f4
,,,,29aff330-5307-11e4-aaab-000b6a4d90f4
,,,,29b063dd-5307-11e4-aaab-000b6a4d90f4
,,,,29b0d353-5307-11e4-aaab-000b6a4d90f4
,,,,29b1438a-5307-11e4-aaab-000b6a4d90f4
,,,,29b1b29f-5307-11e4-aaab-000b6a4d90f4
,,,,29b222fd-5307-11e4-aaab-000b6a4d90f4
,,,,29b29406-5307-11e4-aaab-000b6a4d90f4
,,,,29b302c4-5307-11e4-aaab-000b6a4d90f4
,,,,29b372e5-5307-11e4-aaab-000b6a4d90f4
,,,,29b3e4e9-5307-11e4-aaab-000b6a4d90f4
,,,,29b45581-5307-11e4-aaab-000b6a4d90f4
,,,,29b4c50e-5307-11e4-aaab-000b6a4d90f4
,,,,29b534d0-5307-11e4-aaab-000b6a4d90f4
,,,,29b5a57a-5307-11e4-aaab-000b6a4d90f4
,,,,29b61626-5307-11e4-aaab-000b6a4d90f4
,,,,29b6863e-5307-11e4-aaab-000b6a4d90f4
,,,,29b6f8bb-5307-11e4-aaab-000b6a4d90f4
,,,,29b76860-5307-11e4-aaab-000b6a4d90f4
,,,,29b7d86e-5307-11e4-aaab-000b6a4d90f4
,,,,29b847fa-5307-11e4-aaab-000b6a4d90f4
,,,,29b8b8dc-5307-11e4-aaab-000b6a4d90f4
,,,,29b928e4-5307-11e4-aaab-000b6a4d90f4
,,,,29b9989d-5307-11e4-aaab-000b6a4d90f4
,,,,29ba0a6f-5307-11e4-aaab-000b6a4d90f4
,,,,29ba7a3c-5307-11e4-aaab-000b6a4d90f4
,,,,29baeb23-5307-11e4-aaab-000b6a4d90f4
,,,,29bb5bca-5307-11e4-aaab-000b6a4d90f4
,,,,29bbcb2f-5307-11e4-aaab-000b6a4d90f4
,,,,29bc3b34-5307-11e4-aaab-000b6a4d90f4
,,,,29bcabae-5307-11e4-aaab-000b6a4d90f4
,,,,29bd1c18-5307-11e4-aaab-000b6a4d90f4
,,,,29bd8bcb-5307-11e4-aaab-000b6a4d90f4
,,,,29bdfd9d-5307-11e4-aaab-000b6a4d90f4
,,,,29be6e5a-5307-11e4-aaab-000b6a4d90f4
,,,,29bede4f-5307-11e4-aaab-000b6a4d90f4
,,,,29bf4e2c-5307-11e4-aaab-000b6a4d90f4
,,,,29bfbe88-5307-11e4-aaab-000b6a4d90f4
,,,,29c02f66-5307-11e4-aaab-000b6a4d90f4
,,,,29c0a194-5307-11e4-aaab-000b6a4d90f4
,,,,29c141ff-5307-11e4-aaab-000b6a4d90f4
,,,,29c20085-5307-11e4-aaab-000b6a4d90f4
,,,,29c30911-5307-11e4-aaab-000b6a4d90f4
,,,,29c37a2b-5307-11e4-aaab-000b6a4d90f4
,,,,29c3ebfc-5307-11e4-aaab-000b6a4d90f4
,,,,29c45c98-5307-11e4-aaab-000b6a4d90f4
,,,,29c4ccf9-5307-11e4-aaab-000b6a4d90f4
,,,,29c541ac-5307-11e4-aaab-000b6a4d90f4
,,,,29c5b299-5307-11e4-aaab-000b6a4d90f4
,,,,29c627f1-5307-11e4-aaab-000b6a4d90f4
,,,,29c6a4b2-5307-11e4-aaab-000b6a4d90f4
,,,,29c71596-5307-11e4-aaab-000b6a4d90f4
,,,,29c786eb-5307-11e4-aaab-000b6a4d90f4
,,,,29c7f879-5307-11e4-aaab-000b6a4d90f4
,,,,29c86a35-5307-11e4-aaab-000b6a4d90f4
,,,,29c8dadc-5307-11e4-aaab-000b6a4d90f4
,,,,29c94bd6-5307-11e4-aaab-000b6a4d90f4
,,,,29c9bdd5-5307-11e4-aaab-000b6a4d90f4
,,,,29ca2ec1-5307-11e4-aaab-000b6a4d90f4
,,,,29caa0d1-5307-11e4-aaab-000b6a4d90f4
,,,,29cb0fcf-5307-11e4-aaab-000b6a4d90f4
,,,,29cb8126-5307-11e4-aaab-000b6a4d90f4
,,,,29cbf28b-5307-11e4-aaab-000b6a4d90f4
,,,,29cc64b0-5307-11e4-aaab-000b6a4d90f4
,,,,29ccd64a-5307-11e4-aaab-000b6a4d90f4
,,,,29cd467c-5307-11e4-aaab-000b6a4d90f4
,,,,29cdb763-5307-11e4-aaab-000b6a4d90f4
,,,,29ce291b-5307-11e4-aaab-000b6a4d90f4
,,,,29ce9ac3-5307-11e4-aaab-000b6a4d90f4
,,,,29cf0cc5-5307-11e4-aaab-000b6a4d90f4
,,,,29cf7ca8-5307-11e4-aaab-000b6a4d90f4
,,,,29cfedb6-5307-11e4-aaab-000b6a4d90f4
,,,,29d05fec-5307-11e4-aaab-000b6a4d90f4
,,,,29d0d09e-5307-11e4-aaab-000b6a4d90f4
,,,,29d14203-5307-11e4-aaab-000b6a4d90f4
,,,,29d1b20b-5307-11e4-aaab-000b6a4d90f4
,,,,29d224c5-5307-11e4-aaab-000b6a4d90f4
,,,,29d29602-5307-11e4-aaab-000b6a4d90f4
,,,,29d307c6-5307-11e4-aaab-000b6a4d90f4
,,,,29d379b1-5307-11e4-aaab-000b6a4d90f4
,,,,29d3e997-5307-11e4-aaab-000b6a4d90f4
,,,,29d45ae8-5307-11e4-aaab-000b6a4d90f4
,,,,29d4cc50-5307-11e4-aaab-000b6a4d90f4
,,,,29d54072-5307-11e4-aaab-000b6a4d90f4
,,,,29d5b191-5307-11e4-aaab-000b6a4d90f4
,,,,29d62249-5307-11e4-aaab-000b6a4d90f4
,,,,29d693a2-5307-11e4-aaab-000b6a4d90f4
,,,,29d7042d-5307-11e4-aaab-000b6a4d90f4
,,,,29d775cf-5307-11e4-aaab-000b6a4d90f4
,,,,29d7e734-5307-11e4-aaab-000b6a4d90f4
,,,,29d857fd-5307-11e4-aaab-000b6a4d90f4
,,,,29d8c997-5307-11e4-aaab-000b6a4d90f4
,,,,29d93ad4-5307-11e4-aaab-000b6a4d90f4
,,,,29d9acde-5307-11e4-aaab-000b6a4d90f4
,,,,29da1da4-5307-11e4-aaab-000b6a4d90f4
,,,,29da8e3f-5307-11e4-aaab-000b6a4d90f4
,,,,29daffbd-5307-11e4-aaab-000b6a4d90f4
,,,,29db7412-5307-11e4-aaab-000b6a4d90f4
,,,,29dbe566-5307-11e4-aaab-000b6a4d90f4
,,,,29dc5522-5307-11e4-aaab-000b6a4d90f4
,,,,29dcc4db-5307-11e4-aaab-000b6a4d90f4
,,,,29dd35b4-5307-11e4-aaab-000b6a4d90f4
,,,,29dda97a-5307-11e4-aaab-000b6a4d90f4
,,,,29de1a51-5307-11e4-aaab-000b6a4d90f4
,,,,29de8cd5-5307-11e4-aaab-000b6a4d90f4
,,,,29defd0f-5307-11e4-aaab-000b6a4d90f4
,,,,29df6ebf-5307-11e4-aaab-000b6a4d90f4
,,,,29dfe00e-5307-11e4-aaab-000b6a4d90f4
,,,,29e05119-5307-11e4-aaab-000b6a4d90f4
,,,,29e0c1b2-5307-11e4-aaab-000b6a4d90f4
,,,,29e1322f-5307-11e4-aaab-000b6a4d90f4
,,,,29e1a391-5307-11e4-aaab-000b6a4d90f4
,,,,29e214c9-5307-11e4-aaab-000b6a4d90f4
,,,,29e2858f-5307-11e4-aaab-000b6a4d90f4
,,,,29e2f4ef-5307-11e4-aaab-000b6a4d90f4
,,,,29e365c0-5307-11e4-aaab-000b6a4d90f4
,,,,29e3d975-5307-11e4-aaab-000b6a4d90f4
,,,,29e44a80-5307-11e4-aaab-000b6a4d90f4
,,,,29e4be51-5307-11e4-aaab-000b6a4d90f4
,,,,29e52e96-5307-11e4-aaab-000b6a4d90f4
,,,,29e59f43-5307-11e4-aaab-000b6a4d90f4
,,,,29e61091-5307-11e4-aaab-000b6a4d90f4
,,,,29e681cf-5307-11e4-aaab-000b6a4d90f4
,,,,29e6f2da-5307-11e4-aaab-000b6a4d90f4
,,,,29e76339-5307-11e4-aaab-000b6a4d90f4
,,,,29e7d43e-5307-11e4-aaab-000b6a4d90f4
,,,,29e8449a-5307-11e4-aaab-000b6a4d90f4
,,,,29e8b59d-5307-11e4-aaab-000b6a4d90f4
,,,,29e92611-5307-11e4-aaab-000b6a4d90f4
,,,,29e995e4-5307-11e4-aaab-000b6a4d90f4
,,,,29ea07c9-5307-11e4-aaab-000b6a4d90f4
,,,,29ea7a35-5307-11e4-aaab-000b6a4d90f4
,,,,29eaeb24-5307-11e4-aaab-000b6a4d90f4
,,,,29eb5b80-5307-11e4-aaab-000b6a4d90f4
,,,,29ebcbbc-5307-11e4-aaab-000b6a4d90f4
,,,,29ec3cd6-5307-11e4-aaab-000b6a4d90f4
,,,,29ecada4-5307-11e4-aaab-000b6a4d90f4
,,,,29ed1f4c-5307-11e4-aaab-000b6a4d90f4
,,,,29ed9038-5307-11e4-aaab-000b6a4d90f4
,,,,29ee0086-5307-11e4-aaab-000b6a4d90f4
,,,,29ee71ed-5307-11e4-aaab-000b6a4d90f4
,,,,29eee331-5307-11e4-aaab-000b6a4d90f4
,,,,29ef53e3-5307-11e4-aaab-000b6a4d90f4
,,,,29efc545-5307-11e4-aaab-000b6a4d90f4
,,,,29f034e5-5307-11e4-aaab-000b6a4d90f4
,,,,29f0a7b8-5307-11e4-aaab-000b6a4d90f4
,,,,29f11886-5307-11e4-aaab-000b6a4d90f4
,,,,29f18a81-5307-11e4-aaab-000b6a4d90f4
,,,,29f1fbfa-5307-11e4-aaab-000b6a4d90f4
,,,,29f26be6-5307-11e4-aaab-000b6a4d90f4
,,,,29f2dd82-5307-11e4-aaab-000b6a4d90f4
,,,,29f34f27-5307-11e4-aaab-000b6a4d90f4
,,,,29f3c177-5307-11e4-aaab-000b6a4d90f4
,,,,29f4335f-5307-11e4-aaab-000b6a4d90f4
,,,,29f4a334-5307-11e4-aaab-000b6a4d90f4
,,,,29f51494-5307-11e4-aaab-000b6a4d90f4
,,,,29f5851e-5307-11e4-aaab-000b6a4d90f4
,,,,29f5f600-5307-11e4-aaab-000b6a4d90f4
,,,,29f6672a-5307-11e4-aaab-000b6a4d90f4
,,,,29f6d83b-5307-11e4-aaab-000b6a4d90f4
,,,,29f7497e-5307-11e4-aaab-000b6a4d90f4
,,,,29f7b9eb-5307-11e4-aaab-000b6a4d90f4
,,,,29f82b07-5307-11e4-aaab-000b6a4d90f4
,,,,29f89bca-5307-11e4-aaab-000b6a4d90f4
,,,,29f90c25-5307-11e4-aaab-000b6a4d90f4
,,,,29f97cdd-5307-11e4-aaab-000b6a4d90f4
,,,,29f9edfc-5307-11e4-aaab-000b6a4d90f4
,,,,29fa5f23-5307-11e4-aaab-000b6a4d90f4
,,,,29fad015-5307-11e4-aaab-000b6a4d90f4
,,,,29fb40ca-5307-11e4-aaab-000b6a4d90f4
,,,,29fbb13c-5307-11e4-aaab-000b6a4d90f4
,,,,29fc2242-5307-11e4-aaab-000b6a4d90f4
,,,,29fc9358-5307-11e4-aaab-000b6a4d90f4
,,,,29fd04e2-5307-11e4-aaab-000b6a4d90f4
,,,,29fd753d-5307-11e4-aaab-000b6a4d90f4
,,,,29fde640-5307-11e4-aaab-000b6a4d90f4
,,,,29fe5874-5307-11e4-aaab-000b6a4d90f4
,,,,29fec944-5307-11e4-aaab-000b6a4d90f4
,,,,29ff39b9-5307-11e4-aaab-000b6a4d90f4
,,,,29ffaa47-5307-11e4-aaab-000b6a4d90f4
,,,,2a001b04-5307-11e4-aaab-000b6a4d90f4
,,,,2a008b9a-5307-11e4-aaab-000b6a4d90f4
,,,,2a00fccf-5307-11e4-aaab-000b6a4d90f4
,,,,2a016cc3-5307-11e4-aaab-000b6a4d90f4
,,,,2a01ddda-5307-11e4-aaab-000b6a4d90f4
,,,,2a024f04-5307-11e4-aaab-000b6a4d90f4
,,,,2a02c00a-5307-11e4-aaab-000b6a4d90f4
,,,,2a038e52-5307-11e4-aaab-000b6a4d90f4
,,,,2a03fe95-5307-11e4-aaab-000b6a4d90f4
,,,,2a0482bc-5307-11e4-aaab-000b6a4d90f4
,,,,2a052170-5307-11e4-aaab-000b6a4d90f4
,,,,2a05922a-5307-11e4-aaab-000b6a4d90f4
,,,,2a06021e-5307-11e4-aaab-000b6a4d90f4
,,,,2a06732a-5307-11e4-aaab-000b6a4d90f4
,,,,2a06e4f3-5307-11e4-aaab-000b6a4d90f4
,,,,2a0755dd-5307-11e4-aaab-000b6a4d90f4
,,,,2a07c718-5307-11e4-aaab-000b6a4d90f4
,,,,2a083ae9-5307-11e4-aaab-000b6a4d90f4
,,,,2a08ac8e-5307-11e4-aaab-000b6a4d90f4
,,,,2a091de8-5307-11e4-aaab-000b6a4d90f4
,,,,2a099083-5307-11e4-aaab-000b6a4d90f4
,,,,2a0a1366-5307-11e4-aaab-000b6a4d90f4
,,,,2a0a8469-5307-11e4-aaab-000b6a4d90f4
,,,,2a0af5f8-5307-11e4-aaab-000b6a4d90f4
,,,,2a0b67bb-5307-11e4-aaab-000b6a4d90f4
,,,,2a0be1db-5307-11e4-aaab-000b6a4d90f4
,,,,2a0c5310-5307-11e4-aaab-000b6a4d90f4
,,,,2a0cc43b-5307-11e4-aaab-000b6a4d90f4
,,,,2a0d3628-5307-11e4-aaab-000b6a4d90f4
,,,,2a0da78d-5307-11e4-aaab-000b6a4d90f4
,,,,2a0e18d3-5307-11e4-aaab-000b6a4d90f4
,,,,2a0e89cb-5307-11e4-aaab-000b6a4d90f4
,,,,2a0efa83-5307-11e4-aaab-000b6a4d90f4
,,,,2a0f6d0d-5307-11e4-aaab-000b6a4d90f4
,,,,2a0fdf4e-5307-11e4-aaab-000b6a4d90f4
,,,,2a105147-5307-11e4-aaab-000b6a4d90f4
,,,,2a10c184-5307-11e4-aaab-000b6a4d90f4
,,,,2a113337-5307-11e4-aaab-000b6a4d90f4
,,,,2a11a4a4-5307-11e4-aaab-000b6a4d90f4
,,,,2a1215d1-5307-11e4-aaab-000b6a4d90f4
,,,,2a128a42-5307-11e4-aaab-000b6a4d90f4
,,,,2a12fb4d-5307-11e4-aaab-000b6a4d90f4
,,,,2a136cfd-5307-11e4-aaab-000b6a4d90f4
,,,,2a13df5b-5307-11e4-aaab-000b6a4d90f4
,,,,2a14511e-5307-11e4-aaab-000b6a4d90f4
,,,,2a14d851-5307-11e4-aaab-000b6a4d90f4
,,,,2a1548af-5307-11e4-aaab-000b6a4d90f4
,,,,2a15baf9-5307-11e4-aaab-000b6a4d90f4
,,,,2a162c34-5307-11e4-aaab-000b6a4d90f4
,,,,2a169e76-5307-11e4-aaab-000b6a4d90f4
,,,,2a170fa8-5307-11e4-aaab-000b6a4d90f4
,,,,2a1794e7-5307-11e4-aaab-000b6a4d90f4
,,,,2a1821a4-5307-11e4-aaab-000b6a4d90f4
,,,,2a189392-5307-11e4-aaab-000b6a4d90f4
,,,,2a19059c-5307-11e4-aaab-000b6a4d90f4
,,,,2a19756b-5307-11e4-aaab-000b6a4d90f4
,,,,2a19e6f2-5307-11e4-aaab-000b6a4d90f4
,,,,2a1a5816-5307-11e4-aaab-000b6a4d90f4
,,,,2a1aca04-5307-11e4-aaab-000b6a4d90f4
,,,,2a1b50f9-5307-11e4-aaab-000b6a4d90f4
,,,,2a1bc1bc-5307-11e4-aaab-000b6a4d90f4
,,,,2a1c3375-5307-11e4-aaab-000b6a4d90f4
,,,,2a1ca4b0-5307-11e4-aaab-000b6a4d90f4
,,,,2a1d15ea-5307-11e4-aaab-000b6a4d90f4
,,,,2a1d874f-5307-11e4-aaab-000b6a4d90f4
,,,,2a1e0c08-5307-11e4-aaab-000b6a4d90f4
,,,,2a1e7dd1-5307-11e4-aaab-000b6a4d90f4
,,,,2a1effe3-5307-11e4-aaab-000b6a4d90f4
,,,,2a1f714d-5307-11e4-aaab-000b6a4d90f4
,,,,2a1fe1d2-5307-11e4-aaab-000b6a4d90f4
,,,,2a2052d5-5307-11e4-aaab-000b6a4d90f4
,,,,2a20c4ea-5307-11e4-aaab-000b6a4d90f4
,,,,2a213614-5307-11e4-aaab-000b6a4d90f4
,,,,2a21a747-5307-11e4-aaab-000b6a4d90f4
,,,,2a221b8b-5307-11e4-aaab-000b6a4d90f4
,,,,2a228bf1-5307-11e4-aaab-000b6a4d90f4
,,,,2a22fdb2-5307-11e4-aaab-000b6a4d90f4
,,,,2a23833f-5307-11e4-aaab-000b6a4d90f4
,,,,2a23f4e4-5307-11e4-aaab-000b6a4d90f4
,,,,2a2465f5-5307-11e4-aaab-000b6a4d90f4
,,,,2a24d703-5307-11e4-aaab-000b6a4d90f4
,,,,2a254870-5307-11e4-aaab-000b6a4d90f4
,,,,2a25e121-5307-11e4-aaab-000b6a4d90f4
,,,,2a2652b0-5307-11e4-aaab-000b6a4d90f4
,,,,2a26c303-5307-11e4-aaab-000b6a4d90f4
,,,,2a27345a-5307-11e4-aaab-000b6a4d90f4
,,,,2a27b1ec-5307-11e4-aaab-000b6a4d90f4
,,,,2a2824de-5307-11e4-aaab-000b6a4d90f4
,,,,2a28958a-5307-11e4-aaab-000b6a4d90f4
,,,,2a2906ef-5307-11e4-aaab-000b6a4d90f4
,,,,2a297824-5307-11e4-aaab-000b6a4d90f4
,,,,2a29ea7c-5307-11e4-aaab-000b6a4d90f4
,,,,2a2a5e34-5307-11e4-aaab-000b6a4d90f4
,,,,2a2aceb7-5307-11e4-aaab-000b6a4d90f4
,,,,2a2b3fac-5307-11e4-aaab-000b6a4d90f4
,,,,2a2bb189-5307-11e4-aaab-000b6a4d90f4
,,,,2a2c22fc-5307-11e4-aaab-000b6a4d90f4
,,,,2a2c94f7-5307-11e4-aaab-000b6a4d90f4
,,,,2a2d060e-5307-11e4-aaab-000b6a4d90f4
,,,,2a2d770e-5307-11e4-aaab-000b6a4d90f4
,,,,2a2de803-5307-11e4-aaab-000b6a4d90f4
,,,,2a2e5da4-5307-11e4-aaab-000b6a4d90f4
,,,,2a2ecf1c-5307-11e4-aaab-000b6a4d90f4
,,,,2a2f3fa7-5307-11e4-aaab-000b6a4d90f4
,,,,2a2fb17c-5307-11e4-aaab-000b6a4d90f4
,,,,2a30226b-5307-11e4-aaab-000b6a4d90f4
,,,,2a309413-5307-11e4-aaab-000b6a4d90f4
,,,,2a310928-5307-11e4-aaab-000b6a4d90f4
,,,,2a3179ae-5307-11e4-aaab-000b6a4d90f4
,,,,2a31ec08-5307-11e4-aaab-000b6a4d90f4
,,,,2a325d4c-5307-11e4-aaab-000b6a4d90f4
,,,,2a32cd5e-5307-11e4-aaab-000b6a4d90f4
,,,,2a333f3b-5307-11e4-aaab-000b6a4d90f4
,,,,2a33af7b-5307-11e4-aaab-000b6a4d90f4
,,,,2a3422ad-5307-11e4-aaab-000b6a4d90f4
,,,,2a3494b1-5307-11e4-aaab-000b6a4d90f4
,,,,2a350595-5307-11e4-aaab-000b6a4d90f4
,,,,2a357a1c-5307-11e4-aaab-000b6a4d90f4
,,,,2a35ebed-5307-11e4-aaab-000b6a4d90f4
,,,,2a365dcd-5307-11e4-aaab-000b6a4d90f4
,,,,2a36cf72-5307-11e4-aaab-000b6a4d90f4
,,,,2a374242-5307-11e4-aaab-000b6a4d90f4
,,,,2a37b41f-5307-11e4-aaab-000b6a4d90f4
,,,,2a38247b-5307-11e4-aaab-000b6a4d90f4
,,,,2a38964f-5307-11e4-aaab-000b6a4d90f4
,,,,2a3908c3-5307-11e4-aaab-000b6a4d90f4
,,,,2a397aa8-5307-11e4-aaab-000b6a4d90f4
,,,,2a39f6c5-5307-11e4-aaab-000b6a4d90f4
,,,,2a3a68bb-5307-11e4-aaab-000b6a4d90f4
,,,,2a3ada6e-5307-11e4-aaab-000b6a4d90f4
,,,,2a3b4c53-5307-11e4-aaab-000b6a4d90f4
,,,,2a3bbd67-5307-11e4-aaab-000b6a4d90f4
,,,,2a3c2f09-5307-11e4-aaab-000b6a4d90f4
,,,,2a3ca06b-5307-11e4-aaab-000b6a4d90f4
,,,,2a3d1216-5307-11e4-aaab-000b6a4d90f4
,,,,2a3d8404-5307-11e4-aaab-000b6a4d90f4
,,,,2a3df4e0-5307-11e4-aaab-000b6a4d90f4
,,,,2a3e6618-5307-11e4-aaab-000b6a4d90f4
,,,,2a3ed70d-5307-11e4-aaab-000b6a4d90f4
,,,,2a3f493e-5307-11e4-aaab-000b6a4d90f4
,,,,2a3fbb93-5307-11e4-aaab-000b6a4d90f4
,,,,2a402d48-5307-11e4-aaab-000b6a4d90f4
,,,,2a40a1cf-5307-11e4-aaab-000b6a4d90f4
,,,,2a411337-5307-11e4-aaab-000b6a4d90f4
,,,,2a41850b-5307-11e4-aaab-000b6a4d90f4
,,,,2a41f787-5307-11e4-aaab-000b6a4d90f4
,,,,2a426951-5307-11e4-aaab-000b6a4d90f4
,,,,2a42d9d9-5307-11e4-aaab-000b6a4d90f4
,,,,2a434b46-5307-11e4-aaab-000b6a4d90f4
,,,,2a43bd8d-5307-11e4-aaab-000b6a4d90f4
,,,,2a442feb-5307-11e4-aaab-000b6a4d90f4
,,,,2a44a1a3-5307-11e4-aaab-000b6a4d90f4
,,,,2a4512ba-5307-11e4-aaab-000b6a4d90f4
,,,,2a458507-5307-11e4-aaab-000b6a4d90f4
,,,,2a45f6d9-5307-11e4-aaab-000b6a4d90f4
,,,,2a466a56-5307-11e4-aaab-000b6a4d90f4
,,,,2a46dbe2-5307-11e4-aaab-000b6a4d90f4
,,,,2a474cea-5307-11e4-aaab-000b6a4d90f4
,,,,2a47bf29-5307-11e4-aaab-000b6a4d90f4
,,,,2a482ff7-5307-11e4-aaab-000b6a4d90f4
,,,,2a48afdf-5307-11e4-aaab-000b6a4d90f4
,,,,2a4921f1-5307-11e4-aaab-000b6a4d90f4
,,,,2a4992d3-5307-11e4-aaab-000b6a4d90f4
,,,,2a4a053c-5307-11e4-aaab-000b6a4d90f4
,,,,2a4a774b-5307-11e4-aaab-000b6a4d90f4
,,,,2a4afc5d-5307-11e4-aaab-000b6a4d90f4
,,,,2a4b6ea7-5307-11e4-aaab-000b6a4d90f4
,,,,2a4be1a9-5307-11e4-aaab-000b6a4d90f4
,,,,2a4c5404-5307-11e4-aaab-000b6a4d90f4
,,,,2a4cc6c3-5307-11e4-aaab-000b6a4d90f4
,,,,2a4d4500-5307-11e4-aaab-000b6a4d90f4
,,,,2a4db60e-5307-11e4-aaab-000b6a4d90f4
,,,,2a4e2667-5307-11e4-aaab-000b6a4d90f4
,,,,2a4e97e5-5307-11e4-aaab-000b6a4d90f4
,,,,2a4f0a72-5307-11e4-aaab-000b6a4d90f4
,,,,2a4f9164-5307-11e4-aaab-000b6a4d90f4
,,,,2a50020d-5307-11e4-aaab-000b6a4d90f4
,,,,2a507476-5307-11e4-aaab-000b6a4d90f4
,,,,2a50e5bf-5307-11e4-aaab-000b6a4d90f4
,,,,2a517210-5307-11e4-aaab-000b6a4d90f4
,,,,2a51e414-5307-11e4-aaab-000b6a4d90f4
,,,,2a5255a0-5307-11e4-aaab-000b6a4d90f4
,,,,2a52c8dd-5307-11e4-aaab-000b6a4d90f4
,,,,2a533b24-5307-11e4-aaab-000b6a4d90f4
,,,,2a53ad22-5307-11e4-aaab-000b6a4d90f4
,,,,2a541f53-5307-11e4-aaab-000b6a4d90f4
,,,,2a54930e-5307-11e4-aaab-000b6a4d90f4
,,,,2a55040e-5307-11e4-aaab-000b6a4d90f4
,,,,2a55760a-5307-11e4-aaab-000b6a4d90f4
,,,,2a55fd69-5307-11e4-aaab-000b6a4d90f4
,,,,2a5680c4-5307-11e4-aaab-000b6a4d90f4
,,,,2a56f299-5307-11e4-aaab-000b6a4d90f4
,,,,2a57641f-5307-11e4-aaab-000b6a4d90f4
,,,,2a57d642-5307-11e4-aaab-000b6a4d90f4
,,,,2a584806-5307-11e4-aaab-000b6a4d90f4
,,,,2a58ba04-5307-11e4-aaab-000b6a4d90f4
,,,,2a592c11-5307-11e4-aaab-000b6a4d90f4
,,,,2a599e9e-5307-11e4-aaab-000b6a4d90f4
,,,,2a5a0f98-5307-11e4-aaab-000b6a4d90f4
,,,,2a5a8ea4-5307-11e4-aaab-000b6a4d90f4
,,,,2a5b8a55-5307-11e4-aaab-000b6a4d90f4
,,,,2a5ca9a7-5307-11e4-aaab-000b6a4d90f4
,,,,2a5e0e07-5307-11e4-aaab-000b6a4d90f4
,,,,2a5ec98d-5307-11e4-aaab-000b6a4d90f4
,,,,2a5f3fac-5307-11e4-aaab-000b6a4d90f4
,,,,2a5fb3fd-5307-11e4-aaab-000b6a4d90f4
,,,,2a6033ff-5307-11e4-aaab-000b6a4d90f4
,,,,2a60a75d-5307-11e4-aaab-000b6a4d90f4
,,,,2a611aa0-5307-11e4-aaab-000b6a4d90f4
,,,,2a618c8b-5307-11e4-aaab-000b6a4d90f4
,,,,2a61fea8-5307-11e4-aaab-000b6a4d90f4
,,,,2a62719c-5307-11e4-aaab-000b6a4d90f4
,,,,2a62e524-5307-11e4-aaab-000b6a4d90f4
,,,,2a635827-5307-11e4-aaab-000b6a4d90f4
,,,,2a63c9ed-5307-11e4-aaab-000b6a4d90f4
,,,,2a643d62-5307-11e4-aaab-000b6a4d90f4
,,,,2a64b06a-5307-11e4-aaab-000b6a4d90f4
,,,,2a652b4b-5307-11e4-aaab-000b6a4d90f4
,,,,2a659f08-5307-11e4-aaab-000b6a4d90f4
,,,,2a6610ed-5307-11e4-aaab-000b6a4d90f4
,,,,2a6683c6-5307-11e4-aaab-000b6a4d90f4
,,,,2a66f674-5307-11e4-aaab-000b6a4d90f4
,,,,2a676901-5307-11e4-aaab-000b6a4d90f4
,,,,2a67db91-5307-11e4-aaab-000b6a4d90f4
,,,,2a684ce8-5307-11e4-aaab-000b6a4d90f4
,,,,2a68bf96-5307-11e4-aaab-000b6a4d90f4
,,,,2a693274-5307-11e4-aaab-000b6a4d90f4
,,,,2a69a53c-5307-11e4-aaab-000b6a4d90f4
,,,,2a6a16f2-5307-11e4-aaab-000b6a4d90f4
,,,,2a6a8968-5307-11e4-aaab-000b6a4d90f4
,,,,2a6afb94-5307-11e4-aaab-000b6a4d90f4
,,,,2a6b6fe8-5307-11e4-aaab-000b6a4d90f4
,,,,2a6be2b5-5307-11e4-aaab-000b6a4d90f4
,,,,2a6c54b1-5307-11e4-aaab-000b6a4d90f4
,,,,2a6cc6ed-5307-11e4-aaab-000b6a4d90f4
,,,,2a6d3966-5307-11e4-aaab-000b6a4d90f4
,,,,2a6dac44-5307-11e4-aaab-000b6a4d90f4
,,,,2a6e20cb-5307-11e4-aaab-000b6a4d90f4
,,,,2a6e922f-5307-11e4-aaab-000b6a4d90f4
,,,,2a6f04e6-5307-11e4-aaab-000b6a4d90f4
,,,,2a6f7792-5307-11e4-aaab-000b6a4d90f4
,,,,2a6feacc-5307-11e4-aaab-000b6a4d90f4
,,,,2a705d59-5307-11e4-aaab-000b6a4d90f4
,,,,2a70cdea-5307-11e4-aaab-000b6a4d90f4
,,,,2a714244-5307-11e4-aaab-000b6a4d90f4
,,,,2a71b514-5307-11e4-aaab-000b6a4d90f4
,,,,2a7227b7-5307-11e4-aaab-000b6a4d90f4
,,,,2a729a2b-5307-11e4-aaab-000b6a4d90f4
,,,,2a730bc5-5307-11e4-aaab-000b6a4d90f4
,,,,2a737e9d-5307-11e4-aaab-000b6a4d90f4
,,,,2a73f06c-5307-11e4-aaab-000b6a4d90f4
,,,,2a7462d2-5307-11e4-aaab-000b6a4d90f4
,,,,2a74d597-5307-11e4-aaab-000b6a4d90f4
,,,,2a755359-5307-11e4-aaab-000b6a4d90f4
,,,,2a75c5ae-5307-11e4-aaab-000b6a4d90f4
,,,,2a763904-5307-11e4-aaab-000b6a4d90f4
,,,,2a76ab29-5307-11e4-aaab-000b6a4d90f4
,,,,2a771da0-5307-11e4-aaab-000b6a4d90f4
,,,,2a7790eb-5307-11e4-aaab-000b6a4d90f4
,,,,2a7803f6-5307-11e4-aaab-000b6a4d90f4
,,,,2a78771c-5307-11e4-aaab-000b6a4d90f4
,,,,2a78e9a6-5307-11e4-aaab-000b6a4d90f4
,,,,2a795bc4-5307-11e4-aaab-000b6a4d90f4
,,,,2a79ce80-5307-11e4-aaab-000b6a4d90f4
,,,,2a7a4196-5307-11e4-aaab-000b6a4d90f4
,,,,2a7ab3da-5307-11e4-aaab-000b6a4d90f4
,,,,2a7b25fd-5307-11e4-aaab-000b6a4d90f4
,,,,2a7b9ab9-5307-11e4-aaab-000b6a4d90f4
,,,,2a7c0d4e-5307-11e4-aaab-000b6a4d90f4
,,,,2a7c8099-5307-11e4-aaab-000b6a4d90f4
,,,,2a7cf287-5307-11e4-aaab-000b6a4d90f4
,,,,2a7d67ad-5307-11e4-aaab-000b6a4d90f4
,,,,2a7dd946-5307-11e4-aaab-000b6a4d90f4
,,,,2a7e4bfb-5307-11e4-aaab-000b6a4d90f4
,,,,2a7ebe0a-5307-11e4-aaab-000b6a4d90f4
,,,,2a7f3cee-5307-11e4-aaab-000b6a4d90f4
,,,,2a7faf81-5307-11e4-aaab-000b6a4d90f4
,,,,2a802134-5307-11e4-aaab-000b6a4d90f4
,,,,2a809d8b-5307-11e4-aaab-000b6a4d90f4
,,,,2a811023-5307-11e4-aaab-000b6a4d90f4
,,,,2a818360-5307-11e4-aaab-000b6a4d90f4
,,,,2a81f548-5307-11e4-aaab-000b6a4d90f4
,,,,2a82675a-5307-11e4-aaab-000b6a4d90f4
,,,,2a82d9fb-5307-11e4-aaab-000b6a4d90f4
,,,,2a834c5b-5307-11e4-aaab-000b6a4d90f4
,,,,2a83bfb4-5307-11e4-aaab-000b6a4d90f4
,,,,2a84318e-5307-11e4-aaab-000b6a4d90f4
,,,,2a84a3ff-5307-11e4-aaab-000b6a4d90f4
,,,,2a851733-5307-11e4-aaab-000b6a4d90f4
,,,,2a858997-5307-11e4-aaab-000b6a4d90f4
,,,,2a85fc3f-5307-11e4-aaab-000b6a4d90f4
,,,,2a868143-5307-11e4-aaab-000b6a4d90f4
,,,,2a86f38d-5307-11e4-aaab-000b6a4d90f4
,,,,2a8766cd-5307-11e4-aaab-000b6a4d90f4
,,,,2a87d95a-5307-11e4-aaab-000b6a4d90f4
,,,,2a884bc8-5307-11e4-aaab-000b6a4d90f4
,,,,2a88bd25-5307-11e4-aaab-000b6a4d90f4
,,,,2a89306f-5307-11e4-aaab-000b6a4d90f4
,,,,2a89a462-5307-11e4-aaab-000b6a4d90f4
,,,,2a8a16e7-5307-11e4-aaab-000b6a4d90f4
,,,,2a8a8923-5307-11e4-aaab-000b6a4d90f4
,,,,2a8afa7c-5307-11e4-aaab-000b6a4d90f4
,,,,2a8b6d7c-5307-11e4-aaab-000b6a4d90f4
,,,,2a8bdfd4-5307-11e4-aaab-000b6a4d90f4
,,,,2a8c5202-5307-11e4-aaab-000b6a4d90f4
,,,,2a8cc6d1-5307-11e4-aaab-000b6a4d90f4
,,,,2a8d3806-5307-11e4-aaab-000b6a4d90f4
,,,,2a8daa4d-5307-11e4-aaab-000b6a4d90f4
,,,,2a8e1dbc-5307-11e4-aaab-000b6a4d90f4
,,,,2a8e8fbe-5307-11e4-aaab-000b6a4d90f4
,,,,2a8f02b8-5307-11e4-aaab-000b6a4d90f4
,,,,2a8f7438-5307-11e4-aaab-000b6a4d90f4
,,,,2a8fe882-5307-11e4-aaab-000b6a4d90f4
,,,,2a905b6b-5307-11e4-aaab-000b6a4d90f4
,,,,2a90cd0a-5307-11e4-aaab-000b6a4d90f4
,,,,2a914050-5307-11e4-aaab-000b6a4d90f4
,,,,2a91b1f2-5307-11e4-aaab-000b6a4d90f4
,,,,2a922731-5307-11e4-aaab-000b6a4d90f4
,,,,2a9299ed-5307-11e4-aaab-000b6a4d90f4
,,,,2a930c53-5307-11e4-aaab-000b6a4d90f4
,,,,2a937e65-5307-11e4-aaab-000b6a4d90f4
,,,,2a93f05e-5307-11e4-aaab-000b6a4d90f4
,,,,2a946301-5307-11e4-aaab-000b6a4d90f4
,,,,2a94d657-5307-11e4-aaab-000b6a4d90f4
,,,,2a95491c-5307-11e4-aaab-000b6a4d90f4
,,,,2a95bd1d-5307-11e4-aaab-000b6a4d90f4
,,,,2a962f32-5307-11e4-aaab-000b6a4d90f4
,,,,2a96a1f9-5307-11e4-aaab-000b6a4d90f4
,,,,2a971552-5307-11e4-aaab-000b6a4d90f4
,,,,2a9787c0-5307-11e4-aaab-000b6a4d90f4
,,,,2a97f901-5307-11e4-aaab-000b6a4d90f4
,,,,2a986bf5-5307-11e4-aaab-000b6a4d90f4
,,,,2a98eb20-5307-11e4-aaab-000b6a4d90f4
,,,,2a995ebe-5307-11e4-aaab-000b6a4d90f4
,,,,2a99e28f-5307-11e4-aaab-000b6a4d90f4
,,,,2a9a543f-5307-11e4-aaab-000b6a4d90f4
,,,,2a9ac774-5307-11e4-aaab-000b6a4d90f4
,,,,2a9b3a1a-5307-11e4-aaab-000b6a4d90f4
,,,,2a9bad06-5307-11e4-aaab-000b6a4d90f4
,,,,2a9cab44-5307-11e4-aaab-000b6a4d90f4
,,,,2a9dc202-5307-11e4-aaab-000b6a4d90f4
,,,,2a9e35e4-5307-11e4-aaab-000b6a4d90f4
,,,,2a9ea725-5307-11e4-aaab-000b6a4d90f4
,,,,2a9f1a27-5307-11e4-aaab-000b6a4d90f4
,,,,2a9f8cba-5307-11e4-aaab-000b6a4d90f4
,,,,2a9fff4c-5307-11e4-aaab-000b6a4d90f4
,,,,2aa07164-5307-11e4-aaab-000b6a4d90f4
,,,,2aa0e2fe-5307-11e4-aaab-000b6a4d90f4
,,,,2aa15638-5307-11e4-aaab-000b6a4d90f4
,,,,2aa1c871-5307-11e4-aaab-000b6a4d90f4
,,,,2aa23c96-5307-11e4-aaab-000b6a4d90f4
,,,,2aa2af33-5307-11e4-aaab-000b6a4d90f4
,,,,2aa32119-5307-11e4-aaab-000b6a4d90f4
,,,,2aa39379-5307-11e4-aaab-000b6a4d90f4
,,,,2aa4061f-5307-11e4-aaab-000b6a4d90f4
,,,,2aa47943-5307-11e4-aaab-000b6a4d90f4
,,,,2aa4f4e4-5307-11e4-aaab-000b6a4d90f4
,,,,2aa56718-5307-11e4-aaab-000b6a4d90f4
,,,,2aa5dae6-5307-11e4-aaab-000b6a4d90f4
,,,,2aa64d76-5307-11e4-aaab-000b6a4d90f4
,,,,2aa6c086-5307-11e4-aaab-000b6a4d90f4
,,,,2aa7325d-5307-11e4-aaab-000b6a4d90f4
,,,,2aa7b0cd-5307-11e4-aaab-000b6a4d90f4
,,,,2aa823fc-5307-11e4-aaab-000b6a4d90f4
,,,,2aa89837-5307-11e4-aaab-000b6a4d90f4
,,,,2aa90aab-5307-11e4-aaab-000b6a4d90f4
,,,,2aa97f9b-5307-11e4-aaab-000b6a4d90f4
,,,,2aa9f2ac-5307-11e4-aaab-000b6a4d90f4
,,,,2aaa6693-5307-11e4-aaab-000b6a4d90f4
,,,,2aaad8eb-5307-11e4-aaab-000b6a4d90f4
,,,,2aab4bad-5307-11e4-aaab-000b6a4d90f4
,,,,2aabbfda-5307-11e4-aaab-000b6a4d90f4
,,,,2aac32f8-5307-11e4-aaab-000b6a4d90f4
,,,,2aaca62a-5307-11e4-aaab-000b6a4d90f4
,,,,2aad1986-5307-11e4-aaab-000b6a4d90f4
,,,,2aad8be1-5307-11e4-aaab-000b6a4d90f4
,,,,2aadfd64-5307-11e4-aaab-000b6a4d90f4
,,,,2aae7215-5307-11e4-aaab-000b6a4d90f4
,,,,2aaee8cd-5307-11e4-aaab-000b6a4d90f4
,,,,2aaf5bb0-5307-11e4-aaab-000b6a4d90f4
,,,,2aafce3a-5307-11e4-aaab-000b6a4d90f4
,,,,2ab03fad-5307-11e4-aaab-000b6a4d90f4
,,,,2ab0b296-5307-11e4-aaab-000b6a4d90f4
,,,,2ab1253a-5307-11e4-aaab-000b6a4d90f4
,,,,2ab19801-5307-11e4-aaab-000b6a4d90f4
,,,,2ab21be8-5307-11e4-aaab-000b6a4d90f4
,,,,2ab28f41-5307-11e4-aaab-000b6a4d90f4
,,,,2ab30369-5307-11e4-aaab-000b6a4d90f4
,,,,2ab3754e-5307-11e4-aaab-000b6a4d90f4
,,,,2ab3fbd3-5307-11e4-aaab-000b6a4d90f4
,,,,2ab46d57-5307-11e4-aaab-000b6a4d90f4
,,,,2ab4e179-5307-11e4-aaab-000b6a4d90f4
,,,,2ab5545d-5307-11e4-aaab-000b6a4d90f4
,,,,2ab5c6f5-5307-11e4-aaab-000b6a4d90f4
,,,,2ab63a3d-5307-11e4-aaab-000b6a4d90f4
,,,,2ab6ab2c-5307-11e4-aaab-000b6a4d90f4
,,,,2ab71df7-5307-11e4-aaab-000b6a4d90f4
,,,,2ab7907b-5307-11e4-aaab-000b6a4d90f4
,,,,2ab80338-5307-11e4-aaab-000b6a4d90f4
,,,,2ab87587-5307-11e4-aaab-000b6a4d90f4
,,,,2ab8e72c-5307-11e4-aaab-000b6a4d90f4
,,,,2ab95d1e-5307-11e4-aaab-000b6a4d90f4
,,,,2ab9cfee-5307-11e4-aaab-000b6a4d90f4
,,,,2aba427b-5307-11e4-aaab-000b6a4d90f4
,,,,2abab8dd-5307-11e4-aaab-000b6a4d90f4
,,,,2abb2a2e-5307-11e4-aaab-000b6a4d90f4
,,,,2abb9d52-5307-11e4-aaab-000b6a4d90f4
,,,,2abc0fbd-5307-11e4-aaab-000b6a4d90f4
,,,,2abc82b1-5307-11e4-aaab-000b6a4d90f4
,,,,2abcf50c-5307-11e4-aaab-000b6a4d90f4
,,,,2abd670d-5307-11e4-aaab-000b6a4d90f4
,,,,2abdda34-5307-11e4-aaab-000b6a4d90f4
,,,,2abe4ca8-5307-11e4-aaab-000b6a4d90f4
,,,,2abebf75-5307-11e4-aaab-000b6a4d90f4
,,,,2abf3139-5307-11e4-aaab-000b6a4d90f4
,,,,2abfa372-5307-11e4-aaab-000b6a4d90f4
,,,,2ac0183e-5307-11e4-aaab-000b6a4d90f4
