group,Прочее,,,,1
Вода,0,1000,,b70673ea-5943-11e4-85bd-000b6a4d90f4
,,,,b708f7b2-5943-11e4-85bd-000b6a4d90f4
,,,,b7097997-5943-11e4-85bd-000b6a4d90f4
,,,,b709e786-5943-11e4-85bd-000b6a4d90f4
,,,,b70a8401-5943-11e4-85bd-000b6a4d90f4
,,,,b70af3f5-5943-11e4-85bd-000b6a4d90f4
,,,,b70bafc1-5943-11e4-85bd-000b6a4d90f4
,,,,b70c1db8-5943-11e4-85bd-000b6a4d90f4
,,,,b70c8dc0-5943-11e4-85bd-000b6a4d90f4
,,,,b70cfcb0-5943-11e4-85bd-000b6a4d90f4
,,,,b70d6c48-5943-11e4-85bd-000b6a4d90f4
,,,,b70ddba5-5943-11e4-85bd-000b6a4d90f4
,,,,b70e4962-5943-11e4-85bd-000b6a4d90f4
,,,,b70eb8ac-5943-11e4-85bd-000b6a4d90f4
,,,,b70f4184-5943-11e4-85bd-000b6a4d90f4
,,,,b7103669-5943-11e4-85bd-000b6a4d90f4
,,,,b711b53a-5943-11e4-85bd-000b6a4d90f4
,,,,b7123b0c-5943-11e4-85bd-000b6a4d90f4
,,,,b712a947-5943-11e4-85bd-000b6a4d90f4
,,,,b71377b7-5943-11e4-85bd-000b6a4d90f4
,,,,b71410c9-5943-11e4-85bd-000b6a4d90f4
,,,,b714808e-5943-11e4-85bd-000b6a4d90f4
,,,,b714ef43-5943-11e4-85bd-000b6a4d90f4
,,,,b71568be-5943-11e4-85bd-000b6a4d90f4
,,,,b716c971-5943-11e4-85bd-000b6a4d90f4
,,,,b71737f7-5943-11e4-85bd-000b6a4d90f4
,,,,b717a7a0-5943-11e4-85bd-000b6a4d90f4
,,,,b7184354-5943-11e4-85bd-000b6a4d90f4
,,,,b718f20a-5943-11e4-85bd-000b6a4d90f4
,,,,b71a947c-5943-11e4-85bd-000b6a4d90f4
,,,,b71b170c-5943-11e4-85bd-000b6a4d90f4
,,,,b71b85a5-5943-11e4-85bd-000b6a4d90f4
,,,,b71bf64c-5943-11e4-85bd-000b6a4d90f4
,,,,b71c6614-5943-11e4-85bd-000b6a4d90f4
,,,,b71cd696-5943-11e4-85bd-000b6a4d90f4
,,,,b71d68c3-5943-11e4-85bd-000b6a4d90f4
,,,,b71dd7e3-5943-11e4-85bd-000b6a4d90f4
,,,,b71e4711-5943-11e4-85bd-000b6a4d90f4
,,,,b71ec28b-5943-11e4-85bd-000b6a4d90f4
,,,,b71f3274-5943-11e4-85bd-000b6a4d90f4
,,,,b71fa0ff-5943-11e4-85bd-000b6a4d90f4
,,,,b72010d5-5943-11e4-85bd-000b6a4d90f4
,,,,b720809c-5943-11e4-85bd-000b6a4d90f4
,,,,b7217695-5943-11e4-85bd-000b6a4d90f4
,,,,b7222c2e-5943-11e4-85bd-000b6a4d90f4
,,,,b7236871-5943-11e4-85bd-000b6a4d90f4
,,,,b7240970-5943-11e4-85bd-000b6a4d90f4
,,,,b72478b4-5943-11e4-85bd-000b6a4d90f4
,,,,b724e891-5943-11e4-85bd-000b6a4d90f4
,,,,b7256a04-5943-11e4-85bd-000b6a4d90f4
,,,,b725eeff-5943-11e4-85bd-000b6a4d90f4
,,,,b7265ccd-5943-11e4-85bd-000b6a4d90f4
,,,,b726fa08-5943-11e4-85bd-000b6a4d90f4
,,,,b7276927-5943-11e4-85bd-000b6a4d90f4
,,,,b727d863-5943-11e4-85bd-000b6a4d90f4
,,,,b728774c-5943-11e4-85bd-000b6a4d90f4
,,,,b728e6dc-5943-11e4-85bd-000b6a4d90f4
,,,,b72972b4-5943-11e4-85bd-000b6a4d90f4
,,,,b729ee4d-5943-11e4-85bd-000b6a4d90f4
,,,,b72ae340-5943-11e4-85bd-000b6a4d90f4
,,,,b72c3827-5943-11e4-85bd-000b6a4d90f4
,,,,b72ca79a-5943-11e4-85bd-000b6a4d90f4
,,,,b72d1721-5943-11e4-85bd-000b6a4d90f4
,,,,b72d8676-5943-11e4-85bd-000b6a4d90f4
,,,,b72df646-5943-11e4-85bd-000b6a4d90f4
,,,,b72e9309-5943-11e4-85bd-000b6a4d90f4
,,,,b72f947a-5943-11e4-85bd-000b6a4d90f4
,,,,b7301605-5943-11e4-85bd-000b6a4d90f4
,,,,b73085c4-5943-11e4-85bd-000b6a4d90f4
,,,,b730f460-5943-11e4-85bd-000b6a4d90f4
,,,,b73162cd-5943-11e4-85bd-000b6a4d90f4
,,,,b731f177-5943-11e4-85bd-000b6a4d90f4
,,,,b732619d-5943-11e4-85bd-000b6a4d90f4
,,,,b732d02e-5943-11e4-85bd-000b6a4d90f4
,,,,b7333f27-5943-11e4-85bd-000b6a4d90f4
,,,,b733f88f-5943-11e4-85bd-000b6a4d90f4
,,,,b7353717-5943-11e4-85bd-000b6a4d90f4
,,,,b735e5e1-5943-11e4-85bd-000b6a4d90f4
,,,,b736b153-5943-11e4-85bd-000b6a4d90f4
,,,,b7377e36-5943-11e4-85bd-000b6a4d90f4
,,,,b73852a6-5943-11e4-85bd-000b6a4d90f4
,,,,b738f34e-5943-11e4-85bd-000b6a4d90f4
,,,,b739633f-5943-11e4-85bd-000b6a4d90f4
,,,,b73a557a-5943-11e4-85bd-000b6a4d90f4
,,,,b73adb79-5943-11e4-85bd-000b6a4d90f4
,,,,b73b4a8b-5943-11e4-85bd-000b6a4d90f4
,,,,b73bba85-5943-11e4-85bd-000b6a4d90f4
,,,,b73c28bc-5943-11e4-85bd-000b6a4d90f4
,,,,b73c9846-5943-11e4-85bd-000b6a4d90f4
,,,,b73e1609-5943-11e4-85bd-000b6a4d90f4
,,,,b73e858d-5943-11e4-85bd-000b6a4d90f4
,,,,b73ef424-5943-11e4-85bd-000b6a4d90f4
,,,,b73fbbf6-5943-11e4-85bd-000b6a4d90f4
,,,,b7402bcc-5943-11e4-85bd-000b6a4d90f4
,,,,b7409bea-5943-11e4-85bd-000b6a4d90f4
,,,,b74109f5-5943-11e4-85bd-000b6a4d90f4
,,,,b741796e-5943-11e4-85bd-000b6a4d90f4
,,,,b741e8bd-5943-11e4-85bd-000b6a4d90f4
,,,,b74257ff-5943-11e4-85bd-000b6a4d90f4
,,,,b742f47e-5943-11e4-85bd-000b6a4d90f4
,,,,b7436801-5943-11e4-85bd-000b6a4d90f4
,,,,b7441514-5943-11e4-85bd-000b6a4d90f4
,,,,b7448530-5943-11e4-85bd-000b6a4d90f4
,,,,b744f455-5943-11e4-85bd-000b6a4d90f4
,,,,b7458fc3-5943-11e4-85bd-000b6a4d90f4
,,,,b747a7c5-5943-11e4-85bd-000b6a4d90f4
,,,,b748bf98-5943-11e4-85bd-000b6a4d90f4
,,,,b7494d28-5943-11e4-85bd-000b6a4d90f4
,,,,b749c168-5943-11e4-85bd-000b6a4d90f4
,,,,b74a3523-5943-11e4-85bd-000b6a4d90f4
,,,,b74aa977-5943-11e4-85bd-000b6a4d90f4
,,,,b74b1c29-5943-11e4-85bd-000b6a4d90f4
,,,,b74b8ecf-5943-11e4-85bd-000b6a4d90f4
,,,,b74c023e-5943-11e4-85bd-000b6a4d90f4
,,,,b74cbf32-5943-11e4-85bd-000b6a4d90f4
,,,,b74d32ac-5943-11e4-85bd-000b6a4d90f4
,,,,b74de2fd-5943-11e4-85bd-000b6a4d90f4
,,,,b74e5975-5943-11e4-85bd-000b6a4d90f4
,,,,b74fcaa0-5943-11e4-85bd-000b6a4d90f4
,,,,b7509df3-5943-11e4-85bd-000b6a4d90f4
,,,,b7511239-5943-11e4-85bd-000b6a4d90f4
,,,,b751861e-5943-11e4-85bd-000b6a4d90f4
,,,,b751f817-5943-11e4-85bd-000b6a4d90f4
,,,,b7526c3b-5943-11e4-85bd-000b6a4d90f4
,,,,b752f2c9-5943-11e4-85bd-000b6a4d90f4
,,,,b7537b13-5943-11e4-85bd-000b6a4d90f4
,,,,b753efd7-5943-11e4-85bd-000b6a4d90f4
,,,,b754639a-5943-11e4-85bd-000b6a4d90f4
,,,,b754d78d-5943-11e4-85bd-000b6a4d90f4
,,,,b755ccde-5943-11e4-85bd-000b6a4d90f4
,,,,b7564391-5943-11e4-85bd-000b6a4d90f4
,,,,b756ca59-5943-11e4-85bd-000b6a4d90f4
,,,,b7573ef9-5943-11e4-85bd-000b6a4d90f4
,,,,b757b238-5943-11e4-85bd-000b6a4d90f4
,,,,b7591c27-5943-11e4-85bd-000b6a4d90f4
,,,,b7599073-5943-11e4-85bd-000b6a4d90f4
,,,,b75a0476-5943-11e4-85bd-000b6a4d90f4
,,,,b75a8d97-5943-11e4-85bd-000b6a4d90f4
,,,,b75b0157-5943-11e4-85bd-000b6a4d90f4
,,,,b75b87a5-5943-11e4-85bd-000b6a4d90f4
,,,,b75c045a-5943-11e4-85bd-000b6a4d90f4
,,,,b75c781b-5943-11e4-85bd-000b6a4d90f4
,,,,b75cead2-5943-11e4-85bd-000b6a4d90f4
,,,,b75d6af2-5943-11e4-85bd-000b6a4d90f4
,,,,b75ddee7-5943-11e4-85bd-000b6a4d90f4
,,,,b75e5413-5943-11e4-85bd-000b6a4d90f4
,,,,b75ec6f9-5943-11e4-85bd-000b6a4d90f4
,,,,b75f55f9-5943-11e4-85bd-000b6a4d90f4
,,,,b75fc971-5943-11e4-85bd-000b6a4d90f4
,,,,b7606aea-5943-11e4-85bd-000b6a4d90f4
,,,,b761c633-5943-11e4-85bd-000b6a4d90f4
,,,,b7627963-5943-11e4-85bd-000b6a4d90f4
,,,,b7630773-5943-11e4-85bd-000b6a4d90f4
,,,,b7637a4e-5943-11e4-85bd-000b6a4d90f4
,,,,b763eded-5943-11e4-85bd-000b6a4d90f4
,,,,b7646209-5943-11e4-85bd-000b6a4d90f4
,,,,b764d60f-5943-11e4-85bd-000b6a4d90f4
,,,,b7654aaf-5943-11e4-85bd-000b6a4d90f4
,,,,b765bdac-5943-11e4-85bd-000b6a4d90f4
,,,,b76631f8-5943-11e4-85bd-000b6a4d90f4
,,,,b766b1b6-5943-11e4-85bd-000b6a4d90f4
,,,,b7674625-5943-11e4-85bd-000b6a4d90f4
,,,,b767c67e-5943-11e4-85bd-000b6a4d90f4
,,,,b7683a1c-5943-11e4-85bd-000b6a4d90f4
,,,,b768c30b-5943-11e4-85bd-000b6a4d90f4
,,,,b7699ced-5943-11e4-85bd-000b6a4d90f4
,,,,b76b2e19-5943-11e4-85bd-000b6a4d90f4
,,,,b76beeda-5943-11e4-85bd-000b6a4d90f4
,,,,b76cb3db-5943-11e4-85bd-000b6a4d90f4
,,,,b76d39c7-5943-11e4-85bd-000b6a4d90f4
,,,,b76dd3b3-5943-11e4-85bd-000b6a4d90f4
,,,,b76e764a-5943-11e4-85bd-000b6a4d90f4
,,,,b76f1659-5943-11e4-85bd-000b6a4d90f4
,,,,b76f9f66-5943-11e4-85bd-000b6a4d90f4
,,,,b7702d97-5943-11e4-85bd-000b6a4d90f4
,,,,b770a027-5943-11e4-85bd-000b6a4d90f4
,,,,b7714761-5943-11e4-85bd-000b6a4d90f4
,,,,b771c84d-5943-11e4-85bd-000b6a4d90f4
,,,,b77361b9-5943-11e4-85bd-000b6a4d90f4
,,,,b773e582-5943-11e4-85bd-000b6a4d90f4
,,,,b7745985-5943-11e4-85bd-000b6a4d90f4
,,,,b774cc79-5943-11e4-85bd-000b6a4d90f4
,,,,b7754096-5943-11e4-85bd-000b6a4d90f4
,,,,b775b43a-5943-11e4-85bd-000b6a4d90f4
,,,,b77628d7-5943-11e4-85bd-000b6a4d90f4
,,,,b7769c46-5943-11e4-85bd-000b6a4d90f4
,,,,b7770ea9-5943-11e4-85bd-000b6a4d90f4
,,,,b7778420-5943-11e4-85bd-000b6a4d90f4
,,,,b778593a-5943-11e4-85bd-000b6a4d90f4
,,,,b778e0e5-5943-11e4-85bd-000b6a4d90f4
,,,,b779b983-5943-11e4-85bd-000b6a4d90f4
,,,,b77a3d86-5943-11e4-85bd-000b6a4d90f4
,,,,b77ab201-5943-11e4-85bd-000b6a4d90f4
,,,,b77c25a9-5943-11e4-85bd-000b6a4d90f4
,,,,b77caa08-5943-11e4-85bd-000b6a4d90f4
,,,,b77d1df7-5943-11e4-85bd-000b6a4d90f4
,,,,b77dca58-5943-11e4-85bd-000b6a4d90f4
,,,,b77e6e1f-5943-11e4-85bd-000b6a4d90f4
,,,,b77ee236-5943-11e4-85bd-000b6a4d90f4
,,,,b77f5628-5943-11e4-85bd-000b6a4d90f4
,,,,b77fca80-5943-11e4-85bd-000b6a4d90f4
,,,,b78049cc-5943-11e4-85bd-000b6a4d90f4
,,,,b780cef9-5943-11e4-85bd-000b6a4d90f4
,,,,b7814204-5943-11e4-85bd-000b6a4d90f4
,,,,b781c944-5943-11e4-85bd-000b6a4d90f4
,,,,b7823ce3-5943-11e4-85bd-000b6a4d90f4
,,,,b782b0e9-5943-11e4-85bd-000b6a4d90f4
,,,,b7832426-5943-11e4-85bd-000b6a4d90f4
,,,,b7840d79-5943-11e4-85bd-000b6a4d90f4
,,,,b784feeb-5943-11e4-85bd-000b6a4d90f4
,,,,b785730d-5943-11e4-85bd-000b6a4d90f4
,,,,b786044c-5943-11e4-85bd-000b6a4d90f4
,,,,b786784d-5943-11e4-85bd-000b6a4d90f4
,,,,b7873e93-5943-11e4-85bd-000b6a4d90f4
,,,,b787d97d-5943-11e4-85bd-000b6a4d90f4
,,,,b7884bc4-5943-11e4-85bd-000b6a4d90f4
,,,,b788bfc2-5943-11e4-85bd-000b6a4d90f4
,,,,b7893318-5943-11e4-85bd-000b6a4d90f4
,,,,b789a710-5943-11e4-85bd-000b6a4d90f4
,,,,b78a1bad-5943-11e4-85bd-000b6a4d90f4
,,,,b78a8df2-5943-11e4-85bd-000b6a4d90f4
,,,,b78b00c7-5943-11e4-85bd-000b6a4d90f4
,,,,b78b7463-5943-11e4-85bd-000b6a4d90f4
,,,,b78be882-5943-11e4-85bd-000b6a4d90f4
,,,,b78c5b52-5943-11e4-85bd-000b6a4d90f4
,,,,b78dc0db-5943-11e4-85bd-000b6a4d90f4
,,,,b78e353a-5943-11e4-85bd-000b6a4d90f4
,,,,b78ea824-5943-11e4-85bd-000b6a4d90f4
,,,,b78f1a5d-5943-11e4-85bd-000b6a4d90f4
,,,,b78f8e1d-5943-11e4-85bd-000b6a4d90f4
,,,,b7901276-5943-11e4-85bd-000b6a4d90f4
,,,,b7908601-5943-11e4-85bd-000b6a4d90f4
,,,,b790f827-5943-11e4-85bd-000b6a4d90f4
,,,,b7916ad3-5943-11e4-85bd-000b6a4d90f4
,,,,b791de66-5943-11e4-85bd-000b6a4d90f4
,,,,b79251bc-5943-11e4-85bd-000b6a4d90f4
,,,,b7932228-5943-11e4-85bd-000b6a4d90f4
,,,,b793a45e-5943-11e4-85bd-000b6a4d90f4
,,,,b7941886-5943-11e4-85bd-000b6a4d90f4
,,,,b7948b80-5943-11e4-85bd-000b6a4d90f4
,,,,b794ffce-5943-11e4-85bd-000b6a4d90f4
,,,,b796638d-5943-11e4-85bd-000b6a4d90f4
,,,,b796d808-5943-11e4-85bd-000b6a4d90f4
,,,,b7974bd9-5943-11e4-85bd-000b6a4d90f4
,,,,b797bdf6-5943-11e4-85bd-000b6a4d90f4
,,,,b798308f-5943-11e4-85bd-000b6a4d90f4
,,,,b798b632-5943-11e4-85bd-000b6a4d90f4
,,,,b7992aed-5943-11e4-85bd-000b6a4d90f4
,,,,b7999cde-5943-11e4-85bd-000b6a4d90f4
,,,,b79a9d4e-5943-11e4-85bd-000b6a4d90f4
,,,,b79b406d-5943-11e4-85bd-000b6a4d90f4
,,,,b79bb3b8-5943-11e4-85bd-000b6a4d90f4
,,,,b79c8f83-5943-11e4-85bd-000b6a4d90f4
,,,,b79d2edc-5943-11e4-85bd-000b6a4d90f4
,,,,b79da240-5943-11e4-85bd-000b6a4d90f4
,,,,b79e142e-5943-11e4-85bd-000b6a4d90f4
,,,,b79f81bc-5943-11e4-85bd-000b6a4d90f4
,,,,b79ff81a-5943-11e4-85bd-000b6a4d90f4
,,,,b7a06a8b-5943-11e4-85bd-000b6a4d90f4
,,,,b7a0ddb7-5943-11e4-85bd-000b6a4d90f4
,,,,b7a150e6-5943-11e4-85bd-000b6a4d90f4
,,,,b7a1c43d-5943-11e4-85bd-000b6a4d90f4
,,,,b7a24cf3-5943-11e4-85bd-000b6a4d90f4
,,,,b7a2bfa5-5943-11e4-85bd-000b6a4d90f4
,,,,b7a34f52-5943-11e4-85bd-000b6a4d90f4
,,,,b7a3ceef-5943-11e4-85bd-000b6a4d90f4
,,,,b7a44264-5943-11e4-85bd-000b6a4d90f4
,,,,b7a526d9-5943-11e4-85bd-000b6a4d90f4
,,,,b7a5ae43-5943-11e4-85bd-000b6a4d90f4
,,,,b7a621ad-5943-11e4-85bd-000b6a4d90f4
,,,,b7a6b2a4-5943-11e4-85bd-000b6a4d90f4
,,,,b7a7fd67-5943-11e4-85bd-000b6a4d90f4
,,,,b7a87226-5943-11e4-85bd-000b6a4d90f4
,,,,b7a8e584-5943-11e4-85bd-000b6a4d90f4
,,,,b7a96cff-5943-11e4-85bd-000b6a4d90f4
,,,,b7aa162d-5943-11e4-85bd-000b6a4d90f4
,,,,b7aa8a28-5943-11e4-85bd-000b6a4d90f4
,,,,b7abd0f6-5943-11e4-85bd-000b6a4d90f4
,,,,b7ac4bdf-5943-11e4-85bd-000b6a4d90f4
,,,,b7acbeef-5943-11e4-85bd-000b6a4d90f4
,,,,b7ad3250-5943-11e4-85bd-000b6a4d90f4
,,,,b7ada40e-5943-11e4-85bd-000b6a4d90f4
,,,,b7ae2193-5943-11e4-85bd-000b6a4d90f4
,,,,b7af61e8-5943-11e4-85bd-000b6a4d90f4
,,,,b7afe118-5943-11e4-85bd-000b6a4d90f4
,,,,b7b0f622-5943-11e4-85bd-000b6a4d90f4
,,,,b7b18e6e-5943-11e4-85bd-000b6a4d90f4
,,,,b7b2011a-5943-11e4-85bd-000b6a4d90f4
,,,,b7b27473-5943-11e4-85bd-000b6a4d90f4
,,,,b7b2ff61-5943-11e4-85bd-000b6a4d90f4
,,,,b7b3fef7-5943-11e4-85bd-000b6a4d90f4
,,,,b7b508d5-5943-11e4-85bd-000b6a4d90f4
,,,,b7b59cf0-5943-11e4-85bd-000b6a4d90f4
,,,,b7b63a85-5943-11e4-85bd-000b6a4d90f4
,,,,b7b6c3d0-5943-11e4-85bd-000b6a4d90f4
,,,,b7b7373f-5943-11e4-85bd-000b6a4d90f4
,,,,b7b7aab9-5943-11e4-85bd-000b6a4d90f4
,,,,b7b81db0-5943-11e4-85bd-000b6a4d90f4
,,,,b7b89064-5943-11e4-85bd-000b6a4d90f4
,,,,b7b903fe-5943-11e4-85bd-000b6a4d90f4
,,,,b7b9a1ab-5943-11e4-85bd-000b6a4d90f4
,,,,b7ba2db3-5943-11e4-85bd-000b6a4d90f4
,,,,b7bab4ae-5943-11e4-85bd-000b6a4d90f4
,,,,b7bb28e1-5943-11e4-85bd-000b6a4d90f4
,,,,b7bb9beb-5943-11e4-85bd-000b6a4d90f4
,,,,b7bc0e70-5943-11e4-85bd-000b6a4d90f4
,,,,b7bc8034-5943-11e4-85bd-000b6a4d90f4
,,,,b7bcf246-5943-11e4-85bd-000b6a4d90f4
,,,,b7bd6492-5943-11e4-85bd-000b6a4d90f4
,,,,b7bdd6e2-5943-11e4-85bd-000b6a4d90f4
,,,,b7be5979-5943-11e4-85bd-000b6a4d90f4
,,,,b7bf9b02-5943-11e4-85bd-000b6a4d90f4
,,,,b7c01dd1-5943-11e4-85bd-000b6a4d90f4
,,,,b7c0b15e-5943-11e4-85bd-000b6a4d90f4
,,,,b7c12407-5943-11e4-85bd-000b6a4d90f4
,,,,b7c1f8a6-5943-11e4-85bd-000b6a4d90f4
,,,,b7c26b4f-5943-11e4-85bd-000b6a4d90f4
,,,,b7c31ee4-5943-11e4-85bd-000b6a4d90f4
,,,,b7c3e4e1-5943-11e4-85bd-000b6a4d90f4
,,,,b7c49723-5943-11e4-85bd-000b6a4d90f4
,,,,b7c5252b-5943-11e4-85bd-000b6a4d90f4
,,,,b7c5b476-5943-11e4-85bd-000b6a4d90f4
,,,,b7c63f9f-5943-11e4-85bd-000b6a4d90f4
,,,,b7c6b29b-5943-11e4-85bd-000b6a4d90f4
,,,,b7c751b1-5943-11e4-85bd-000b6a4d90f4
,,,,b7c8d111-5943-11e4-85bd-000b6a4d90f4
,,,,b7c943e1-5943-11e4-85bd-000b6a4d90f4
,,,,b7c9ed7c-5943-11e4-85bd-000b6a4d90f4
,,,,b7caf029-5943-11e4-85bd-000b6a4d90f4
,,,,b7cb6317-5943-11e4-85bd-000b6a4d90f4
,,,,b7cc0d8c-5943-11e4-85bd-000b6a4d90f4
,,,,b7cc83ab-5943-11e4-85bd-000b6a4d90f4
,,,,b7cd1a94-5943-11e4-85bd-000b6a4d90f4
,,,,b7cda005-5943-11e4-85bd-000b6a4d90f4
,,,,b7ce11fe-5943-11e4-85bd-000b6a4d90f4
,,,,b7ce84ef-5943-11e4-85bd-000b6a4d90f4
,,,,b7cef7b7-5943-11e4-85bd-000b6a4d90f4
,,,,b7cf6a87-5943-11e4-85bd-000b6a4d90f4
,,,,b7cfdd62-5943-11e4-85bd-000b6a4d90f4
,,,,b7d0ac01-5943-11e4-85bd-000b6a4d90f4
,,,,b7d1203f-5943-11e4-85bd-000b6a4d90f4
,,,,b7d1c8bd-5943-11e4-85bd-000b6a4d90f4
,,,,b7d23c53-5943-11e4-85bd-000b6a4d90f4
,,,,b7d404d3-5943-11e4-85bd-000b6a4d90f4
,,,,b7d477e1-5943-11e4-85bd-000b6a4d90f4
,,,,b7d4e9e8-5943-11e4-85bd-000b6a4d90f4
,,,,b7d58f84-5943-11e4-85bd-000b6a4d90f4
,,,,b7d6ca4b-5943-11e4-85bd-000b6a4d90f4
,,,,b7d73efb-5943-11e4-85bd-000b6a4d90f4
,,,,b7d7b1d1-5943-11e4-85bd-000b6a4d90f4
,,,,b7d8270a-5943-11e4-85bd-000b6a4d90f4
,,,,b7d89973-5943-11e4-85bd-000b6a4d90f4
,,,,b7d90c22-5943-11e4-85bd-000b6a4d90f4
,,,,b7d97f75-5943-11e4-85bd-000b6a4d90f4
,,,,b7da09d2-5943-11e4-85bd-000b6a4d90f4
,,,,b7da7cd9-5943-11e4-85bd-000b6a4d90f4
,,,,b7daf038-5943-11e4-85bd-000b6a4d90f4
,,,,b7db61dd-5943-11e4-85bd-000b6a4d90f4
,,,,b7dd20ba-5943-11e4-85bd-000b6a4d90f4
,,,,b7dd950f-5943-11e4-85bd-000b6a4d90f4
,,,,b7de0824-5943-11e4-85bd-000b6a4d90f4
,,,,b7de9efd-5943-11e4-85bd-000b6a4d90f4
,,,,b7df3383-5943-11e4-85bd-000b6a4d90f4
,,,,b7dfc256-5943-11e4-85bd-000b6a4d90f4
,,,,b7e03582-5943-11e4-85bd-000b6a4d90f4
,,,,b7e14cc4-5943-11e4-85bd-000b6a4d90f4
,,,,b7e24ae1-5943-11e4-85bd-000b6a4d90f4
,,,,b7e42fc6-5943-11e4-85bd-000b6a4d90f4
,,,,b7e4a15d-5943-11e4-85bd-000b6a4d90f4
,,,,b7e5123c-5943-11e4-85bd-000b6a4d90f4
,,,,b7e5b526-5943-11e4-85bd-000b6a4d90f4
,,,,b7e624c3-5943-11e4-85bd-000b6a4d90f4
,,,,b7e695cf-5943-11e4-85bd-000b6a4d90f4
,,,,b7e7062d-5943-11e4-85bd-000b6a4d90f4
,,,,b7e83034-5943-11e4-85bd-000b6a4d90f4
,,,,b7e8df6d-5943-11e4-85bd-000b6a4d90f4
,,,,b7e94ff8-5943-11e4-85bd-000b6a4d90f4
,,,,b7e9c136-5943-11e4-85bd-000b6a4d90f4
,,,,b7ea46ba-5943-11e4-85bd-000b6a4d90f4
,,,,b7eab6e4-5943-11e4-85bd-000b6a4d90f4
,,,,b7eb280e-5943-11e4-85bd-000b6a4d90f4
,,,,b7ebaeb5-5943-11e4-85bd-000b6a4d90f4
,,,,b7ec2e9a-5943-11e4-85bd-000b6a4d90f4
,,,,b7ecd974-5943-11e4-85bd-000b6a4d90f4
,,,,b7ed49ab-5943-11e4-85bd-000b6a4d90f4
,,,,b7edbac7-5943-11e4-85bd-000b6a4d90f4
,,,,b7ee2b6e-5943-11e4-85bd-000b6a4d90f4
,,,,b7eece55-5943-11e4-85bd-000b6a4d90f4
,,,,b7ef3f0a-5943-11e4-85bd-000b6a4d90f4
,,,,b7efb064-5943-11e4-85bd-000b6a4d90f4
,,,,b7f020c5-5943-11e4-85bd-000b6a4d90f4
,,,,b7f19f34-5943-11e4-85bd-000b6a4d90f4
,,,,b7f21a87-5943-11e4-85bd-000b6a4d90f4
,,,,b7f30081-5943-11e4-85bd-000b6a4d90f4
,,,,b7f370f5-5943-11e4-85bd-000b6a4d90f4
,,,,b7f3e167-5943-11e4-85bd-000b6a4d90f4
,,,,b7f452a8-5943-11e4-85bd-000b6a4d90f4
,,,,b7f4c33b-5943-11e4-85bd-000b6a4d90f4
,,,,b7f5339f-5943-11e4-85bd-000b6a4d90f4
,,,,b7f5a42c-5943-11e4-85bd-000b6a4d90f4
,,,,b7f66b65-5943-11e4-85bd-000b6a4d90f4
,,,,b7f6e3f6-5943-11e4-85bd-000b6a4d90f4
,,,,b7f754c6-5943-11e4-85bd-000b6a4d90f4
,,,,b7f7f375-5943-11e4-85bd-000b6a4d90f4
,,,,b7f864da-5943-11e4-85bd-000b6a4d90f4
,,,,b7f8e79b-5943-11e4-85bd-000b6a4d90f4
,,,,b7f96add-5943-11e4-85bd-000b6a4d90f4
,,,,b7f9da94-5943-11e4-85bd-000b6a4d90f4
,,,,b7fa4c07-5943-11e4-85bd-000b6a4d90f4
,,,,b7fabd2b-5943-11e4-85bd-000b6a4d90f4
,,,,b7fc2cb8-5943-11e4-85bd-000b6a4d90f4
,,,,b7fd1dd9-5943-11e4-85bd-000b6a4d90f4
,,,,b7fdb712-5943-11e4-85bd-000b6a4d90f4
,,,,b7fe281b-5943-11e4-85bd-000b6a4d90f4
,,,,b7fe999c-5943-11e4-85bd-000b6a4d90f4
,,,,b7ff0bcd-5943-11e4-85bd-000b6a4d90f4
,,,,b800284b-5943-11e4-85bd-000b6a4d90f4
,,,,b8009848-5943-11e4-85bd-000b6a4d90f4
,,,,b80109c8-5943-11e4-85bd-000b6a4d90f4
,,,,b8017aed-5943-11e4-85bd-000b6a4d90f4
,,,,b802152d-5943-11e4-85bd-000b6a4d90f4
,,,,b802af5d-5943-11e4-85bd-000b6a4d90f4
,,,,b803944f-5943-11e4-85bd-000b6a4d90f4
,,,,b804051d-5943-11e4-85bd-000b6a4d90f4
,,,,b805793d-5943-11e4-85bd-000b6a4d90f4
,,,,b8061d92-5943-11e4-85bd-000b6a4d90f4
,,,,b8070ea8-5943-11e4-85bd-000b6a4d90f4
,,,,b8077fd8-5943-11e4-85bd-000b6a4d90f4
,,,,b807f17d-5943-11e4-85bd-000b6a4d90f4
,,,,b80861a3-5943-11e4-85bd-000b6a4d90f4
,,,,b808f20b-5943-11e4-85bd-000b6a4d90f4
,,,,b8098c7b-5943-11e4-85bd-000b6a4d90f4
,,,,b809fd5a-5943-11e4-85bd-000b6a4d90f4
,,,,b80a80aa-5943-11e4-85bd-000b6a4d90f4
,,,,b80af19f-5943-11e4-85bd-000b6a4d90f4
,,,,b80b61ec-5943-11e4-85bd-000b6a4d90f4
,,,,b80bd2c6-5943-11e4-85bd-000b6a4d90f4
,,,,b80c74fa-5943-11e4-85bd-000b6a4d90f4
,,,,b80cfdf4-5943-11e4-85bd-000b6a4d90f4
,,,,b80d6d03-5943-11e4-85bd-000b6a4d90f4
,,,,b80dded8-5943-11e4-85bd-000b6a4d90f4
,,,,b80e4fec-5943-11e4-85bd-000b6a4d90f4
,,,,b80ec1bd-5943-11e4-85bd-000b6a4d90f4
,,,,b80f3254-5943-11e4-85bd-000b6a4d90f4
,,,,b80ff5df-5943-11e4-85bd-000b6a4d90f4
,,,,b81068d3-5943-11e4-85bd-000b6a4d90f4
,,,,b810d99c-5943-11e4-85bd-000b6a4d90f4
,,,,b8114a40-5943-11e4-85bd-000b6a4d90f4
,,,,b81282ae-5943-11e4-85bd-000b6a4d90f4
,,,,b8133183-5943-11e4-85bd-000b6a4d90f4
,,,,b813a52d-5943-11e4-85bd-000b6a4d90f4
,,,,b81414db-5943-11e4-85bd-000b6a4d90f4
,,,,b8148670-5943-11e4-85bd-000b6a4d90f4
,,,,b814f74b-5943-11e4-85bd-000b6a4d90f4
,,,,b815af64-5943-11e4-85bd-000b6a4d90f4
,,,,b8161f07-5943-11e4-85bd-000b6a4d90f4
,,,,b8169178-5943-11e4-85bd-000b6a4d90f4
,,,,b81702c4-5943-11e4-85bd-000b6a4d90f4
,,,,b81786ff-5943-11e4-85bd-000b6a4d90f4
,,,,b817f7e0-5943-11e4-85bd-000b6a4d90f4
,,,,b818b3f5-5943-11e4-85bd-000b6a4d90f4
,,,,b8192fd6-5943-11e4-85bd-000b6a4d90f4
,,,,b819abf3-5943-11e4-85bd-000b6a4d90f4
,,,,b81a1e0a-5943-11e4-85bd-000b6a4d90f4
,,,,b81a8dad-5943-11e4-85bd-000b6a4d90f4
,,,,b81be708-5943-11e4-85bd-000b6a4d90f4
,,,,b81c58e5-5943-11e4-85bd-000b6a4d90f4
,,,,b81d132a-5943-11e4-85bd-000b6a4d90f4
,,,,b81dbc33-5943-11e4-85bd-000b6a4d90f4
,,,,b81e2d4d-5943-11e4-85bd-000b6a4d90f4
,,,,b81eceda-5943-11e4-85bd-000b6a4d90f4
,,,,b81f55da-5943-11e4-85bd-000b6a4d90f4
,,,,b81fc6b6-5943-11e4-85bd-000b6a4d90f4
,,,,b8203773-5943-11e4-85bd-000b6a4d90f4
,,,,b820a7fc-5943-11e4-85bd-000b6a4d90f4
,,,,b8212af2-5943-11e4-85bd-000b6a4d90f4
,,,,b8219c11-5943-11e4-85bd-000b6a4d90f4
,,,,b8220c43-5943-11e4-85bd-000b6a4d90f4
,,,,b82294a0-5943-11e4-85bd-000b6a4d90f4
,,,,b82305bf-5943-11e4-85bd-000b6a4d90f4
,,,,b823a938-5943-11e4-85bd-000b6a4d90f4
,,,,b8243000-5943-11e4-85bd-000b6a4d90f4
,,,,b824c44e-5943-11e4-85bd-000b6a4d90f4
,,,,b8253514-5943-11e4-85bd-000b6a4d90f4
,,,,b825a692-5943-11e4-85bd-000b6a4d90f4
,,,,b8270769-5943-11e4-85bd-000b6a4d90f4
,,,,b8277760-5943-11e4-85bd-000b6a4d90f4
,,,,b8282492-5943-11e4-85bd-000b6a4d90f4
,,,,b828b40d-5943-11e4-85bd-000b6a4d90f4
,,,,b8293640-5943-11e4-85bd-000b6a4d90f4
,,,,b829b8b0-5943-11e4-85bd-000b6a4d90f4
,,,,b82a63f7-5943-11e4-85bd-000b6a4d90f4
,,,,b82ad545-5943-11e4-85bd-000b6a4d90f4
,,,,b82b74c2-5943-11e4-85bd-000b6a4d90f4
,,,,b82be4c2-5943-11e4-85bd-000b6a4d90f4
,,,,b82c8572-5943-11e4-85bd-000b6a4d90f4
,,,,b82d2d89-5943-11e4-85bd-000b6a4d90f4
,,,,b82dc93c-5943-11e4-85bd-000b6a4d90f4
,,,,b82e394c-5943-11e4-85bd-000b6a4d90f4
,,,,b82f8445-5943-11e4-85bd-000b6a4d90f4
,,,,b830b8c8-5943-11e4-85bd-000b6a4d90f4
,,,,b83258c1-5943-11e4-85bd-000b6a4d90f4
,,,,b832dd9e-5943-11e4-85bd-000b6a4d90f4
,,,,b8334f3d-5943-11e4-85bd-000b6a4d90f4
,,,,b833bf98-5943-11e4-85bd-000b6a4d90f4
,,,,b8343140-5943-11e4-85bd-000b6a4d90f4
,,,,b834ce00-5943-11e4-85bd-000b6a4d90f4
,,,,b8354077-5943-11e4-85bd-000b6a4d90f4
,,,,b8361a88-5943-11e4-85bd-000b6a4d90f4
,,,,b836b4a7-5943-11e4-85bd-000b6a4d90f4
,,,,b837256d-5943-11e4-85bd-000b6a4d90f4
,,,,b83796a2-5943-11e4-85bd-000b6a4d90f4
,,,,b8380842-5943-11e4-85bd-000b6a4d90f4
,,,,b83888b8-5943-11e4-85bd-000b6a4d90f4
,,,,b838fbb2-5943-11e4-85bd-000b6a4d90f4
,,,,b8396ce5-5943-11e4-85bd-000b6a4d90f4
,,,,b83b12ef-5943-11e4-85bd-000b6a4d90f4
,,,,b83b97d1-5943-11e4-85bd-000b6a4d90f4
,,,,b83c08c3-5943-11e4-85bd-000b6a4d90f4
,,,,b83c9052-5943-11e4-85bd-000b6a4d90f4
,,,,b83d00e5-5943-11e4-85bd-000b6a4d90f4
,,,,b83d70af-5943-11e4-85bd-000b6a4d90f4
,,,,b83df3ff-5943-11e4-85bd-000b6a4d90f4
,,,,b83e657d-5943-11e4-85bd-000b6a4d90f4
,,,,b83ed6f9-5943-11e4-85bd-000b6a4d90f4
,,,,b83f59ea-5943-11e4-85bd-000b6a4d90f4
,,,,b83fcaa1-5943-11e4-85bd-000b6a4d90f4
,,,,b8403c76-5943-11e4-85bd-000b6a4d90f4
,,,,b8410cea-5943-11e4-85bd-000b6a4d90f4
,,,,b8417f85-5943-11e4-85bd-000b6a4d90f4
,,,,b84202cf-5943-11e4-85bd-000b6a4d90f4
,,,,b84273ec-5943-11e4-85bd-000b6a4d90f4
,,,,b843ffb9-5943-11e4-85bd-000b6a4d90f4
,,,,b8447127-5943-11e4-85bd-000b6a4d90f4
,,,,b844e28e-5943-11e4-85bd-000b6a4d90f4
,,,,b845da76-5943-11e4-85bd-000b6a4d90f4
,,,,b8466173-5943-11e4-85bd-000b6a4d90f4
,,,,b846d298-5943-11e4-85bd-000b6a4d90f4
,,,,b8474d46-5943-11e4-85bd-000b6a4d90f4
,,,,b848b3c4-5943-11e4-85bd-000b6a4d90f4
,,,,b84924d5-5943-11e4-85bd-000b6a4d90f4
,,,,b849ab17-5943-11e4-85bd-000b6a4d90f4
,,,,b84a1c20-5943-11e4-85bd-000b6a4d90f4
,,,,b84a8c4f-5943-11e4-85bd-000b6a4d90f4
,,,,b84afd6e-5943-11e4-85bd-000b6a4d90f4
,,,,b84b7f7c-5943-11e4-85bd-000b6a4d90f4
,,,,b84bf212-5943-11e4-85bd-000b6a4d90f4
,,,,b84ca66a-5943-11e4-85bd-000b6a4d90f4
,,,,b84d4632-5943-11e4-85bd-000b6a4d90f4
,,,,b84db6c8-5943-11e4-85bd-000b6a4d90f4
,,,,b84ec1f0-5943-11e4-85bd-000b6a4d90f4
,,,,b84f549a-5943-11e4-85bd-000b6a4d90f4
,,,,b84ffd1e-5943-11e4-85bd-000b6a4d90f4
,,,,b8506f17-5943-11e4-85bd-000b6a4d90f4
,,,,b850df64-5943-11e4-85bd-000b6a4d90f4
,,,,b8515067-5943-11e4-85bd-000b6a4d90f4
,,,,b851c0fb-5943-11e4-85bd-000b6a4d90f4
,,,,b852329d-5943-11e4-85bd-000b6a4d90f4
,,,,b852a3bc-5943-11e4-85bd-000b6a4d90f4
,,,,b85313dd-5943-11e4-85bd-000b6a4d90f4
,,,,b8538443-5943-11e4-85bd-000b6a4d90f4
,,,,b853f703-5943-11e4-85bd-000b6a4d90f4
,,,,b8546808-5943-11e4-85bd-000b6a4d90f4
,,,,b854ec89-5943-11e4-85bd-000b6a4d90f4
,,,,b855807d-5943-11e4-85bd-000b6a4d90f4
,,,,b8561131-5943-11e4-85bd-000b6a4d90f4
,,,,b856826f-5943-11e4-85bd-000b6a4d90f4
,,,,b856f4a2-5943-11e4-85bd-000b6a4d90f4
,,,,b858aae9-5943-11e4-85bd-000b6a4d90f4
,,,,b8596866-5943-11e4-85bd-000b6a4d90f4
,,,,b85a132c-5943-11e4-85bd-000b6a4d90f4
,,,,b85afa31-5943-11e4-85bd-000b6a4d90f4
,,,,b85b85b6-5943-11e4-85bd-000b6a4d90f4
,,,,b85bf60c-5943-11e4-85bd-000b6a4d90f4
,,,,b85c67a6-5943-11e4-85bd-000b6a4d90f4
,,,,b85cd99c-5943-11e4-85bd-000b6a4d90f4
,,,,b85d4a2a-5943-11e4-85bd-000b6a4d90f4
,,,,b85e127a-5943-11e4-85bd-000b6a4d90f4
,,,,b85e9be1-5943-11e4-85bd-000b6a4d90f4
,,,,b85f0daa-5943-11e4-85bd-000b6a4d90f4
,,,,b85f7e2d-5943-11e4-85bd-000b6a4d90f4
,,,,b85fef8c-5943-11e4-85bd-000b6a4d90f4
,,,,b860610d-5943-11e4-85bd-000b6a4d90f4
,,,,b860ff0e-5943-11e4-85bd-000b6a4d90f4
,,,,b86184d3-5943-11e4-85bd-000b6a4d90f4
,,,,b861f61e-5943-11e4-85bd-000b6a4d90f4
,,,,b8633a7d-5943-11e4-85bd-000b6a4d90f4
,,,,b863c02b-5943-11e4-85bd-000b6a4d90f4
,,,,b8643084-5943-11e4-85bd-000b6a4d90f4
,,,,b864d3c2-5943-11e4-85bd-000b6a4d90f4
,,,,b8654490-5943-11e4-85bd-000b6a4d90f4
,,,,b865ea5c-5943-11e4-85bd-000b6a4d90f4
,,,,b866d8ac-5943-11e4-85bd-000b6a4d90f4
,,,,b8677f5f-5943-11e4-85bd-000b6a4d90f4
,,,,b8681d85-5943-11e4-85bd-000b6a4d90f4
,,,,b8688f03-5943-11e4-85bd-000b6a4d90f4
,,,,b8692fca-5943-11e4-85bd-000b6a4d90f4
,,,,b869a19e-5943-11e4-85bd-000b6a4d90f4
,,,,b86a12f8-5943-11e4-85bd-000b6a4d90f4
,,,,b86a91b6-5943-11e4-85bd-000b6a4d90f4
,,,,b86b94ae-5943-11e4-85bd-000b6a4d90f4
,,,,b86d3202-5943-11e4-85bd-000b6a4d90f4
,,,,b86dc879-5943-11e4-85bd-000b6a4d90f4
,,,,b86edf75-5943-11e4-85bd-000b6a4d90f4
,,,,b86f6a87-5943-11e4-85bd-000b6a4d90f4
,,,,b86fdbc5-5943-11e4-85bd-000b6a4d90f4
,,,,b8704dbe-5943-11e4-85bd-000b6a4d90f4
,,,,b870fbe5-5943-11e4-85bd-000b6a4d90f4
,,,,b8716e56-5943-11e4-85bd-000b6a4d90f4
,,,,b87208d4-5943-11e4-85bd-000b6a4d90f4
,,,,b8727bfe-5943-11e4-85bd-000b6a4d90f4
,,,,b8734b60-5943-11e4-85bd-000b6a4d90f4
,,,,b8740102-5943-11e4-85bd-000b6a4d90f4
,,,,b8747370-5943-11e4-85bd-000b6a4d90f4
,,,,b874f634-5943-11e4-85bd-000b6a4d90f4
,,,,b875b0c7-5943-11e4-85bd-000b6a4d90f4
,,,,b87636c6-5943-11e4-85bd-000b6a4d90f4
,,,,b876a850-5943-11e4-85bd-000b6a4d90f4
,,,,b8771ae5-5943-11e4-85bd-000b6a4d90f4
,,,,b87830c9-5943-11e4-85bd-000b6a4d90f4
,,,,b8791206-5943-11e4-85bd-000b6a4d90f4
,,,,b87983e0-5943-11e4-85bd-000b6a4d90f4
,,,,b879f5d9-5943-11e4-85bd-000b6a4d90f4
,,,,b87a808f-5943-11e4-85bd-000b6a4d90f4
,,,,b87af224-5943-11e4-85bd-000b6a4d90f4
,,,,b87b63f0-5943-11e4-85bd-000b6a4d90f4
,,,,b87bd650-5943-11e4-85bd-000b6a4d90f4
,,,,b87c47e4-5943-11e4-85bd-000b6a4d90f4
,,,,b87ddf92-5943-11e4-85bd-000b6a4d90f4
,,,,b87e5087-5943-11e4-85bd-000b6a4d90f4
,,,,b87ec229-5943-11e4-85bd-000b6a4d90f4
,,,,b87f3411-5943-11e4-85bd-000b6a4d90f4
,,,,b87fd0da-5943-11e4-85bd-000b6a4d90f4
,,,,b880419a-5943-11e4-85bd-000b6a4d90f4
,,,,b880b2e5-5943-11e4-85bd-000b6a4d90f4
,,,,b881230e-5943-11e4-85bd-000b6a4d90f4
,,,,b882aa07-5943-11e4-85bd-000b6a4d90f4
,,,,b8831a97-5943-11e4-85bd-000b6a4d90f4
,,,,b8838b22-5943-11e4-85bd-000b6a4d90f4
,,,,b884394f-5943-11e4-85bd-000b6a4d90f4
,,,,b8850c4f-5943-11e4-85bd-000b6a4d90f4
,,,,b8857ca2-5943-11e4-85bd-000b6a4d90f4
,,,,b8863759-5943-11e4-85bd-000b6a4d90f4
,,,,b886a891-5943-11e4-85bd-000b6a4d90f4
,,,,b88746d8-5943-11e4-85bd-000b6a4d90f4
,,,,b887b745-5943-11e4-85bd-000b6a4d90f4
,,,,b8882896-5943-11e4-85bd-000b6a4d90f4
,,,,b8889acc-5943-11e4-85bd-000b6a4d90f4
,,,,b8890c37-5943-11e4-85bd-000b6a4d90f4
,,,,b8897cd2-5943-11e4-85bd-000b6a4d90f4
,,,,b889f042-5943-11e4-85bd-000b6a4d90f4
,,,,b88a7689-5943-11e4-85bd-000b6a4d90f4
,,,,b88b13e3-5943-11e4-85bd-000b6a4d90f4
,,,,b88bd1e9-5943-11e4-85bd-000b6a4d90f4
,,,,b88c58fa-5943-11e4-85bd-000b6a4d90f4
,,,,b88cc9ef-5943-11e4-85bd-000b6a4d90f4
,,,,b88d4d2b-5943-11e4-85bd-000b6a4d90f4
,,,,b88e0093-5943-11e4-85bd-000b6a4d90f4
,,,,b88e71d6-5943-11e4-85bd-000b6a4d90f4
,,,,b88f054d-5943-11e4-85bd-000b6a4d90f4
,,,,b88f775f-5943-11e4-85bd-000b6a4d90f4
,,,,b88fe7ce-5943-11e4-85bd-000b6a4d90f4
,,,,b89058b2-5943-11e4-85bd-000b6a4d90f4
,,,,b890c9c1-5943-11e4-85bd-000b6a4d90f4
,,,,b8913c8b-5943-11e4-85bd-000b6a4d90f4
,,,,b891adb0-5943-11e4-85bd-000b6a4d90f4
,,,,b8921ef6-5943-11e4-85bd-000b6a4d90f4
,,,,b8928e82-5943-11e4-85bd-000b6a4d90f4
,,,,b8930011-5943-11e4-85bd-000b6a4d90f4
,,,,b893b5be-5943-11e4-85bd-000b6a4d90f4
,,,,b894e8e4-5943-11e4-85bd-000b6a4d90f4
,,,,b89580ce-5943-11e4-85bd-000b6a4d90f4
,,,,b8960612-5943-11e4-85bd-000b6a4d90f4
,,,,b89676c2-5943-11e4-85bd-000b6a4d90f4
,,,,b896e74d-5943-11e4-85bd-000b6a4d90f4
,,,,b897a85b-5943-11e4-85bd-000b6a4d90f4
,,,,b8981a30-5943-11e4-85bd-000b6a4d90f4
,,,,b898995d-5943-11e4-85bd-000b6a4d90f4
,,,,b899bdff-5943-11e4-85bd-000b6a4d90f4
,,,,b89a2ed6-5943-11e4-85bd-000b6a4d90f4
,,,,b89aa021-5943-11e4-85bd-000b6a4d90f4
,,,,b89b1045-5943-11e4-85bd-000b6a4d90f4
,,,,b89bc0ac-5943-11e4-85bd-000b6a4d90f4
,,,,b89c3222-5943-11e4-85bd-000b6a4d90f4
,,,,b89d040a-5943-11e4-85bd-000b6a4d90f4
,,,,b89d754d-5943-11e4-85bd-000b6a4d90f4
,,,,b89e0ee3-5943-11e4-85bd-000b6a4d90f4
,,,,b89ea4b5-5943-11e4-85bd-000b6a4d90f4
,,,,b89fd832-5943-11e4-85bd-000b6a4d90f4
,,,,b8a04a17-5943-11e4-85bd-000b6a4d90f4
,,,,b8a0edc8-5943-11e4-85bd-000b6a4d90f4
,,,,b8a18ddc-5943-11e4-85bd-000b6a4d90f4
,,,,b8a1ff1c-5943-11e4-85bd-000b6a4d90f4
,,,,b8a2704c-5943-11e4-85bd-000b6a4d90f4
,,,,b8a2e14a-5943-11e4-85bd-000b6a4d90f4
,,,,b8a38780-5943-11e4-85bd-000b6a4d90f4
,,,,b8a3f7e9-5943-11e4-85bd-000b6a4d90f4
,,,,b8a4816f-5943-11e4-85bd-000b6a4d90f4
,,,,b8a4f2c3-5943-11e4-85bd-000b6a4d90f4
,,,,b8a59493-5943-11e4-85bd-000b6a4d90f4
,,,,b8a606a5-5943-11e4-85bd-000b6a4d90f4
,,,,b8a6772d-5943-11e4-85bd-000b6a4d90f4
,,,,b8a6e7e8-5943-11e4-85bd-000b6a4d90f4
,,,,b8a75a26-5943-11e4-85bd-000b6a4d90f4
,,,,b8a7de8e-5943-11e4-85bd-000b6a4d90f4
,,,,b8a84ddd-5943-11e4-85bd-000b6a4d90f4
,,,,b8a8bdfb-5943-11e4-85bd-000b6a4d90f4
,,,,b8a92f22-5943-11e4-85bd-000b6a4d90f4
,,,,b8a9a4a4-5943-11e4-85bd-000b6a4d90f4
,,,,b8aa1453-5943-11e4-85bd-000b6a4d90f4
,,,,b8ab3c01-5943-11e4-85bd-000b6a4d90f4
,,,,b8abc8ae-5943-11e4-85bd-000b6a4d90f4
,,,,b8ac6d27-5943-11e4-85bd-000b6a4d90f4
,,,,b8ace954-5943-11e4-85bd-000b6a4d90f4
,,,,b8ad7352-5943-11e4-85bd-000b6a4d90f4
,,,,b8ade3cc-5943-11e4-85bd-000b6a4d90f4
,,,,b8ae5555-5943-11e4-85bd-000b6a4d90f4
,,,,b8aec4da-5943-11e4-85bd-000b6a4d90f4
,,,,b8af34c0-5943-11e4-85bd-000b6a4d90f4
,,,,b8afa6eb-5943-11e4-85bd-000b6a4d90f4
,,,,b8b03fe2-5943-11e4-85bd-000b6a4d90f4
,,,,b8b0b008-5943-11e4-85bd-000b6a4d90f4
,,,,b8b11fcf-5943-11e4-85bd-000b6a4d90f4
,,,,b8b19036-5943-11e4-85bd-000b6a4d90f4
,,,,b8b236f2-5943-11e4-85bd-000b6a4d90f4
,,,,b8b2bfb7-5943-11e4-85bd-000b6a4d90f4
,,,,b8b34118-5943-11e4-85bd-000b6a4d90f4
,,,,b8b3caaf-5943-11e4-85bd-000b6a4d90f4
,,,,b8b4890e-5943-11e4-85bd-000b6a4d90f4
,,,,b8b4f9a7-5943-11e4-85bd-000b6a4d90f4
,,,,b8b56920-5943-11e4-85bd-000b6a4d90f4
,,,,b8b5dac5-5943-11e4-85bd-000b6a4d90f4
,,,,b8b66211-5943-11e4-85bd-000b6a4d90f4
,,,,b8b7b7e5-5943-11e4-85bd-000b6a4d90f4
,,,,b8b828a8-5943-11e4-85bd-000b6a4d90f4
,,,,b8b8afeb-5943-11e4-85bd-000b6a4d90f4
,,,,b8b99482-5943-11e4-85bd-000b6a4d90f4
,,,,b8ba5181-5943-11e4-85bd-000b6a4d90f4
,,,,b8bac28f-5943-11e4-85bd-000b6a4d90f4
,,,,b8bb32fe-5943-11e4-85bd-000b6a4d90f4
,,,,b8bba4cd-5943-11e4-85bd-000b6a4d90f4
,,,,b8bc15af-5943-11e4-85bd-000b6a4d90f4
,,,,b8bc8669-5943-11e4-85bd-000b6a4d90f4
,,,,b8bcf710-5943-11e4-85bd-000b6a4d90f4
,,,,b8bd6793-5943-11e4-85bd-000b6a4d90f4
,,,,b8bdd773-5943-11e4-85bd-000b6a4d90f4
,,,,b8be4812-5943-11e4-85bd-000b6a4d90f4
,,,,b8beb897-5943-11e4-85bd-000b6a4d90f4
,,,,b8bf2938-5943-11e4-85bd-000b6a4d90f4
,,,,b8bfb322-5943-11e4-85bd-000b6a4d90f4
,,,,b8c053af-5943-11e4-85bd-000b6a4d90f4
,,,,b8c0f96f-5943-11e4-85bd-000b6a4d90f4
,,,,b8c27568-5943-11e4-85bd-000b6a4d90f4
,,,,b8c31e4a-5943-11e4-85bd-000b6a4d90f4
,,,,b8c3c5d8-5943-11e4-85bd-000b6a4d90f4
,,,,b8c4b141-5943-11e4-85bd-000b6a4d90f4
,,,,b8c522ae-5943-11e4-85bd-000b6a4d90f4
,,,,b8c5c569-5943-11e4-85bd-000b6a4d90f4
,,,,b8c636c2-5943-11e4-85bd-000b6a4d90f4
,,,,b8c6a620-5943-11e4-85bd-000b6a4d90f4
,,,,b8c7166d-5943-11e4-85bd-000b6a4d90f4
,,,,b8c78738-5943-11e4-85bd-000b6a4d90f4
,,,,b8c7f985-5943-11e4-85bd-000b6a4d90f4
,,,,b8c86a10-5943-11e4-85bd-000b6a4d90f4
,,,,b8c8d949-5943-11e4-85bd-000b6a4d90f4
,,,,b8c94a06-5943-11e4-85bd-000b6a4d90f4
,,,,b8c9bb5d-5943-11e4-85bd-000b6a4d90f4
,,,,b8ca2c06-5943-11e4-85bd-000b6a4d90f4
,,,,b8ca9c35-5943-11e4-85bd-000b6a4d90f4
,,,,b8cb0e79-5943-11e4-85bd-000b6a4d90f4
,,,,b8cbf383-5943-11e4-85bd-000b6a4d90f4
,,,,b8cdb0d9-5943-11e4-85bd-000b6a4d90f4
,,,,b8ce7bf7-5943-11e4-85bd-000b6a4d90f4
,,,,b8cf4e76-5943-11e4-85bd-000b6a4d90f4
,,,,b8cff089-5943-11e4-85bd-000b6a4d90f4
,,,,b8d060f8-5943-11e4-85bd-000b6a4d90f4
,,,,b8d0d1f8-5943-11e4-85bd-000b6a4d90f4
,,,,b8d15450-5943-11e4-85bd-000b6a4d90f4
,,,,b8d1c425-5943-11e4-85bd-000b6a4d90f4
,,,,b8d234bb-5943-11e4-85bd-000b6a4d90f4
,,,,b8d2ba42-5943-11e4-85bd-000b6a4d90f4
,,,,b8d36b2a-5943-11e4-85bd-000b6a4d90f4
,,,,b8d3da07-5943-11e4-85bd-000b6a4d90f4
,,,,b8d44c45-5943-11e4-85bd-000b6a4d90f4
,,,,b8d52a90-5943-11e4-85bd-000b6a4d90f4
,,,,b8d59af4-5943-11e4-85bd-000b6a4d90f4
,,,,b8d60ae8-5943-11e4-85bd-000b6a4d90f4
,,,,b8d67b2d-5943-11e4-85bd-000b6a4d90f4
,,,,b8d6ec36-5943-11e4-85bd-000b6a4d90f4
,,,,b8d90e1b-5943-11e4-85bd-000b6a4d90f4
,,,,b8da5dec-5943-11e4-85bd-000b6a4d90f4
,,,,b8dace48-5943-11e4-85bd-000b6a4d90f4
,,,,b8db3f0b-5943-11e4-85bd-000b6a4d90f4
,,,,b8dbaf42-5943-11e4-85bd-000b6a4d90f4
,,,,b8dc36b5-5943-11e4-85bd-000b6a4d90f4
,,,,b8dca671-5943-11e4-85bd-000b6a4d90f4
,,,,b8dd3406-5943-11e4-85bd-000b6a4d90f4
,,,,b8ddc619-5943-11e4-85bd-000b6a4d90f4
,,,,b8de6b7b-5943-11e4-85bd-000b6a4d90f4
,,,,b8def4ad-5943-11e4-85bd-000b6a4d90f4
,,,,b8df69e6-5943-11e4-85bd-000b6a4d90f4
,,,,b8dfe449-5943-11e4-85bd-000b6a4d90f4
,,,,b8e101ad-5943-11e4-85bd-000b6a4d90f4
,,,,b8e17e0f-5943-11e4-85bd-000b6a4d90f4
,,,,b8e32084-5943-11e4-85bd-000b6a4d90f4
,,,,b8e3d9f7-5943-11e4-85bd-000b6a4d90f4
,,,,b8e44b38-5943-11e4-85bd-000b6a4d90f4
,,,,b8e510ec-5943-11e4-85bd-000b6a4d90f4
,,,,b8e581f2-5943-11e4-85bd-000b6a4d90f4
,,,,b8e5f280-5943-11e4-85bd-000b6a4d90f4
,,,,b8e662e4-5943-11e4-85bd-000b6a4d90f4
,,,,b8e6d4cc-5943-11e4-85bd-000b6a4d90f4
,,,,b8e7fb3e-5943-11e4-85bd-000b6a4d90f4
,,,,b8e93863-5943-11e4-85bd-000b6a4d90f4
,,,,b8eb4023-5943-11e4-85bd-000b6a4d90f4
,,,,b8ec1772-5943-11e4-85bd-000b6a4d90f4
,,,,b8ecdbc9-5943-11e4-85bd-000b6a4d90f4
,,,,b8efc75a-5943-11e4-85bd-000b6a4d90f4
,,,,b8f12a84-5943-11e4-85bd-000b6a4d90f4
,,,,b8f3488f-5943-11e4-85bd-000b6a4d90f4
,,,,b8f48691-5943-11e4-85bd-000b6a4d90f4
,,,,b8f794a9-5943-11e4-85bd-000b6a4d90f4
,,,,b8fbe24c-5943-11e4-85bd-000b6a4d90f4
,,,,b8fcede0-5943-11e4-85bd-000b6a4d90f4
,,,,b8fe660f-5943-11e4-85bd-000b6a4d90f4
,,,,b90043f5-5943-11e4-85bd-000b6a4d90f4
,,,,b901233e-5943-11e4-85bd-000b6a4d90f4
,,,,b902fb59-5943-11e4-85bd-000b6a4d90f4
,,,,b9069ae2-5943-11e4-85bd-000b6a4d90f4
,,,,b9072e21-5943-11e4-85bd-000b6a4d90f4
,,,,b908a729-5943-11e4-85bd-000b6a4d90f4
,,,,b90a8043-5943-11e4-85bd-000b6a4d90f4
,,,,b90ba2b4-5943-11e4-85bd-000b6a4d90f4
,,,,b90c79ec-5943-11e4-85bd-000b6a4d90f4
,,,,b90d3f66-5943-11e4-85bd-000b6a4d90f4
,,,,b90eacff-5943-11e4-85bd-000b6a4d90f4
,,,,b911964d-5943-11e4-85bd-000b6a4d90f4
,,,,b91317d6-5943-11e4-85bd-000b6a4d90f4
,,,,b9148815-5943-11e4-85bd-000b6a4d90f4
,,,,b9167188-5943-11e4-85bd-000b6a4d90f4
,,,,b9199faf-5943-11e4-85bd-000b6a4d90f4
,,,,b91df2f9-5943-11e4-85bd-000b6a4d90f4
,,,,b91fdd99-5943-11e4-85bd-000b6a4d90f4
,,,,b9254982-5943-11e4-85bd-000b6a4d90f4
,,,,b92720dc-5943-11e4-85bd-000b6a4d90f4
,,,,b928a525-5943-11e4-85bd-000b6a4d90f4
,,,,b9291720-5943-11e4-85bd-000b6a4d90f4
,,,,b92a3d52-5943-11e4-85bd-000b6a4d90f4
,,,,b92b7248-5943-11e4-85bd-000b6a4d90f4
,,,,b92cfd0d-5943-11e4-85bd-000b6a4d90f4
,,,,b92e4ec1-5943-11e4-85bd-000b6a4d90f4
,,,,b9301a3e-5943-11e4-85bd-000b6a4d90f4
,,,,b9334bb7-5943-11e4-85bd-000b6a4d90f4
,,,,b9358e8c-5943-11e4-85bd-000b6a4d90f4
,,,,b9376f72-5943-11e4-85bd-000b6a4d90f4
,,,,b9386aca-5943-11e4-85bd-000b6a4d90f4
,,,,b9399139-5943-11e4-85bd-000b6a4d90f4
,,,,b93a03c0-5943-11e4-85bd-000b6a4d90f4
,,,,b93b08f5-5943-11e4-85bd-000b6a4d90f4
,,,,b93bf506-5943-11e4-85bd-000b6a4d90f4
,,,,b93e31b8-5943-11e4-85bd-000b6a4d90f4
,,,,b93f96df-5943-11e4-85bd-000b6a4d90f4
,,,,b940cd8b-5943-11e4-85bd-000b6a4d90f4
,,,,b9417d7d-5943-11e4-85bd-000b6a4d90f4
,,,,b9434cf1-5943-11e4-85bd-000b6a4d90f4
,,,,b944753b-5943-11e4-85bd-000b6a4d90f4
,,,,b945aa96-5943-11e4-85bd-000b6a4d90f4
,,,,b948020e-5943-11e4-85bd-000b6a4d90f4
,,,,b948e462-5943-11e4-85bd-000b6a4d90f4
,,,,b949f3e1-5943-11e4-85bd-000b6a4d90f4
,,,,b94bcf02-5943-11e4-85bd-000b6a4d90f4
,,,,b94ce9a0-5943-11e4-85bd-000b6a4d90f4
,,,,b94e287c-5943-11e4-85bd-000b6a4d90f4
,,,,b94f5a3f-5943-11e4-85bd-000b6a4d90f4
,,,,b950c72d-5943-11e4-85bd-000b6a4d90f4
,,,,b951cff7-5943-11e4-85bd-000b6a4d90f4
,,,,b9531ead-5943-11e4-85bd-000b6a4d90f4
,,,,b954fd33-5943-11e4-85bd-000b6a4d90f4
,,,,b956a9be-5943-11e4-85bd-000b6a4d90f4
,,,,b957aa1a-5943-11e4-85bd-000b6a4d90f4
,,,,b9581cbb-5943-11e4-85bd-000b6a4d90f4
,,,,b9594c1a-5943-11e4-85bd-000b6a4d90f4
,,,,b95a9448-5943-11e4-85bd-000b6a4d90f4
,,,,b95bd685-5943-11e4-85bd-000b6a4d90f4
,,,,b95cee31-5943-11e4-85bd-000b6a4d90f4
,,,,b95e60c9-5943-11e4-85bd-000b6a4d90f4
,,,,b96097fc-5943-11e4-85bd-000b6a4d90f4
,,,,b9624c73-5943-11e4-85bd-000b6a4d90f4
,,,,b963a07d-5943-11e4-85bd-000b6a4d90f4
,,,,b9653f80-5943-11e4-85bd-000b6a4d90f4
,,,,b9669809-5943-11e4-85bd-000b6a4d90f4
,,,,b9681909-5943-11e4-85bd-000b6a4d90f4
,,,,b9688b6f-5943-11e4-85bd-000b6a4d90f4
,,,,b96917bd-5943-11e4-85bd-000b6a4d90f4
,,,,b9699f83-5943-11e4-85bd-000b6a4d90f4
,,,,b96a6825-5943-11e4-85bd-000b6a4d90f4
,,,,b96ada5e-5943-11e4-85bd-000b6a4d90f4
,,,,b96c9616-5943-11e4-85bd-000b6a4d90f4
,,,,b96d0bcb-5943-11e4-85bd-000b6a4d90f4
,,,,b96d7d8c-5943-11e4-85bd-000b6a4d90f4
,,,,b96e3681-5943-11e4-85bd-000b6a4d90f4
,,,,b96ea763-5943-11e4-85bd-000b6a4d90f4
,,,,b96f19be-5943-11e4-85bd-000b6a4d90f4
,,,,b96f8b6e-5943-11e4-85bd-000b6a4d90f4
,,,,b9700a0a-5943-11e4-85bd-000b6a4d90f4
,,,,b9707bea-5943-11e4-85bd-000b6a4d90f4
,,,,b970ec7d-5943-11e4-85bd-000b6a4d90f4
,,,,b9715ee5-5943-11e4-85bd-000b6a4d90f4
,,,,b971e1af-5943-11e4-85bd-000b6a4d90f4
,,,,b9728e9e-5943-11e4-85bd-000b6a4d90f4
,,,,b972fea0-5943-11e4-85bd-000b6a4d90f4
,,,,b9738656-5943-11e4-85bd-000b6a4d90f4
,,,,b973f7e5-5943-11e4-85bd-000b6a4d90f4
,,,,b9747afa-5943-11e4-85bd-000b6a4d90f4
,,,,b975e930-5943-11e4-85bd-000b6a4d90f4
,,,,b976d07e-5943-11e4-85bd-000b6a4d90f4
,,,,b9775468-5943-11e4-85bd-000b6a4d90f4
,,,,b977dd0b-5943-11e4-85bd-000b6a4d90f4
,,,,b97880cc-5943-11e4-85bd-000b6a4d90f4
,,,,b979f485-5943-11e4-85bd-000b6a4d90f4
,,,,b97a7f89-5943-11e4-85bd-000b6a4d90f4
,,,,b97b5136-5943-11e4-85bd-000b6a4d90f4
,,,,b97bc28a-5943-11e4-85bd-000b6a4d90f4
,,,,b97c3337-5943-11e4-85bd-000b6a4d90f4
,,,,b97ca43f-5943-11e4-85bd-000b6a4d90f4
,,,,b97d15e7-5943-11e4-85bd-000b6a4d90f4
,,,,b97e03e9-5943-11e4-85bd-000b6a4d90f4
,,,,b97e8428-5943-11e4-85bd-000b6a4d90f4
,,,,b97ef5f9-5943-11e4-85bd-000b6a4d90f4
,,,,b97f66b4-5943-11e4-85bd-000b6a4d90f4
,,,,b97fd906-5943-11e4-85bd-000b6a4d90f4
,,,,b9804a44-5943-11e4-85bd-000b6a4d90f4
,,,,b980bbb7-5943-11e4-85bd-000b6a4d90f4
,,,,b9814df2-5943-11e4-85bd-000b6a4d90f4
,,,,b981ee7b-5943-11e4-85bd-000b6a4d90f4
,,,,b9831762-5943-11e4-85bd-000b6a4d90f4
,,,,b983adf5-5943-11e4-85bd-000b6a4d90f4
,,,,b9843546-5943-11e4-85bd-000b6a4d90f4
,,,,b984b0f5-5943-11e4-85bd-000b6a4d90f4
,,,,b9852388-5943-11e4-85bd-000b6a4d90f4
,,,,b98594af-5943-11e4-85bd-000b6a4d90f4
,,,,b98607bd-5943-11e4-85bd-000b6a4d90f4
,,,,b98678c5-5943-11e4-85bd-000b6a4d90f4
,,,,b986e9d3-5943-11e4-85bd-000b6a4d90f4
,,,,b9875bc4-5943-11e4-85bd-000b6a4d90f4
,,,,b987cc97-5943-11e4-85bd-000b6a4d90f4
,,,,b9883ea7-5943-11e4-85bd-000b6a4d90f4
,,,,b988af64-5943-11e4-85bd-000b6a4d90f4
,,,,b9892a60-5943-11e4-85bd-000b6a4d90f4
,,,,b989e86f-5943-11e4-85bd-000b6a4d90f4
,,,,b98a59ef-5943-11e4-85bd-000b6a4d90f4
,,,,b98b0edb-5943-11e4-85bd-000b6a4d90f4
,,,,b98ba348-5943-11e4-85bd-000b6a4d90f4
,,,,b98c1589-5943-11e4-85bd-000b6a4d90f4
,,,,b98ce23d-5943-11e4-85bd-000b6a4d90f4
,,,,b98e161e-5943-11e4-85bd-000b6a4d90f4
,,,,b98e87d1-5943-11e4-85bd-000b6a4d90f4
,,,,b98ef8c9-5943-11e4-85bd-000b6a4d90f4
,,,,b98f8087-5943-11e4-85bd-000b6a4d90f4
,,,,b99005ed-5943-11e4-85bd-000b6a4d90f4
,,,,b990fecd-5943-11e4-85bd-000b6a4d90f4
,,,,b9917088-5943-11e4-85bd-000b6a4d90f4
,,,,b991e0f1-5943-11e4-85bd-000b6a4d90f4
,,,,b99253eb-5943-11e4-85bd-000b6a4d90f4
,,,,b992c5ba-5943-11e4-85bd-000b6a4d90f4
,,,,b99384c4-5943-11e4-85bd-000b6a4d90f4
,,,,b994290e-5943-11e4-85bd-000b6a4d90f4
,,,,b994d516-5943-11e4-85bd-000b6a4d90f4
,,,,b995839c-5943-11e4-85bd-000b6a4d90f4
,,,,b995f4ad-5943-11e4-85bd-000b6a4d90f4
,,,,b9966637-5943-11e4-85bd-000b6a4d90f4
,,,,b996d75b-5943-11e4-85bd-000b6a4d90f4
,,,,b99748f5-5943-11e4-85bd-000b6a4d90f4
,,,,b997b9f3-5943-11e4-85bd-000b6a4d90f4
,,,,b99837f2-5943-11e4-85bd-000b6a4d90f4
,,,,b998a9c9-5943-11e4-85bd-000b6a4d90f4
,,,,b9991b98-5943-11e4-85bd-000b6a4d90f4
,,,,b999d4a4-5943-11e4-85bd-000b6a4d90f4
,,,,b99b91a1-5943-11e4-85bd-000b6a4d90f4
,,,,b99ca011-5943-11e4-85bd-000b6a4d90f4
,,,,b99d2cfc-5943-11e4-85bd-000b6a4d90f4
,,,,b99d9e42-5943-11e4-85bd-000b6a4d90f4
,,,,b99e1083-5943-11e4-85bd-000b6a4d90f4
,,,,b99e96b2-5943-11e4-85bd-000b6a4d90f4
,,,,b99f828a-5943-11e4-85bd-000b6a4d90f4
,,,,b9a028df-5943-11e4-85bd-000b6a4d90f4
,,,,b9a0de27-5943-11e4-85bd-000b6a4d90f4
,,,,b9a162da-5943-11e4-85bd-000b6a4d90f4
,,,,b9a21d41-5943-11e4-85bd-000b6a4d90f4
,,,,b9a32022-5943-11e4-85bd-000b6a4d90f4
,,,,b9a3dc53-5943-11e4-85bd-000b6a4d90f4
,,,,b9a463e7-5943-11e4-85bd-000b6a4d90f4
,,,,b9a4d528-5943-11e4-85bd-000b6a4d90f4
,,,,b9a55b94-5943-11e4-85bd-000b6a4d90f4
,,,,b9a5e511-5943-11e4-85bd-000b6a4d90f4
,,,,b9a65720-5943-11e4-85bd-000b6a4d90f4
,,,,b9a6c86f-5943-11e4-85bd-000b6a4d90f4
,,,,b9a75b30-5943-11e4-85bd-000b6a4d90f4
,,,,b9a7e028-5943-11e4-85bd-000b6a4d90f4
,,,,b9a85671-5943-11e4-85bd-000b6a4d90f4
