group,Сублиматы,,,,1
Сухой желток ,624,50,,0b058900-53e9-11e4-9f4b-000b6a4d90f4,
Яичный порошок ,544,50,,0b05fdca-53e9-11e4-9f4b-000b6a4d90f4,
Сухой белок ,337,50,,0b06726f-53e9-11e4-9f4b-000b6a4d90f4,
Творог сублимированный,400,50,,0b06e6ed-53e9-11e4-9f4b-000b6a4d90f4,
Сливки сухие,607,40,,0b075ac1-53e9-11e4-9f4b-000b6a4d90f4,
Молоко сухое,350,40,,0b07cf5b-53e9-11e4-9f4b-000b6a4d90f4,
Супы сухие,320,60,,0b0843aa-53e9-11e4-9f4b-000b6a4d90f4,
,,,,0b08b887-53e9-11e4-9f4b-000b6a4d90f4,
,,,,0b092dc6-53e9-11e4-9f4b-000b6a4d90f4,
,,,,0b09a2ca-53e9-11e4-9f4b-000b6a4d90f4,
,,,,0b0a178c-53e9-11e4-9f4b-000b6a4d90f4,
,,,,0b0a8c55-53e9-11e4-9f4b-000b6a4d90f4,
,,,,0b0b00e7-53e9-11e4-9f4b-000b6a4d90f4,
,,,,0b0b750c-53e9-11e4-9f4b-000b6a4d90f4,
,,,,0b0be939-53e9-11e4-9f4b-000b6a4d90f4,
,,,,0b0c5c79-53e9-11e4-9f4b-000b6a4d90f4,
,,,,0b0cd0b4-53e9-11e4-9f4b-000b6a4d90f4,
,,,,0b0d4524-53e9-11e4-9f4b-000b6a4d90f4,
,,,,0b0dbc5a-53e9-11e4-9f4b-000b6a4d90f4,
,,,,0b0e3098-53e9-11e4-9f4b-000b6a4d90f4,
,,,,0b0ea3f4-53e9-11e4-9f4b-000b6a4d90f4,
,,,,0b0f18aa-53e9-11e4-9f4b-000b6a4d90f4,
,,,,0b0f8cf3-53e9-11e4-9f4b-000b6a4d90f4,
,,,,0b100101-53e9-11e4-9f4b-000b6a4d90f4,
,,,,0b107707-53e9-11e4-9f4b-000b6a4d90f4,
,,,,0b10eac2-53e9-11e4-9f4b-000b6a4d90f4,
,,,,0b11600e-53e9-11e4-9f4b-000b6a4d90f4,
,,,,0b11d4b4-53e9-11e4-9f4b-000b6a4d90f4,
,,,,0b124972-53e9-11e4-9f4b-000b6a4d90f4,
,,,,0b12bd33-53e9-11e4-9f4b-000b6a4d90f4,
,,,,0b133264-53e9-11e4-9f4b-000b6a4d90f4,
,,,,0b13a714-53e9-11e4-9f4b-000b6a4d90f4,
,,,,0b141c2f-53e9-11e4-9f4b-000b6a4d90f4,
,,,,0b149120-53e9-11e4-9f4b-000b6a4d90f4,
,,,,0b150512-53e9-11e4-9f4b-000b6a4d90f4,
,,,,0b157a46-53e9-11e4-9f4b-000b6a4d90f4,
,,,,0b15eed8-53e9-11e4-9f4b-000b6a4d90f4,
,,,,0b1662e9-53e9-11e4-9f4b-000b6a4d90f4,
,,,,0b16e9a6-53e9-11e4-9f4b-000b6a4d90f4,
,,,,0b175c7f-53e9-11e4-9f4b-000b6a4d90f4,
,,,,0b17d113-53e9-11e4-9f4b-000b6a4d90f4,
,,,,0b18452a-53e9-11e4-9f4b-000b6a4d90f4,
,,,,0b18cc3b-53e9-11e4-9f4b-000b6a4d90f4,
,,,,0b1940f1-53e9-11e4-9f4b-000b6a4d90f4,
,,,,0b19b4ba-53e9-11e4-9f4b-000b6a4d90f4,
,,,,0b1a2970-53e9-11e4-9f4b-000b6a4d90f4,
,,,,0b1a9e26-53e9-11e4-9f4b-000b6a4d90f4,
,,,,0b1b1272-53e9-11e4-9f4b-000b6a4d90f4,
,,,,0b1b85e1-53e9-11e4-9f4b-000b6a4d90f4,
,,,,0b1bfa30-53e9-11e4-9f4b-000b6a4d90f4,
,,,,0b1c7245-53e9-11e4-9f4b-000b6a4d90f4,
,,,,0b1ce9f0-53e9-11e4-9f4b-000b6a4d90f4,
,,,,0b1d5e58-53e9-11e4-9f4b-000b6a4d90f4,
,,,,0b1dd1d3-53e9-11e4-9f4b-000b6a4d90f4,
,,,,0b1e465c-53e9-11e4-9f4b-000b6a4d90f4,
,,,,0b1ebafc-53e9-11e4-9f4b-000b6a4d90f4,
,,,,0b1f2fc5-53e9-11e4-9f4b-000b6a4d90f4,
,,,,0b1fa3b5-53e9-11e4-9f4b-000b6a4d90f4,
,,,,0b20178f-53e9-11e4-9f4b-000b6a4d90f4,
,,,,0b20a9e5-53e9-11e4-9f4b-000b6a4d90f4,
,,,,0b211eba-53e9-11e4-9f4b-000b6a4d90f4,
,,,,0b219373-53e9-11e4-9f4b-000b6a4d90f4,
,,,,0b220763-53e9-11e4-9f4b-000b6a4d90f4,
,,,,0b227ba6-53e9-11e4-9f4b-000b6a4d90f4,
,,,,0b22f0e0-53e9-11e4-9f4b-000b6a4d90f4,
,,,,0b236548-53e9-11e4-9f4b-000b6a4d90f4,
,,,,0b23da28-53e9-11e4-9f4b-000b6a4d90f4,
,,,,0b244d43-53e9-11e4-9f4b-000b6a4d90f4,
,,,,0b24c26c-53e9-11e4-9f4b-000b6a4d90f4,
,,,,0b253754-53e9-11e4-9f4b-000b6a4d90f4,
,,,,0b25abb4-53e9-11e4-9f4b-000b6a4d90f4,
,,,,0b2620cc-53e9-11e4-9f4b-000b6a4d90f4,
,,,,0b269440-53e9-11e4-9f4b-000b6a4d90f4,
,,,,0b270904-53e9-11e4-9f4b-000b6a4d90f4,
,,,,0b277d40-53e9-11e4-9f4b-000b6a4d90f4,
,,,,0b27f217-53e9-11e4-9f4b-000b6a4d90f4,
,,,,0b2866d6-53e9-11e4-9f4b-000b6a4d90f4,
,,,,0b28d987-53e9-11e4-9f4b-000b6a4d90f4,
,,,,0b29507a-53e9-11e4-9f4b-000b6a4d90f4,
,,,,0b29c453-53e9-11e4-9f4b-000b6a4d90f4,
,,,,0b2a41e0-53e9-11e4-9f4b-000b6a4d90f4,
,,,,0b2ab5e3-53e9-11e4-9f4b-000b6a4d90f4,
,,,,0b2b2a06-53e9-11e4-9f4b-000b6a4d90f4,
,,,,0b2ba242-53e9-11e4-9f4b-000b6a4d90f4,
,,,,0b2c1c3b-53e9-11e4-9f4b-000b6a4d90f4,
,,,,0b2c9142-53e9-11e4-9f4b-000b6a4d90f4,
,,,,0b2d04bf-53e9-11e4-9f4b-000b6a4d90f4,
,,,,0b2d79b0-53e9-11e4-9f4b-000b6a4d90f4,
,,,,0b2ded94-53e9-11e4-9f4b-000b6a4d90f4,
,,,,0b2e61ae-53e9-11e4-9f4b-000b6a4d90f4,
,,,,0b2ef009-53e9-11e4-9f4b-000b6a4d90f4,
,,,,0b2f64d6-53e9-11e4-9f4b-000b6a4d90f4,
,,,,0b2fdab1-53e9-11e4-9f4b-000b6a4d90f4,
,,,,0b304f21-53e9-11e4-9f4b-000b6a4d90f4,
,,,,0b30c349-53e9-11e4-9f4b-000b6a4d90f4,
,,,,0b31383c-53e9-11e4-9f4b-000b6a4d90f4,
,,,,0b31ab01-53e9-11e4-9f4b-000b6a4d90f4,
,,,,0b321fa9-53e9-11e4-9f4b-000b6a4d90f4,
,,,,0b329380-53e9-11e4-9f4b-000b6a4d90f4,
,,,,0b330836-53e9-11e4-9f4b-000b6a4d90f4,
,,,,0b337cec-53e9-11e4-9f4b-000b6a4d90f4,
,,,,0b33ee8e-53e9-11e4-9f4b-000b6a4d90f4,
,,,,0b3460b7-53e9-11e4-9f4b-000b6a4d90f4,
,,,,0b34d322-53e9-11e4-9f4b-000b6a4d90f4,
,,,,0b3546dd-53e9-11e4-9f4b-000b6a4d90f4,
,,,,0b35b80a-53e9-11e4-9f4b-000b6a4d90f4,
,,,,0b362ac9-53e9-11e4-9f4b-000b6a4d90f4,
,,,,0b369c98-53e9-11e4-9f4b-000b6a4d90f4,
,,,,0b370eda-53e9-11e4-9f4b-000b6a4d90f4,
,,,,0b3781a4-53e9-11e4-9f4b-000b6a4d90f4,
,,,,0b37f447-53e9-11e4-9f4b-000b6a4d90f4,
,,,,0b38661c-53e9-11e4-9f4b-000b6a4d90f4,
,,,,0b38d81d-53e9-11e4-9f4b-000b6a4d90f4,
,,,,0b394ae2-53e9-11e4-9f4b-000b6a4d90f4,
,,,,0b39bd05-53e9-11e4-9f4b-000b6a4d90f4,
,,,,0b3a2fee-53e9-11e4-9f4b-000b6a4d90f4,
,,,,0b3aa265-53e9-11e4-9f4b-000b6a4d90f4,
,,,,0b3b13ee-53e9-11e4-9f4b-000b6a4d90f4,
,,,,0b3b89e8-53e9-11e4-9f4b-000b6a4d90f4,
,,,,0b3c1437-53e9-11e4-9f4b-000b6a4d90f4,
,,,,0b3c880b-53e9-11e4-9f4b-000b6a4d90f4,
,,,,0b3cfae6-53e9-11e4-9f4b-000b6a4d90f4,
,,,,0b3d6dd4-53e9-11e4-9f4b-000b6a4d90f4,
,,,,0b3de07b-53e9-11e4-9f4b-000b6a4d90f4,
,,,,0b3e5348-53e9-11e4-9f4b-000b6a4d90f4,
,,,,0b3ec5d7-53e9-11e4-9f4b-000b6a4d90f4,
,,,,0b3f3846-53e9-11e4-9f4b-000b6a4d90f4,
,,,,0b3faaf4-53e9-11e4-9f4b-000b6a4d90f4,
,,,,0b401ec0-53e9-11e4-9f4b-000b6a4d90f4,
,,,,0b4090e8-53e9-11e4-9f4b-000b6a4d90f4,
,,,,0b4104d8-53e9-11e4-9f4b-000b6a4d90f4,
,,,,0b4178ff-53e9-11e4-9f4b-000b6a4d90f4,
,,,,0b41ec8b-53e9-11e4-9f4b-000b6a4d90f4,
,,,,0b42602c-53e9-11e4-9f4b-000b6a4d90f4,
,,,,0b42d206-53e9-11e4-9f4b-000b6a4d90f4,
,,,,0b4343a9-53e9-11e4-9f4b-000b6a4d90f4,
,,,,0b43b6ca-53e9-11e4-9f4b-000b6a4d90f4,
,,,,0b442957-53e9-11e4-9f4b-000b6a4d90f4,
,,,,0b449d65-53e9-11e4-9f4b-000b6a4d90f4,
,,,,0b450f6f-53e9-11e4-9f4b-000b6a4d90f4,
,,,,0b45820c-53e9-11e4-9f4b-000b6a4d90f4,
,,,,0b45f560-53e9-11e4-9f4b-000b6a4d90f4,
,,,,0b46686d-53e9-11e4-9f4b-000b6a4d90f4,
,,,,0b46dc4c-53e9-11e4-9f4b-000b6a4d90f4,
,,,,0b474d8d-53e9-11e4-9f4b-000b6a4d90f4,
,,,,0b47c137-53e9-11e4-9f4b-000b6a4d90f4,
,,,,0b483487-53e9-11e4-9f4b-000b6a4d90f4,
,,,,0b48a834-53e9-11e4-9f4b-000b6a4d90f4,
,,,,0b491be0-53e9-11e4-9f4b-000b6a4d90f4,
,,,,0b498dbb-53e9-11e4-9f4b-000b6a4d90f4,
,,,,0b4a0318-53e9-11e4-9f4b-000b6a4d90f4,
,,,,0b4a798b-53e9-11e4-9f4b-000b6a4d90f4,
,,,,0b4aecb4-53e9-11e4-9f4b-000b6a4d90f4,
,,,,0b4b5ff4-53e9-11e4-9f4b-000b6a4d90f4,
,,,,0b4bd105-53e9-11e4-9f4b-000b6a4d90f4,
,,,,0b4c43f6-53e9-11e4-9f4b-000b6a4d90f4,
,,,,0b4cc096-53e9-11e4-9f4b-000b6a4d90f4,
,,,,0b4d3405-53e9-11e4-9f4b-000b6a4d90f4,
,,,,0b4da8a2-53e9-11e4-9f4b-000b6a4d90f4,
,,,,0b4e19dd-53e9-11e4-9f4b-000b6a4d90f4,
,,,,0b4e8c6d-53e9-11e4-9f4b-000b6a4d90f4,
,,,,0b4f0019-53e9-11e4-9f4b-000b6a4d90f4,
,,,,0b4f738e-53e9-11e4-9f4b-000b6a4d90f4,
,,,,0b4fe5c7-53e9-11e4-9f4b-000b6a4d90f4,
,,,,0b5058f1-53e9-11e4-9f4b-000b6a4d90f4,
,,,,0b50cb9c-53e9-11e4-9f4b-000b6a4d90f4,
,,,,0b513e75-53e9-11e4-9f4b-000b6a4d90f4,
,,,,0b51b113-53e9-11e4-9f4b-000b6a4d90f4,
,,,,0b52226c-53e9-11e4-9f4b-000b6a4d90f4,
,,,,0b5295a6-53e9-11e4-9f4b-000b6a4d90f4,
,,,,0b5308b4-53e9-11e4-9f4b-000b6a4d90f4,
,,,,0b537c4d-53e9-11e4-9f4b-000b6a4d90f4,
,,,,0b53f09f-53e9-11e4-9f4b-000b6a4d90f4,
,,,,0b54627e-53e9-11e4-9f4b-000b6a4d90f4,
,,,,0b54d573-53e9-11e4-9f4b-000b6a4d90f4,
,,,,0b554777-53e9-11e4-9f4b-000b6a4d90f4,
,,,,0b55bae6-53e9-11e4-9f4b-000b6a4d90f4,
,,,,0b562d8c-53e9-11e4-9f4b-000b6a4d90f4,
,,,,0b569f66-53e9-11e4-9f4b-000b6a4d90f4,
,,,,0b57127c-53e9-11e4-9f4b-000b6a4d90f4,
,,,,0b578597-53e9-11e4-9f4b-000b6a4d90f4,
,,,,0b581539-53e9-11e4-9f4b-000b6a4d90f4,
,,,,0b588749-53e9-11e4-9f4b-000b6a4d90f4,
,,,,0b58f9e9-53e9-11e4-9f4b-000b6a4d90f4,
,,,,0b596c9d-53e9-11e4-9f4b-000b6a4d90f4,
,,,,0b59e29d-53e9-11e4-9f4b-000b6a4d90f4,
,,,,0b5a5676-53e9-11e4-9f4b-000b6a4d90f4,
,,,,0b5ac7a1-53e9-11e4-9f4b-000b6a4d90f4,
,,,,0b5b3b10-53e9-11e4-9f4b-000b6a4d90f4,
,,,,0b5baf6a-53e9-11e4-9f4b-000b6a4d90f4,
,,,,0b5c2213-53e9-11e4-9f4b-000b6a4d90f4,
,,,,0b5c95b4-53e9-11e4-9f4b-000b6a4d90f4,
,,,,0b5d0786-53e9-11e4-9f4b-000b6a4d90f4,
,,,,0b5d79de-53e9-11e4-9f4b-000b6a4d90f4,
,,,,0b5dedaf-53e9-11e4-9f4b-000b6a4d90f4,
,,,,0b5e60b7-53e9-11e4-9f4b-000b6a4d90f4,
,,,,0b5ed357-53e9-11e4-9f4b-000b6a4d90f4,
,,,,0b5f4542-53e9-11e4-9f4b-000b6a4d90f4,
,,,,0b5fb83c-53e9-11e4-9f4b-000b6a4d90f4,
,,,,0b602ce1-53e9-11e4-9f4b-000b6a4d90f4,
,,,,0b60a356-53e9-11e4-9f4b-000b6a4d90f4,
,,,,0b61168b-53e9-11e4-9f4b-000b6a4d90f4,
,,,,0b618923-53e9-11e4-9f4b-000b6a4d90f4,
,,,,0b61fccd-53e9-11e4-9f4b-000b6a4d90f4,
,,,,0b627088-53e9-11e4-9f4b-000b6a4d90f4,
,,,,0b62e448-53e9-11e4-9f4b-000b6a4d90f4,
,,,,0b635883-53e9-11e4-9f4b-000b6a4d90f4,
,,,,0b63c9fe-53e9-11e4-9f4b-000b6a4d90f4,
,,,,0b643c75-53e9-11e4-9f4b-000b6a4d90f4,
,,,,0b64b0ee-53e9-11e4-9f4b-000b6a4d90f4,
,,,,0b65253a-53e9-11e4-9f4b-000b6a4d90f4,
,,,,0b659869-53e9-11e4-9f4b-000b6a4d90f4,
,,,,0b660c9b-53e9-11e4-9f4b-000b6a4d90f4,
,,,,0b667fef-53e9-11e4-9f4b-000b6a4d90f4,
,,,,0b66f38b-53e9-11e4-9f4b-000b6a4d90f4,
,,,,0b676719-53e9-11e4-9f4b-000b6a4d90f4,
,,,,0b67da3f-53e9-11e4-9f4b-000b6a4d90f4,
,,,,0b684dff-53e9-11e4-9f4b-000b6a4d90f4,
,,,,0b68bff8-53e9-11e4-9f4b-000b6a4d90f4,
,,,,0b693513-53e9-11e4-9f4b-000b6a4d90f4,
,,,,0b69a77c-53e9-11e4-9f4b-000b6a4d90f4,
,,,,0b6a18c5-53e9-11e4-9f4b-000b6a4d90f4,
,,,,0b6a8b9a-53e9-11e4-9f4b-000b6a4d90f4,
,,,,0b6afd90-53e9-11e4-9f4b-000b6a4d90f4,
,,,,0b6b70ca-53e9-11e4-9f4b-000b6a4d90f4,
,,,,0b6be330-53e9-11e4-9f4b-000b6a4d90f4,
,,,,0b6c5561-53e9-11e4-9f4b-000b6a4d90f4,
,,,,0b6ce4aa-53e9-11e4-9f4b-000b6a4d90f4,
,,,,0b6d5718-53e9-11e4-9f4b-000b6a4d90f4,
,,,,0b6dc91f-53e9-11e4-9f4b-000b6a4d90f4,
,,,,0b6e3bc5-53e9-11e4-9f4b-000b6a4d90f4,
,,,,0b6ead4e-53e9-11e4-9f4b-000b6a4d90f4,
,,,,0b6f1f84-53e9-11e4-9f4b-000b6a4d90f4,
,,,,0b6f91b8-53e9-11e4-9f4b-000b6a4d90f4,
,,,,0b7004b7-53e9-11e4-9f4b-000b6a4d90f4,
,,,,0b7075d4-53e9-11e4-9f4b-000b6a4d90f4,
,,,,0b70e73b-53e9-11e4-9f4b-000b6a4d90f4,
,,,,0b7159ec-53e9-11e4-9f4b-000b6a4d90f4,
,,,,0b71cc58-53e9-11e4-9f4b-000b6a4d90f4,
,,,,0b72408d-53e9-11e4-9f4b-000b6a4d90f4,
,,,,0b72b257-53e9-11e4-9f4b-000b6a4d90f4,
,,,,0b7324c8-53e9-11e4-9f4b-000b6a4d90f4,
,,,,0b73979b-53e9-11e4-9f4b-000b6a4d90f4,
,,,,0b740a28-53e9-11e4-9f4b-000b6a4d90f4,
,,,,0b747d3e-53e9-11e4-9f4b-000b6a4d90f4,
,,,,0b74efd6-53e9-11e4-9f4b-000b6a4d90f4,
,,,,0b756233-53e9-11e4-9f4b-000b6a4d90f4,
,,,,0b75d506-53e9-11e4-9f4b-000b6a4d90f4,
,,,,0b7647e9-53e9-11e4-9f4b-000b6a4d90f4,
,,,,0b76ba79-53e9-11e4-9f4b-000b6a4d90f4,
,,,,0b77473d-53e9-11e4-9f4b-000b6a4d90f4,
,,,,0b77b9fc-53e9-11e4-9f4b-000b6a4d90f4,
,,,,0b782d44-53e9-11e4-9f4b-000b6a4d90f4,
,,,,0b78a31f-53e9-11e4-9f4b-000b6a4d90f4,
,,,,0b7915d3-53e9-11e4-9f4b-000b6a4d90f4,
,,,,0b79878f-53e9-11e4-9f4b-000b6a4d90f4,
,,,,0b79f96c-53e9-11e4-9f4b-000b6a4d90f4,
,,,,0b7a7675-53e9-11e4-9f4b-000b6a4d90f4,
,,,,0b7ae8e9-53e9-11e4-9f4b-000b6a4d90f4,
,,,,0b7b5b36-53e9-11e4-9f4b-000b6a4d90f4,
,,,,0b7bcce6-53e9-11e4-9f4b-000b6a4d90f4,
,,,,0b7c3fe3-53e9-11e4-9f4b-000b6a4d90f4,
,,,,0b7cb34f-53e9-11e4-9f4b-000b6a4d90f4,
,,,,0b7d268f-53e9-11e4-9f4b-000b6a4d90f4,
,,,,0b7d97fc-53e9-11e4-9f4b-000b6a4d90f4,
,,,,0b7e0a30-53e9-11e4-9f4b-000b6a4d90f4,
,,,,0b7e7ddf-53e9-11e4-9f4b-000b6a4d90f4,
,,,,0b7ef0aa-53e9-11e4-9f4b-000b6a4d90f4,
,,,,0b7f6369-53e9-11e4-9f4b-000b6a4d90f4,
,,,,0b7fd58c-53e9-11e4-9f4b-000b6a4d90f4,
,,,,0b80487d-53e9-11e4-9f4b-000b6a4d90f4,
,,,,0b80ba44-53e9-11e4-9f4b-000b6a4d90f4,
,,,,0b812dae-53e9-11e4-9f4b-000b6a4d90f4,
,,,,0b81d2e8-53e9-11e4-9f4b-000b6a4d90f4,
,,,,0b82c03d-53e9-11e4-9f4b-000b6a4d90f4,
,,,,0b8424d5-53e9-11e4-9f4b-000b6a4d90f4,
,,,,0b854228-53e9-11e4-9f4b-000b6a4d90f4,
,,,,0b85fe0f-53e9-11e4-9f4b-000b6a4d90f4,
,,,,0b8671a0-53e9-11e4-9f4b-000b6a4d90f4,
,,,,0b86e664-53e9-11e4-9f4b-000b6a4d90f4,
,,,,0b875a25-53e9-11e4-9f4b-000b6a4d90f4,
,,,,0b87d13c-53e9-11e4-9f4b-000b6a4d90f4,
,,,,0b88466f-53e9-11e4-9f4b-000b6a4d90f4,
,,,,0b88b988-53e9-11e4-9f4b-000b6a4d90f4,
,,,,0b892d3d-53e9-11e4-9f4b-000b6a4d90f4,
,,,,0b89a18c-53e9-11e4-9f4b-000b6a4d90f4,
,,,,0b8a1533-53e9-11e4-9f4b-000b6a4d90f4,
,,,,0b8a89bc-53e9-11e4-9f4b-000b6a4d90f4,
,,,,0b8afda1-53e9-11e4-9f4b-000b6a4d90f4,
,,,,0b8b720c-53e9-11e4-9f4b-000b6a4d90f4,
,,,,0b8be62b-53e9-11e4-9f4b-000b6a4d90f4,
,,,,0b8c5aba-53e9-11e4-9f4b-000b6a4d90f4,
,,,,0b8ccf43-53e9-11e4-9f4b-000b6a4d90f4,
,,,,0b8d4328-53e9-11e4-9f4b-000b6a4d90f4,
,,,,0b8db6cc-53e9-11e4-9f4b-000b6a4d90f4,
,,,,0b8e2ae6-53e9-11e4-9f4b-000b6a4d90f4,
,,,,0b8e9fb8-53e9-11e4-9f4b-000b6a4d90f4,
,,,,0b8f1407-53e9-11e4-9f4b-000b6a4d90f4,
,,,,0b8f87d2-53e9-11e4-9f4b-000b6a4d90f4,
,,,,0b8ffbd0-53e9-11e4-9f4b-000b6a4d90f4,
,,,,0b907231-53e9-11e4-9f4b-000b6a4d90f4,
,,,,0b90e73b-53e9-11e4-9f4b-000b6a4d90f4,
,,,,0b915ac9-53e9-11e4-9f4b-000b6a4d90f4,
,,,,0b91cea3-53e9-11e4-9f4b-000b6a4d90f4,
,,,,0b924316-53e9-11e4-9f4b-000b6a4d90f4,
,,,,0b92b7da-53e9-11e4-9f4b-000b6a4d90f4,
,,,,0b932bdd-53e9-11e4-9f4b-000b6a4d90f4,
,,,,0b939efe-53e9-11e4-9f4b-000b6a4d90f4,
,,,,0b941286-53e9-11e4-9f4b-000b6a4d90f4,
,,,,0b948715-53e9-11e4-9f4b-000b6a4d90f4,
,,,,0b94fb6d-53e9-11e4-9f4b-000b6a4d90f4,
,,,,0b956f73-53e9-11e4-9f4b-000b6a4d90f4,
,,,,0b95e179-53e9-11e4-9f4b-000b6a4d90f4,
,,,,0b9654d2-53e9-11e4-9f4b-000b6a4d90f4,
,,,,0b977b04-53e9-11e4-9f4b-000b6a4d90f4,
,,,,0b97f567-53e9-11e4-9f4b-000b6a4d90f4,
,,,,0b986968-53e9-11e4-9f4b-000b6a4d90f4,
,,,,0b98dd76-53e9-11e4-9f4b-000b6a4d90f4,
,,,,0b99511b-53e9-11e4-9f4b-000b6a4d90f4,
,,,,0b99c585-53e9-11e4-9f4b-000b6a4d90f4,
,,,,0b9a3789-53e9-11e4-9f4b-000b6a4d90f4,
,,,,0b9aabca-53e9-11e4-9f4b-000b6a4d90f4,
,,,,0b9b1f87-53e9-11e4-9f4b-000b6a4d90f4,
,,,,0b9b93ce-53e9-11e4-9f4b-000b6a4d90f4,
,,,,0b9c07fb-53e9-11e4-9f4b-000b6a4d90f4,
,,,,0b9c7ae1-53e9-11e4-9f4b-000b6a4d90f4,
,,,,0b9ceed4-53e9-11e4-9f4b-000b6a4d90f4,
,,,,0b9d6426-53e9-11e4-9f4b-000b6a4d90f4,
,,,,0b9df183-53e9-11e4-9f4b-000b6a4d90f4,
,,,,0b9e6562-53e9-11e4-9f4b-000b6a4d90f4,
,,,,0b9ed952-53e9-11e4-9f4b-000b6a4d90f4,
,,,,0b9f4d6c-53e9-11e4-9f4b-000b6a4d90f4,
,,,,0b9fc124-53e9-11e4-9f4b-000b6a4d90f4,
,,,,0ba03586-53e9-11e4-9f4b-000b6a4d90f4,
,,,,0ba0b95c-53e9-11e4-9f4b-000b6a4d90f4,
,,,,0ba12d79-53e9-11e4-9f4b-000b6a4d90f4,
,,,,0ba1a13e-53e9-11e4-9f4b-000b6a4d90f4,
,,,,0ba2155b-53e9-11e4-9f4b-000b6a4d90f4,
,,,,0ba289df-53e9-11e4-9f4b-000b6a4d90f4,
,,,,0ba2fc98-53e9-11e4-9f4b-000b6a4d90f4,
,,,,0ba370e4-53e9-11e4-9f4b-000b6a4d90f4,
,,,,0ba3e565-53e9-11e4-9f4b-000b6a4d90f4,
,,,,0ba458fe-53e9-11e4-9f4b-000b6a4d90f4,
,,,,0ba4cc03-53e9-11e4-9f4b-000b6a4d90f4,
,,,,0ba53f8f-53e9-11e4-9f4b-000b6a4d90f4,
,,,,0ba5b355-53e9-11e4-9f4b-000b6a4d90f4,
,,,,0ba62798-53e9-11e4-9f4b-000b6a4d90f4,
,,,,0ba69e77-53e9-11e4-9f4b-000b6a4d90f4,
,,,,0ba71160-53e9-11e4-9f4b-000b6a4d90f4,
,,,,0ba78531-53e9-11e4-9f4b-000b6a4d90f4,
,,,,0ba7fb3c-53e9-11e4-9f4b-000b6a4d90f4,
,,,,0ba86f94-53e9-11e4-9f4b-000b6a4d90f4,
,,,,0ba8e417-53e9-11e4-9f4b-000b6a4d90f4,
,,,,0ba95675-53e9-11e4-9f4b-000b6a4d90f4,
,,,,0ba9cbfa-53e9-11e4-9f4b-000b6a4d90f4,
,,,,0baa3fd9-53e9-11e4-9f4b-000b6a4d90f4,
,,,,0baab36c-53e9-11e4-9f4b-000b6a4d90f4,
,,,,0bab2743-53e9-11e4-9f4b-000b6a4d90f4,
,,,,0bab99e9-53e9-11e4-9f4b-000b6a4d90f4,
,,,,0bac0da6-53e9-11e4-9f4b-000b6a4d90f4,
,,,,0bac813d-53e9-11e4-9f4b-000b6a4d90f4,
,,,,0bacf572-53e9-11e4-9f4b-000b6a4d90f4,
,,,,0bad6930-53e9-11e4-9f4b-000b6a4d90f4,
,,,,0baddba4-53e9-11e4-9f4b-000b6a4d90f4,
,,,,0bae4eee-53e9-11e4-9f4b-000b6a4d90f4,
,,,,0baec21d-53e9-11e4-9f4b-000b6a4d90f4,
,,,,0baf3696-53e9-11e4-9f4b-000b6a4d90f4,
,,,,0bafaab8-53e9-11e4-9f4b-000b6a4d90f4,
,,,,0bb01d7d-53e9-11e4-9f4b-000b6a4d90f4,
,,,,0bb09236-53e9-11e4-9f4b-000b6a4d90f4,
,,,,0bb10618-53e9-11e4-9f4b-000b6a4d90f4,
,,,,0bb17b2a-53e9-11e4-9f4b-000b6a4d90f4,
,,,,0bb1ee45-53e9-11e4-9f4b-000b6a4d90f4,
,,,,0bb26156-53e9-11e4-9f4b-000b6a4d90f4,
,,,,0bb2d5be-53e9-11e4-9f4b-000b6a4d90f4,
,,,,0bb349ad-53e9-11e4-9f4b-000b6a4d90f4,
,,,,0bb3be18-53e9-11e4-9f4b-000b6a4d90f4,
,,,,0bb43139-53e9-11e4-9f4b-000b6a4d90f4,
,,,,0bb4a4f1-53e9-11e4-9f4b-000b6a4d90f4,
,,,,0bb51863-53e9-11e4-9f4b-000b6a4d90f4,
,,,,0bb58c74-53e9-11e4-9f4b-000b6a4d90f4,
,,,,0bb60378-53e9-11e4-9f4b-000b6a4d90f4,
,,,,0bb676fd-53e9-11e4-9f4b-000b6a4d90f4,
,,,,0bb6ea5c-53e9-11e4-9f4b-000b6a4d90f4,
,,,,0bb75e0e-53e9-11e4-9f4b-000b6a4d90f4,
,,,,0bb7d1fb-53e9-11e4-9f4b-000b6a4d90f4,
,,,,0bb845d2-53e9-11e4-9f4b-000b6a4d90f4,
,,,,0bb8b83a-53e9-11e4-9f4b-000b6a4d90f4,
,,,,0bb92c11-53e9-11e4-9f4b-000b6a4d90f4,
,,,,0bb9a06b-53e9-11e4-9f4b-000b6a4d90f4,
,,,,0bba140c-53e9-11e4-9f4b-000b6a4d90f4,
,,,,0bba87f4-53e9-11e4-9f4b-000b6a4d90f4,
,,,,0bbafab9-53e9-11e4-9f4b-000b6a4d90f4,
,,,,0bbb6ed5-53e9-11e4-9f4b-000b6a4d90f4,
,,,,0bbbe585-53e9-11e4-9f4b-000b6a4d90f4,
,,,,0bbc591b-53e9-11e4-9f4b-000b6a4d90f4,
,,,,0bbce7ca-53e9-11e4-9f4b-000b6a4d90f4,
,,,,0bbd5b52-53e9-11e4-9f4b-000b6a4d90f4,
,,,,0bbdcf3a-53e9-11e4-9f4b-000b6a4d90f4,
,,,,0bbe43bb-53e9-11e4-9f4b-000b6a4d90f4,
,,,,0bbebc5c-53e9-11e4-9f4b-000b6a4d90f4,
,,,,0bbf2f1e-53e9-11e4-9f4b-000b6a4d90f4,
,,,,0bbfb2ee-53e9-11e4-9f4b-000b6a4d90f4,
,,,,0bc02847-53e9-11e4-9f4b-000b6a4d90f4,
,,,,0bc09c47-53e9-11e4-9f4b-000b6a4d90f4,
,,,,0bc11096-53e9-11e4-9f4b-000b6a4d90f4,
,,,,0bc18315-53e9-11e4-9f4b-000b6a4d90f4,
,,,,0bc1f840-53e9-11e4-9f4b-000b6a4d90f4,
,,,,0bc26c11-53e9-11e4-9f4b-000b6a4d90f4,
,,,,0bc2e012-53e9-11e4-9f4b-000b6a4d90f4,
,,,,0bc353fc-53e9-11e4-9f4b-000b6a4d90f4,
,,,,0bc3c689-53e9-11e4-9f4b-000b6a4d90f4,
,,,,0bc43b04-53e9-11e4-9f4b-000b6a4d90f4,
,,,,0bc4af21-53e9-11e4-9f4b-000b6a4d90f4,
,,,,0bc525fa-53e9-11e4-9f4b-000b6a4d90f4,
,,,,0bc59924-53e9-11e4-9f4b-000b6a4d90f4,
,,,,0bc60c3f-53e9-11e4-9f4b-000b6a4d90f4,
,,,,0bc68094-53e9-11e4-9f4b-000b6a4d90f4,
,,,,0bc6f48c-53e9-11e4-9f4b-000b6a4d90f4,
,,,,0bc78266-53e9-11e4-9f4b-000b6a4d90f4,
,,,,0bc7f5ec-53e9-11e4-9f4b-000b6a4d90f4,
,,,,0bc869d3-53e9-11e4-9f4b-000b6a4d90f4,
,,,,0bc8deee-53e9-11e4-9f4b-000b6a4d90f4,
,,,,0bc95295-53e9-11e4-9f4b-000b6a4d90f4,
,,,,0bc9c650-53e9-11e4-9f4b-000b6a4d90f4,
,,,,0bca389c-53e9-11e4-9f4b-000b6a4d90f4,
,,,,0bcaac5a-53e9-11e4-9f4b-000b6a4d90f4,
,,,,0bcb2095-53e9-11e4-9f4b-000b6a4d90f4,
,,,,0bcb9466-53e9-11e4-9f4b-000b6a4d90f4,
,,,,0bcc083d-53e9-11e4-9f4b-000b6a4d90f4,
,,,,0bcc7b50-53e9-11e4-9f4b-000b6a4d90f4,
,,,,0bccef67-53e9-11e4-9f4b-000b6a4d90f4,
,,,,0bcd632c-53e9-11e4-9f4b-000b6a4d90f4,
,,,,0bcdd765-53e9-11e4-9f4b-000b6a4d90f4,
,,,,0bce4cd6-53e9-11e4-9f4b-000b6a4d90f4,
,,,,0bcec005-53e9-11e4-9f4b-000b6a4d90f4,
,,,,0bcf33b7-53e9-11e4-9f4b-000b6a4d90f4,
,,,,0bcfa775-53e9-11e4-9f4b-000b6a4d90f4,
,,,,0bd01a9b-53e9-11e4-9f4b-000b6a4d90f4,
,,,,0bd08d7f-53e9-11e4-9f4b-000b6a4d90f4,
,,,,0bd100d2-53e9-11e4-9f4b-000b6a4d90f4,
,,,,0bd174b4-53e9-11e4-9f4b-000b6a4d90f4,
,,,,0bd1e8ba-53e9-11e4-9f4b-000b6a4d90f4,
,,,,0bd25c80-53e9-11e4-9f4b-000b6a4d90f4,
,,,,0bd2d00b-53e9-11e4-9f4b-000b6a4d90f4,
,,,,0bd343e7-53e9-11e4-9f4b-000b6a4d90f4,
,,,,0bd3b754-53e9-11e4-9f4b-000b6a4d90f4,
,,,,0bd42f29-53e9-11e4-9f4b-000b6a4d90f4,
,,,,0bd4a2c2-53e9-11e4-9f4b-000b6a4d90f4,
,,,,0bd5160a-53e9-11e4-9f4b-000b6a4d90f4,
,,,,0bd58d51-53e9-11e4-9f4b-000b6a4d90f4,
,,,,0bd60127-53e9-11e4-9f4b-000b6a4d90f4,
,,,,0bd67565-53e9-11e4-9f4b-000b6a4d90f4,
,,,,0bd6e8ca-53e9-11e4-9f4b-000b6a4d90f4,
,,,,0bd75c8f-53e9-11e4-9f4b-000b6a4d90f4,
,,,,0bd7d05b-53e9-11e4-9f4b-000b6a4d90f4,
,,,,0bd84434-53e9-11e4-9f4b-000b6a4d90f4,
,,,,0bd8b7cd-53e9-11e4-9f4b-000b6a4d90f4,
,,,,0bd92b3f-53e9-11e4-9f4b-000b6a4d90f4,
,,,,0bd99f5f-53e9-11e4-9f4b-000b6a4d90f4,
,,,,0bda1340-53e9-11e4-9f4b-000b6a4d90f4,
,,,,0bda88ec-53e9-11e4-9f4b-000b6a4d90f4,
,,,,0bdafcfb-53e9-11e4-9f4b-000b6a4d90f4,
,,,,0bdb7032-53e9-11e4-9f4b-000b6a4d90f4,
,,,,0bdbe4be-53e9-11e4-9f4b-000b6a4d90f4,
,,,,0bdc58ca-53e9-11e4-9f4b-000b6a4d90f4,
,,,,0bdccc1b-53e9-11e4-9f4b-000b6a4d90f4,
,,,,0bdd400a-53e9-11e4-9f4b-000b6a4d90f4,
,,,,0bddb2a5-53e9-11e4-9f4b-000b6a4d90f4,
,,,,0bde265d-53e9-11e4-9f4b-000b6a4d90f4,
,,,,0bde9a44-53e9-11e4-9f4b-000b6a4d90f4,
,,,,0bdf0ddb-53e9-11e4-9f4b-000b6a4d90f4,
,,,,0bdf827b-53e9-11e4-9f4b-000b6a4d90f4,
,,,,0bdff5bd-53e9-11e4-9f4b-000b6a4d90f4,
,,,,0be06aa0-53e9-11e4-9f4b-000b6a4d90f4,
,,,,0be0de9b-53e9-11e4-9f4b-000b6a4d90f4,
,,,,0be15223-53e9-11e4-9f4b-000b6a4d90f4,
,,,,0be1c688-53e9-11e4-9f4b-000b6a4d90f4,
,,,,0be2586d-53e9-11e4-9f4b-000b6a4d90f4,
,,,,0be2cbe1-53e9-11e4-9f4b-000b6a4d90f4,
,,,,0be33f89-53e9-11e4-9f4b-000b6a4d90f4,
,,,,0be3c997-53e9-11e4-9f4b-000b6a4d90f4,
,,,,0be43d11-53e9-11e4-9f4b-000b6a4d90f4,
,,,,0be4b0b9-53e9-11e4-9f4b-000b6a4d90f4,
,,,,0be52553-53e9-11e4-9f4b-000b6a4d90f4,
,,,,0be5a2d2-53e9-11e4-9f4b-000b6a4d90f4,
,,,,0be616bc-53e9-11e4-9f4b-000b6a4d90f4,
,,,,0be68ae4-53e9-11e4-9f4b-000b6a4d90f4,
,,,,0be6fed0-53e9-11e4-9f4b-000b6a4d90f4,
,,,,0be77381-53e9-11e4-9f4b-000b6a4d90f4,
,,,,0be7e70f-53e9-11e4-9f4b-000b6a4d90f4,
,,,,0be85b1d-53e9-11e4-9f4b-000b6a4d90f4,
,,,,0be8cea3-53e9-11e4-9f4b-000b6a4d90f4,
,,,,0be94266-53e9-11e4-9f4b-000b6a4d90f4,
,,,,0be9d208-53e9-11e4-9f4b-000b6a4d90f4,
,,,,0bea459c-53e9-11e4-9f4b-000b6a4d90f4,
,,,,0beab8c8-53e9-11e4-9f4b-000b6a4d90f4,
,,,,0beb2d30-53e9-11e4-9f4b-000b6a4d90f4,
,,,,0beba0f0-53e9-11e4-9f4b-000b6a4d90f4,
,,,,0bec1501-53e9-11e4-9f4b-000b6a4d90f4,
,,,,0bec8c5e-53e9-11e4-9f4b-000b6a4d90f4,
,,,,0becfee3-53e9-11e4-9f4b-000b6a4d90f4,
,,,,0bed72a6-53e9-11e4-9f4b-000b6a4d90f4,
,,,,0bede5c4-53e9-11e4-9f4b-000b6a4d90f4,
,,,,0bee59b1-53e9-11e4-9f4b-000b6a4d90f4,
,,,,0beecd02-53e9-11e4-9f4b-000b6a4d90f4,
,,,,0bef3fad-53e9-11e4-9f4b-000b6a4d90f4,
,,,,0befb2f0-53e9-11e4-9f4b-000b6a4d90f4,
,,,,0bf02611-53e9-11e4-9f4b-000b6a4d90f4,
,,,,0bf099d9-53e9-11e4-9f4b-000b6a4d90f4,
,,,,0bf10d16-53e9-11e4-9f4b-000b6a4d90f4,
,,,,0bf17f74-53e9-11e4-9f4b-000b6a4d90f4,
,,,,0bf1f321-53e9-11e4-9f4b-000b6a4d90f4,
,,,,0bf266ef-53e9-11e4-9f4b-000b6a4d90f4,
,,,,0bf2de9d-53e9-11e4-9f4b-000b6a4d90f4,
,,,,0bf3510b-53e9-11e4-9f4b-000b6a4d90f4,
,,,,0bf3c3cd-53e9-11e4-9f4b-000b6a4d90f4,
,,,,0bf43769-53e9-11e4-9f4b-000b6a4d90f4,
,,,,0bf4aab4-53e9-11e4-9f4b-000b6a4d90f4,
,,,,0bf51e0d-53e9-11e4-9f4b-000b6a4d90f4,
,,,,0bf5ac8a-53e9-11e4-9f4b-000b6a4d90f4,
,,,,0bf637a1-53e9-11e4-9f4b-000b6a4d90f4,
,,,,0bf6ab94-53e9-11e4-9f4b-000b6a4d90f4,
,,,,0bf71ee7-53e9-11e4-9f4b-000b6a4d90f4,
,,,,0bf792c6-53e9-11e4-9f4b-000b6a4d90f4,
,,,,0bf805a1-53e9-11e4-9f4b-000b6a4d90f4,
,,,,0bf878ea-53e9-11e4-9f4b-000b6a4d90f4,
,,,,0bf8ed51-53e9-11e4-9f4b-000b6a4d90f4,
,,,,0bf96075-53e9-11e4-9f4b-000b6a4d90f4,
,,,,0bf9d3e2-53e9-11e4-9f4b-000b6a4d90f4,
,,,,0bfa4743-53e9-11e4-9f4b-000b6a4d90f4,
,,,,0bfaba24-53e9-11e4-9f4b-000b6a4d90f4,
,,,,0bfb2e05-53e9-11e4-9f4b-000b6a4d90f4,
,,,,0bfba161-53e9-11e4-9f4b-000b6a4d90f4,
,,,,0bfc152d-53e9-11e4-9f4b-000b6a4d90f4,
,,,,0bfc882f-53e9-11e4-9f4b-000b6a4d90f4,
,,,,0bfcfb3c-53e9-11e4-9f4b-000b6a4d90f4,
,,,,0bfd6f19-53e9-11e4-9f4b-000b6a4d90f4,
,,,,0bfde681-53e9-11e4-9f4b-000b6a4d90f4,
,,,,0bfe59da-53e9-11e4-9f4b-000b6a4d90f4,
,,,,0bfeccdc-53e9-11e4-9f4b-000b6a4d90f4,
,,,,0bff4114-53e9-11e4-9f4b-000b6a4d90f4,
,,,,0bffb4bb-53e9-11e4-9f4b-000b6a4d90f4,
,,,,0c002830-53e9-11e4-9f4b-000b6a4d90f4,
,,,,0c009a10-53e9-11e4-9f4b-000b6a4d90f4,
,,,,0c010e43-53e9-11e4-9f4b-000b6a4d90f4,
,,,,0c0181e1-53e9-11e4-9f4b-000b6a4d90f4,
,,,,0c01f8b0-53e9-11e4-9f4b-000b6a4d90f4,
,,,,0c026c44-53e9-11e4-9f4b-000b6a4d90f4,
,,,,0c02de7d-53e9-11e4-9f4b-000b6a4d90f4,
,,,,0c035437-53e9-11e4-9f4b-000b6a4d90f4,
,,,,0c03c7b1-53e9-11e4-9f4b-000b6a4d90f4,
,,,,0c043b88-53e9-11e4-9f4b-000b6a4d90f4,
,,,,0c04ae7c-53e9-11e4-9f4b-000b6a4d90f4,
,,,,0c05227c-53e9-11e4-9f4b-000b6a4d90f4,
,,,,0c059618-53e9-11e4-9f4b-000b6a4d90f4,
,,,,0c060963-53e9-11e4-9f4b-000b6a4d90f4,
,,,,0c067dce-53e9-11e4-9f4b-000b6a4d90f4,
,,,,0c06f023-53e9-11e4-9f4b-000b6a4d90f4,
,,,,0c076376-53e9-11e4-9f4b-000b6a4d90f4,
,,,,0c07d6e6-53e9-11e4-9f4b-000b6a4d90f4,
,,,,0c084a8d-53e9-11e4-9f4b-000b6a4d90f4,
,,,,0c08bed0-53e9-11e4-9f4b-000b6a4d90f4,
,,,,0c09310f-53e9-11e4-9f4b-000b6a4d90f4,
,,,,0c09a3b2-53e9-11e4-9f4b-000b6a4d90f4,
,,,,0c0a171f-53e9-11e4-9f4b-000b6a4d90f4,
,,,,0c0a8a88-53e9-11e4-9f4b-000b6a4d90f4,
,,,,0c0afe3b-53e9-11e4-9f4b-000b6a4d90f4,
,,,,0c0b71c0-53e9-11e4-9f4b-000b6a4d90f4,
,,,,0c0be567-53e9-11e4-9f4b-000b6a4d90f4,
,,,,0c0c5928-53e9-11e4-9f4b-000b6a4d90f4,
,,,,0c0ce121-53e9-11e4-9f4b-000b6a4d90f4,
,,,,0c0d5771-53e9-11e4-9f4b-000b6a4d90f4,
,,,,0c0dc99a-53e9-11e4-9f4b-000b6a4d90f4,
,,,,0c0e3ca2-53e9-11e4-9f4b-000b6a4d90f4,
,,,,0c0eb086-53e9-11e4-9f4b-000b6a4d90f4,
,,,,0c0f2337-53e9-11e4-9f4b-000b6a4d90f4,
,,,,0c0f96b2-53e9-11e4-9f4b-000b6a4d90f4,
,,,,0c1008a0-53e9-11e4-9f4b-000b6a4d90f4,
,,,,0c107bbe-53e9-11e4-9f4b-000b6a4d90f4,
,,,,0c10ef8f-53e9-11e4-9f4b-000b6a4d90f4,
,,,,0c1165ee-53e9-11e4-9f4b-000b6a4d90f4,
,,,,0c11d8d9-53e9-11e4-9f4b-000b6a4d90f4,
,,,,0c124c30-53e9-11e4-9f4b-000b6a4d90f4,
,,,,0c12bf56-53e9-11e4-9f4b-000b6a4d90f4,
,,,,0c133cd2-53e9-11e4-9f4b-000b6a4d90f4,
,,,,0c13b09e-53e9-11e4-9f4b-000b6a4d90f4,
,,,,0c14233c-53e9-11e4-9f4b-000b6a4d90f4,
,,,,0c14969a-53e9-11e4-9f4b-000b6a4d90f4,
,,,,0c150989-53e9-11e4-9f4b-000b6a4d90f4,
,,,,0c157dae-53e9-11e4-9f4b-000b6a4d90f4,
,,,,0c15f0c3-53e9-11e4-9f4b-000b6a4d90f4,
,,,,0c16636c-53e9-11e4-9f4b-000b6a4d90f4,
,,,,0c16d70b-53e9-11e4-9f4b-000b6a4d90f4,
,,,,0c174bb6-53e9-11e4-9f4b-000b6a4d90f4,
,,,,0c17bf7f-53e9-11e4-9f4b-000b6a4d90f4,
,,,,0c1831e4-53e9-11e4-9f4b-000b6a4d90f4,
,,,,0c18a46f-53e9-11e4-9f4b-000b6a4d90f4,
,,,,0c191824-53e9-11e4-9f4b-000b6a4d90f4,
,,,,0c198bfd-53e9-11e4-9f4b-000b6a4d90f4,
,,,,0c1a02c6-53e9-11e4-9f4b-000b6a4d90f4,
,,,,0c1a7678-53e9-11e4-9f4b-000b6a4d90f4,
,,,,0c1ae980-53e9-11e4-9f4b-000b6a4d90f4,
,,,,0c1b5d22-53e9-11e4-9f4b-000b6a4d90f4,
,,,,0c1bd0fe-53e9-11e4-9f4b-000b6a4d90f4,
,,,,0c1c44c1-53e9-11e4-9f4b-000b6a4d90f4,
,,,,0c1cb7ed-53e9-11e4-9f4b-000b6a4d90f4,
,,,,0c1d2a96-53e9-11e4-9f4b-000b6a4d90f4,
,,,,0c1d9f84-53e9-11e4-9f4b-000b6a4d90f4,
,,,,0c1f10d8-53e9-11e4-9f4b-000b6a4d90f4,
,,,,0c1f8891-53e9-11e4-9f4b-000b6a4d90f4,
,,,,0c1ffa90-53e9-11e4-9f4b-000b6a4d90f4,
,,,,0c206dee-53e9-11e4-9f4b-000b6a4d90f4,
,,,,0c20e3bf-53e9-11e4-9f4b-000b6a4d90f4,
,,,,0c21555e-53e9-11e4-9f4b-000b6a4d90f4,
,,,,0c21c951-53e9-11e4-9f4b-000b6a4d90f4,
,,,,0c223cc8-53e9-11e4-9f4b-000b6a4d90f4,
,,,,0c22ae25-53e9-11e4-9f4b-000b6a4d90f4,
,,,,0c2321cc-53e9-11e4-9f4b-000b6a4d90f4,
,,,,0c2394c0-53e9-11e4-9f4b-000b6a4d90f4,
,,,,0c2406b6-53e9-11e4-9f4b-000b6a4d90f4,
,,,,0c2479b0-53e9-11e4-9f4b-000b6a4d90f4,
,,,,0c24ec67-53e9-11e4-9f4b-000b6a4d90f4,
,,,,0c255f91-53e9-11e4-9f4b-000b6a4d90f4,
,,,,0c25d1fc-53e9-11e4-9f4b-000b6a4d90f4,
,,,,0c26447b-53e9-11e4-9f4b-000b6a4d90f4,
,,,,0c26b83e-53e9-11e4-9f4b-000b6a4d90f4,
,,,,0c272ac5-53e9-11e4-9f4b-000b6a4d90f4,
,,,,0c279cf6-53e9-11e4-9f4b-000b6a4d90f4,
,,,,0c28108a-53e9-11e4-9f4b-000b6a4d90f4,
,,,,0c288404-53e9-11e4-9f4b-000b6a4d90f4,
,,,,0c28f725-53e9-11e4-9f4b-000b6a4d90f4,
,,,,0c296a0b-53e9-11e4-9f4b-000b6a4d90f4,
,,,,0c29ddf0-53e9-11e4-9f4b-000b6a4d90f4,
,,,,0c2a50ba-53e9-11e4-9f4b-000b6a4d90f4,
,,,,0c2ade23-53e9-11e4-9f4b-000b6a4d90f4,
,,,,0c2b6c86-53e9-11e4-9f4b-000b6a4d90f4,
,,,,0c2bdfc0-53e9-11e4-9f4b-000b6a4d90f4,
,,,,0c2c5293-53e9-11e4-9f4b-000b6a4d90f4,
,,,,0c2cc5fa-53e9-11e4-9f4b-000b6a4d90f4,
,,,,0c2d37f8-53e9-11e4-9f4b-000b6a4d90f4,
,,,,0c2dab49-53e9-11e4-9f4b-000b6a4d90f4,
,,,,0c2e1e91-53e9-11e4-9f4b-000b6a4d90f4,
,,,,0c2e91f5-53e9-11e4-9f4b-000b6a4d90f4,
,,,,0c2f052a-53e9-11e4-9f4b-000b6a4d90f4,
,,,,0c2f786f-53e9-11e4-9f4b-000b6a4d90f4,
,,,,0c3084d2-53e9-11e4-9f4b-000b6a4d90f4,
,,,,0c30f8b4-53e9-11e4-9f4b-000b6a4d90f4,
,,,,0c316b92-53e9-11e4-9f4b-000b6a4d90f4,
,,,,0c31dee8-53e9-11e4-9f4b-000b6a4d90f4,
,,,,0c325494-53e9-11e4-9f4b-000b6a4d90f4,
,,,,0c32c6b7-53e9-11e4-9f4b-000b6a4d90f4,
,,,,0c333ad9-53e9-11e4-9f4b-000b6a4d90f4,
,,,,0c33ae08-53e9-11e4-9f4b-000b6a4d90f4,
,,,,0c3421bd-53e9-11e4-9f4b-000b6a4d90f4,
,,,,0c34957d-53e9-11e4-9f4b-000b6a4d90f4,
,,,,0c35073b-53e9-11e4-9f4b-000b6a4d90f4,
,,,,0c357be6-53e9-11e4-9f4b-000b6a4d90f4,
,,,,0c35ef18-53e9-11e4-9f4b-000b6a4d90f4,
,,,,0c366361-53e9-11e4-9f4b-000b6a4d90f4,
,,,,0c36d68b-53e9-11e4-9f4b-000b6a4d90f4,
,,,,0c37485a-53e9-11e4-9f4b-000b6a4d90f4,
,,,,0c37bb72-53e9-11e4-9f4b-000b6a4d90f4,
,,,,0c382e1e-53e9-11e4-9f4b-000b6a4d90f4,
,,,,0c38a19e-53e9-11e4-9f4b-000b6a4d90f4,
,,,,0c3914d2-53e9-11e4-9f4b-000b6a4d90f4,
,,,,0c39872a-53e9-11e4-9f4b-000b6a4d90f4,
,,,,0c39fada-53e9-11e4-9f4b-000b6a4d90f4,
,,,,0c3a6e79-53e9-11e4-9f4b-000b6a4d90f4,
,,,,0c3ae1cf-53e9-11e4-9f4b-000b6a4d90f4,
,,,,0c3b549c-53e9-11e4-9f4b-000b6a4d90f4,
,,,,0c3bc774-53e9-11e4-9f4b-000b6a4d90f4,
,,,,0c3c3c33-53e9-11e4-9f4b-000b6a4d90f4,
,,,,0c3caf65-53e9-11e4-9f4b-000b6a4d90f4,
,,,,0c3d225e-53e9-11e4-9f4b-000b6a4d90f4,
,,,,0c3d9529-53e9-11e4-9f4b-000b6a4d90f4,
,,,,0c3e07f0-53e9-11e4-9f4b-000b6a4d90f4,
,,,,0c3e7b1a-53e9-11e4-9f4b-000b6a4d90f4,
,,,,0c3eeefe-53e9-11e4-9f4b-000b6a4d90f4,
,,,,0c3f641f-53e9-11e4-9f4b-000b6a4d90f4,
,,,,0c3fd735-53e9-11e4-9f4b-000b6a4d90f4,
,,,,0c404b2a-53e9-11e4-9f4b-000b6a4d90f4,
,,,,0c40be5e-53e9-11e4-9f4b-000b6a4d90f4,
,,,,0c4130b4-53e9-11e4-9f4b-000b6a4d90f4,
,,,,0c41a458-53e9-11e4-9f4b-000b6a4d90f4,
,,,,0c42178c-53e9-11e4-9f4b-000b6a4d90f4,
,,,,0c428ba0-53e9-11e4-9f4b-000b6a4d90f4,
,,,,0c42ff2e-53e9-11e4-9f4b-000b6a4d90f4,
,,,,0c437220-53e9-11e4-9f4b-000b6a4d90f4,
,,,,0c43e4d7-53e9-11e4-9f4b-000b6a4d90f4,
,,,,0c445729-53e9-11e4-9f4b-000b6a4d90f4,
,,,,0c44eced-53e9-11e4-9f4b-000b6a4d90f4,
,,,,0c4561ba-53e9-11e4-9f4b-000b6a4d90f4,
,,,,0c45d529-53e9-11e4-9f4b-000b6a4d90f4,
,,,,0c4646f5-53e9-11e4-9f4b-000b6a4d90f4,
,,,,0c46ba24-53e9-11e4-9f4b-000b6a4d90f4,
,,,,0c472d77-53e9-11e4-9f4b-000b6a4d90f4,
,,,,0c47a093-53e9-11e4-9f4b-000b6a4d90f4,
,,,,0c48139b-53e9-11e4-9f4b-000b6a4d90f4,
,,,,0c488712-53e9-11e4-9f4b-000b6a4d90f4,
,,,,0c48fd8a-53e9-11e4-9f4b-000b6a4d90f4,
,,,,0c49708c-53e9-11e4-9f4b-000b6a4d90f4,
,,,,0c49e4d6-53e9-11e4-9f4b-000b6a4d90f4,
,,,,0c4a58f5-53e9-11e4-9f4b-000b6a4d90f4,
,,,,0c4acb07-53e9-11e4-9f4b-000b6a4d90f4,
,,,,0c4b3fa4-53e9-11e4-9f4b-000b6a4d90f4,
,,,,0c4bb343-53e9-11e4-9f4b-000b6a4d90f4,
,,,,0c4c2688-53e9-11e4-9f4b-000b6a4d90f4,
,,,,0c4c9a9f-53e9-11e4-9f4b-000b6a4d90f4,
,,,,0c4d0c9d-53e9-11e4-9f4b-000b6a4d90f4,
,,,,0c4d8164-53e9-11e4-9f4b-000b6a4d90f4,
,,,,0c4df503-53e9-11e4-9f4b-000b6a4d90f4,
,,,,0c4e6875-53e9-11e4-9f4b-000b6a4d90f4,
,,,,0c4edebb-53e9-11e4-9f4b-000b6a4d90f4,
,,,,0c4f5084-53e9-11e4-9f4b-000b6a4d90f4,
,,,,0c4fc3eb-53e9-11e4-9f4b-000b6a4d90f4,
,,,,0c5037f1-53e9-11e4-9f4b-000b6a4d90f4,
,,,,0c50baf8-53e9-11e4-9f4b-000b6a4d90f4,
,,,,0c512ec9-53e9-11e4-9f4b-000b6a4d90f4,
,,,,0c51a22d-53e9-11e4-9f4b-000b6a4d90f4,
,,,,0c52166e-53e9-11e4-9f4b-000b6a4d90f4,
,,,,0c528ad9-53e9-11e4-9f4b-000b6a4d90f4,
,,,,0c52fdfd-53e9-11e4-9f4b-000b6a4d90f4,
,,,,0c53716c-53e9-11e4-9f4b-000b6a4d90f4,
,,,,0c53e53d-53e9-11e4-9f4b-000b6a4d90f4,
,,,,0c545921-53e9-11e4-9f4b-000b6a4d90f4,
,,,,0c54e58b-53e9-11e4-9f4b-000b6a4d90f4,
,,,,0c55591f-53e9-11e4-9f4b-000b6a4d90f4,
,,,,0c55cc05-53e9-11e4-9f4b-000b6a4d90f4,
,,,,0c564006-53e9-11e4-9f4b-000b6a4d90f4,
,,,,0c56b372-53e9-11e4-9f4b-000b6a4d90f4,
,,,,0c57278c-53e9-11e4-9f4b-000b6a4d90f4,
,,,,0c579aa2-53e9-11e4-9f4b-000b6a4d90f4,
,,,,0c580dc5-53e9-11e4-9f4b-000b6a4d90f4,
,,,,0c5881ed-53e9-11e4-9f4b-000b6a4d90f4,
,,,,0c58f5cc-53e9-11e4-9f4b-000b6a4d90f4,
,,,,0c5969a3-53e9-11e4-9f4b-000b6a4d90f4,
,,,,0c59f63f-53e9-11e4-9f4b-000b6a4d90f4,
,,,,0c5a6aba-53e9-11e4-9f4b-000b6a4d90f4,
,,,,0c5af918-53e9-11e4-9f4b-000b6a4d90f4,
,,,,0c5b6d27-53e9-11e4-9f4b-000b6a4d90f4,
,,,,0c5be0d3-53e9-11e4-9f4b-000b6a4d90f4,
,,,,0c5c52a5-53e9-11e4-9f4b-000b6a4d90f4,
,,,,0c5cc60f-53e9-11e4-9f4b-000b6a4d90f4,
,,,,0c5d3a15-53e9-11e4-9f4b-000b6a4d90f4,
,,,,0c5dae93-53e9-11e4-9f4b-000b6a4d90f4,
,,,,0c5e2674-53e9-11e4-9f4b-000b6a4d90f4,
,,,,0c5e9962-53e9-11e4-9f4b-000b6a4d90f4,
,,,,0c5f0d41-53e9-11e4-9f4b-000b6a4d90f4,
,,,,0c5f810a-53e9-11e4-9f4b-000b6a4d90f4,
,,,,0c5ff810-53e9-11e4-9f4b-000b6a4d90f4,
,,,,0c606b05-53e9-11e4-9f4b-000b6a4d90f4,
,,,,0c60e028-53e9-11e4-9f4b-000b6a4d90f4,
,,,,0c615441-53e9-11e4-9f4b-000b6a4d90f4,
,,,,0c61c869-53e9-11e4-9f4b-000b6a4d90f4,
,,,,0c623cd4-53e9-11e4-9f4b-000b6a4d90f4,
,,,,0c62af42-53e9-11e4-9f4b-000b6a4d90f4,
,,,,0c6322b7-53e9-11e4-9f4b-000b6a4d90f4,
,,,,0c639669-53e9-11e4-9f4b-000b6a4d90f4,
,,,,0c640a53-53e9-11e4-9f4b-000b6a4d90f4,
,,,,0c647e78-53e9-11e4-9f4b-000b6a4d90f4,
,,,,0c64f124-53e9-11e4-9f4b-000b6a4d90f4,
,,,,0c656516-53e9-11e4-9f4b-000b6a4d90f4,
,,,,0c65d97b-53e9-11e4-9f4b-000b6a4d90f4,
,,,,0c664c5f-53e9-11e4-9f4b-000b6a4d90f4,
,,,,0c66c0d7-53e9-11e4-9f4b-000b6a4d90f4,
,,,,0c6735dc-53e9-11e4-9f4b-000b6a4d90f4,
,,,,0c67a9d9-53e9-11e4-9f4b-000b6a4d90f4,
,,,,0c681e7c-53e9-11e4-9f4b-000b6a4d90f4,
,,,,0c6892c8-53e9-11e4-9f4b-000b6a4d90f4,
,,,,0c6905c7-53e9-11e4-9f4b-000b6a4d90f4,
,,,,0c697934-53e9-11e4-9f4b-000b6a4d90f4,
,,,,0c6a0074-53e9-11e4-9f4b-000b6a4d90f4,
,,,,0c6a7488-53e9-11e4-9f4b-000b6a4d90f4,
,,,,0c6ae83b-53e9-11e4-9f4b-000b6a4d90f4,
,,,,0c6b5ba4-53e9-11e4-9f4b-000b6a4d90f4,
,,,,0c6bcf75-53e9-11e4-9f4b-000b6a4d90f4,
,,,,0c6c43f9-53e9-11e4-9f4b-000b6a4d90f4,
,,,,0c6cb86f-53e9-11e4-9f4b-000b6a4d90f4,
,,,,0c6d2fcc-53e9-11e4-9f4b-000b6a4d90f4,
,,,,0c6da362-53e9-11e4-9f4b-000b6a4d90f4,
,,,,0c6e1763-53e9-11e4-9f4b-000b6a4d90f4,
,,,,0c6e8aae-53e9-11e4-9f4b-000b6a4d90f4,
,,,,0c6eff29-53e9-11e4-9f4b-000b6a4d90f4,
,,,,0c6f7269-53e9-11e4-9f4b-000b6a4d90f4,
,,,,0c6fe483-53e9-11e4-9f4b-000b6a4d90f4,
,,,,0c70589d-53e9-11e4-9f4b-000b6a4d90f4,
,,,,0c70cca9-53e9-11e4-9f4b-000b6a4d90f4,
,,,,0c714018-53e9-11e4-9f4b-000b6a4d90f4,
,,,,0c71b398-53e9-11e4-9f4b-000b6a4d90f4,
,,,,0c722681-53e9-11e4-9f4b-000b6a4d90f4,
,,,,0c729a55-53e9-11e4-9f4b-000b6a4d90f4,
,,,,0c730e53-53e9-11e4-9f4b-000b6a4d90f4,
,,,,0c7383ca-53e9-11e4-9f4b-000b6a4d90f4,
,,,,0c73f67e-53e9-11e4-9f4b-000b6a4d90f4,
,,,,0c7469ea-53e9-11e4-9f4b-000b6a4d90f4,
,,,,0c74dd8c-53e9-11e4-9f4b-000b6a4d90f4,
,,,,0c7551cf-53e9-11e4-9f4b-000b6a4d90f4,
,,,,0c75c605-53e9-11e4-9f4b-000b6a4d90f4,
,,,,0c763923-53e9-11e4-9f4b-000b6a4d90f4,
,,,,0c76b0e2-53e9-11e4-9f4b-000b6a4d90f4,
,,,,0c772467-53e9-11e4-9f4b-000b6a4d90f4,
,,,,0c7796cd-53e9-11e4-9f4b-000b6a4d90f4,
,,,,0c781a47-53e9-11e4-9f4b-000b6a4d90f4,
,,,,0c788c2f-53e9-11e4-9f4b-000b6a4d90f4,
,,,,0c78ff5b-53e9-11e4-9f4b-000b6a4d90f4,
,,,,0c797417-53e9-11e4-9f4b-000b6a4d90f4,
,,,,0c79e778-53e9-11e4-9f4b-000b6a4d90f4,
,,,,0c7a5b28-53e9-11e4-9f4b-000b6a4d90f4,
,,,,0c7acd26-53e9-11e4-9f4b-000b6a4d90f4,
,,,,0c7b40fd-53e9-11e4-9f4b-000b6a4d90f4,
,,,,0c7bb4b5-53e9-11e4-9f4b-000b6a4d90f4,
,,,,0c7c27ef-53e9-11e4-9f4b-000b6a4d90f4,
,,,,0c7c9f44-53e9-11e4-9f4b-000b6a4d90f4,
,,,,0c7d111e-53e9-11e4-9f4b-000b6a4d90f4,
,,,,0c7d844a-53e9-11e4-9f4b-000b6a4d90f4,
,,,,0c7df8b7-53e9-11e4-9f4b-000b6a4d90f4,
,,,,0c7e7750-53e9-11e4-9f4b-000b6a4d90f4,
,,,,0c7eeab2-53e9-11e4-9f4b-000b6a4d90f4,
,,,,0c7f5e67-53e9-11e4-9f4b-000b6a4d90f4,
,,,,0c7fd148-53e9-11e4-9f4b-000b6a4d90f4,
,,,,0c8044a3-53e9-11e4-9f4b-000b6a4d90f4,
,,,,0c80b7f1-53e9-11e4-9f4b-000b6a4d90f4,
,,,,0c812a27-53e9-11e4-9f4b-000b6a4d90f4,
,,,,0c819d6a-53e9-11e4-9f4b-000b6a4d90f4,
,,,,0c8210b8-53e9-11e4-9f4b-000b6a4d90f4,
,,,,0c82837a-53e9-11e4-9f4b-000b6a4d90f4,
,,,,0c831053-53e9-11e4-9f4b-000b6a4d90f4,
,,,,0c8382ff-53e9-11e4-9f4b-000b6a4d90f4,
,,,,0c83f584-53e9-11e4-9f4b-000b6a4d90f4,
,,,,0c8467de-53e9-11e4-9f4b-000b6a4d90f4,
,,,,0c84db59-53e9-11e4-9f4b-000b6a4d90f4,
,,,,0c854e50-53e9-11e4-9f4b-000b6a4d90f4,
,,,,0c85c08c-53e9-11e4-9f4b-000b6a4d90f4,
,,,,0c863492-53e9-11e4-9f4b-000b6a4d90f4,
,,,,0c86a79f-53e9-11e4-9f4b-000b6a4d90f4,
,,,,0c871b44-53e9-11e4-9f4b-000b6a4d90f4,
,,,,0c878dce-53e9-11e4-9f4b-000b6a4d90f4,
,,,,0c87ff6d-53e9-11e4-9f4b-000b6a4d90f4,
,,,,0c88726a-53e9-11e4-9f4b-000b6a4d90f4,
,,,,0c88e521-53e9-11e4-9f4b-000b6a4d90f4,
,,,,0c8957b3-53e9-11e4-9f4b-000b6a4d90f4,
,,,,0c89c9d3-53e9-11e4-9f4b-000b6a4d90f4,
,,,,0c8a3bc7-53e9-11e4-9f4b-000b6a4d90f4,
,,,,0c8ac4b0-53e9-11e4-9f4b-000b6a4d90f4,
,,,,0c8b374b-53e9-11e4-9f4b-000b6a4d90f4,
,,,,0c8bae14-53e9-11e4-9f4b-000b6a4d90f4,
,,,,0c8c2018-53e9-11e4-9f4b-000b6a4d90f4,
,,,,0c8c925f-53e9-11e4-9f4b-000b6a4d90f4,
,,,,0c8d0593-53e9-11e4-9f4b-000b6a4d90f4,
,,,,0c8d7b1e-53e9-11e4-9f4b-000b6a4d90f4,
,,,,0c8dee36-53e9-11e4-9f4b-000b6a4d90f4,
,,,,0c8e6027-53e9-11e4-9f4b-000b6a4d90f4,
,,,,0c8ed375-53e9-11e4-9f4b-000b6a4d90f4,
,,,,0c8f45e8-53e9-11e4-9f4b-000b6a4d90f4,
,,,,0c8fb8b3-53e9-11e4-9f4b-000b6a4d90f4,
,,,,0c902bb2-53e9-11e4-9f4b-000b6a4d90f4,
,,,,0c90b532-53e9-11e4-9f4b-000b6a4d90f4,
,,,,0c9127fd-53e9-11e4-9f4b-000b6a4d90f4,
,,,,0c919b3d-53e9-11e4-9f4b-000b6a4d90f4,
,,,,0c920f8e-53e9-11e4-9f4b-000b6a4d90f4,
,,,,0c9281d8-53e9-11e4-9f4b-000b6a4d90f4,
,,,,0c92f36a-53e9-11e4-9f4b-000b6a4d90f4,
,,,,0c9365db-53e9-11e4-9f4b-000b6a4d90f4,
,,,,0c93d8fe-53e9-11e4-9f4b-000b6a4d90f4,
,,,,0c944be2-53e9-11e4-9f4b-000b6a4d90f4,
,,,,0c94be6c-53e9-11e4-9f4b-000b6a4d90f4,
,,,,0c953129-53e9-11e4-9f4b-000b6a4d90f4,
,,,,0c95a349-53e9-11e4-9f4b-000b6a4d90f4,
,,,,0c96183f-53e9-11e4-9f4b-000b6a4d90f4,
,,,,0c968b0c-53e9-11e4-9f4b-000b6a4d90f4,
,,,,0c96fe00-53e9-11e4-9f4b-000b6a4d90f4,
,,,,0c976ffc-53e9-11e4-9f4b-000b6a4d90f4,
,,,,0c97e450-53e9-11e4-9f4b-000b6a4d90f4,
,,,,0c9857a4-53e9-11e4-9f4b-000b6a4d90f4,
,,,,0c98c9d5-53e9-11e4-9f4b-000b6a4d90f4,
,,,,0c993c56-53e9-11e4-9f4b-000b6a4d90f4,
,,,,0c99ae84-53e9-11e4-9f4b-000b6a4d90f4,
,,,,0c9a218c-53e9-11e4-9f4b-000b6a4d90f4,
,,,,0c9a952e-53e9-11e4-9f4b-000b6a4d90f4,
,,,,0c9b0d94-53e9-11e4-9f4b-000b6a4d90f4,
,,,,0c9b7f90-53e9-11e4-9f4b-000b6a4d90f4,
,,,,0c9bf2fc-53e9-11e4-9f4b-000b6a4d90f4,
,,,,0c9c65a5-53e9-11e4-9f4b-000b6a4d90f4,
,,,,0c9cd891-53e9-11e4-9f4b-000b6a4d90f4,
,,,,0c9d4b0a-53e9-11e4-9f4b-000b6a4d90f4,
,,,,0c9dbbde-53e9-11e4-9f4b-000b6a4d90f4,
,,,,0c9e3062-53e9-11e4-9f4b-000b6a4d90f4,
,,,,0c9ea340-53e9-11e4-9f4b-000b6a4d90f4,
,,,,0c9f16a1-53e9-11e4-9f4b-000b6a4d90f4,
,,,,0c9f894d-53e9-11e4-9f4b-000b6a4d90f4,
,,,,0c9ffb51-53e9-11e4-9f4b-000b6a4d90f4,
,,,,0ca06e37-53e9-11e4-9f4b-000b6a4d90f4,
,,,,0ca0e142-53e9-11e4-9f4b-000b6a4d90f4,
,,,,0ca15518-53e9-11e4-9f4b-000b6a4d90f4,
,,,,0ca1c77b-53e9-11e4-9f4b-000b6a4d90f4,
,,,,0ca23966-53e9-11e4-9f4b-000b6a4d90f4,
,,,,0ca2ac60-53e9-11e4-9f4b-000b6a4d90f4,
,,,,0ca31f92-53e9-11e4-9f4b-000b6a4d90f4,
,,,,0ca391c8-53e9-11e4-9f4b-000b6a4d90f4,
,,,,0ca408c4-53e9-11e4-9f4b-000b6a4d90f4,
,,,,0ca47b4b-53e9-11e4-9f4b-000b6a4d90f4,
,,,,0ca4ef59-53e9-11e4-9f4b-000b6a4d90f4,
,,,,0ca56205-53e9-11e4-9f4b-000b6a4d90f4,
,,,,0ca5d4e3-53e9-11e4-9f4b-000b6a4d90f4,
,,,,0ca64642-53e9-11e4-9f4b-000b6a4d90f4,
,,,,0ca6b961-53e9-11e4-9f4b-000b6a4d90f4,
,,,,0ca72d5b-53e9-11e4-9f4b-000b6a4d90f4,
,,,,0ca7a0d0-53e9-11e4-9f4b-000b6a4d90f4,
,,,,0ca81434-53e9-11e4-9f4b-000b6a4d90f4,
,,,,0ca8857d-53e9-11e4-9f4b-000b6a4d90f4,
,,,,0ca8f8ac-53e9-11e4-9f4b-000b6a4d90f4,
,,,,0ca96c40-53e9-11e4-9f4b-000b6a4d90f4,
,,,,0ca9df26-53e9-11e4-9f4b-000b6a4d90f4,
,,,,0caa6ca5-53e9-11e4-9f4b-000b6a4d90f4,
,,,,0caadf67-53e9-11e4-9f4b-000b6a4d90f4,
,,,,0cab6590-53e9-11e4-9f4b-000b6a4d90f4,
,,,,0cabd921-53e9-11e4-9f4b-000b6a4d90f4,
,,,,0cac5668-53e9-11e4-9f4b-000b6a4d90f4,
,,,,0cacc9ed-53e9-11e4-9f4b-000b6a4d90f4,
,,,,0cad3c72-53e9-11e4-9f4b-000b6a4d90f4,
,,,,0cadaf34-53e9-11e4-9f4b-000b6a4d90f4,
,,,,0cae226e-53e9-11e4-9f4b-000b6a4d90f4,
,,,,0cae9592-53e9-11e4-9f4b-000b6a4d90f4,
,,,,0caf083b-53e9-11e4-9f4b-000b6a4d90f4,
,,,,0caf7be2-53e9-11e4-9f4b-000b6a4d90f4,
,,,,0cafeeed-53e9-11e4-9f4b-000b6a4d90f4,
,,,,0cb06426-53e9-11e4-9f4b-000b6a4d90f4,
,,,,0cb0d752-53e9-11e4-9f4b-000b6a4d90f4,
,,,,0cb14972-53e9-11e4-9f4b-000b6a4d90f4,
,,,,0cb1bdb9-53e9-11e4-9f4b-000b6a4d90f4,
,,,,0cb23154-53e9-11e4-9f4b-000b6a4d90f4,
,,,,0cb2b6d0-53e9-11e4-9f4b-000b6a4d90f4,
,,,,0cb32a13-53e9-11e4-9f4b-000b6a4d90f4,
,,,,0cb39cdd-53e9-11e4-9f4b-000b6a4d90f4,
,,,,0cb410a6-53e9-11e4-9f4b-000b6a4d90f4,
,,,,0cb48482-53e9-11e4-9f4b-000b6a4d90f4,
,,,,0cb4f85c-53e9-11e4-9f4b-000b6a4d90f4,
,,,,0cb56b18-53e9-11e4-9f4b-000b6a4d90f4,
,,,,0cb5de01-53e9-11e4-9f4b-000b6a4d90f4,
,,,,0cb65316-53e9-11e4-9f4b-000b6a4d90f4,
,,,,0cb6c613-53e9-11e4-9f4b-000b6a4d90f4,
,,,,0cb73956-53e9-11e4-9f4b-000b6a4d90f4,
,,,,0cb89a6a-53e9-11e4-9f4b-000b6a4d90f4,
,,,,0cb9e9aa-53e9-11e4-9f4b-000b6a4d90f4,
,,,,0cbaee9c-53e9-11e4-9f4b-000b6a4d90f4,
,,,,0cbb6221-53e9-11e4-9f4b-000b6a4d90f4,
,,,,0cbbd593-53e9-11e4-9f4b-000b6a4d90f4,
,,,,0cbc46c3-53e9-11e4-9f4b-000b6a4d90f4,
,,,,0cbcbdfe-53e9-11e4-9f4b-000b6a4d90f4,
,,,,0cbd316b-53e9-11e4-9f4b-000b6a4d90f4,
,,,,0cbda4e3-53e9-11e4-9f4b-000b6a4d90f4,
,,,,0cbe166c-53e9-11e4-9f4b-000b6a4d90f4,
,,,,0cbe9db5-53e9-11e4-9f4b-000b6a4d90f4,
,,,,0cbf1159-53e9-11e4-9f4b-000b6a4d90f4,
,,,,0cbf8527-53e9-11e4-9f4b-000b6a4d90f4,
,,,,0cbff800-53e9-11e4-9f4b-000b6a4d90f4,
,,,,0cc06a9a-53e9-11e4-9f4b-000b6a4d90f4,
,,,,0cc0ddb9-53e9-11e4-9f4b-000b6a4d90f4,
,,,,0cc150f0-53e9-11e4-9f4b-000b6a4d90f4,
,,,,0cc1c47b-53e9-11e4-9f4b-000b6a4d90f4,
,,,,0cc23703-53e9-11e4-9f4b-000b6a4d90f4,
,,,,0cc2aa56-53e9-11e4-9f4b-000b6a4d90f4,
,,,,0cc31d47-53e9-11e4-9f4b-000b6a4d90f4,
,,,,0cc38ff9-53e9-11e4-9f4b-000b6a4d90f4,
,,,,0cc40344-53e9-11e4-9f4b-000b6a4d90f4,
,,,,0cc47678-53e9-11e4-9f4b-000b6a4d90f4,
,,,,0cc4e978-53e9-11e4-9f4b-000b6a4d90f4,
,,,,0cc55c6f-53e9-11e4-9f4b-000b6a4d90f4,
,,,,0cc5cf50-53e9-11e4-9f4b-000b6a4d90f4,
,,,,0cc64302-53e9-11e4-9f4b-000b6a4d90f4,
,,,,0cc6b57e-53e9-11e4-9f4b-000b6a4d90f4,
,,,,0cc726f4-53e9-11e4-9f4b-000b6a4d90f4,
,,,,0cc79a3c-53e9-11e4-9f4b-000b6a4d90f4,
,,,,0cc80e2e-53e9-11e4-9f4b-000b6a4d90f4,
,,,,0cc88125-53e9-11e4-9f4b-000b6a4d90f4,
,,,,0cc98f7f-53e9-11e4-9f4b-000b6a4d90f4,
,,,,0cca0140-53e9-11e4-9f4b-000b6a4d90f4,
,,,,0cca7486-53e9-11e4-9f4b-000b6a4d90f4,
,,,,0ccae7e1-53e9-11e4-9f4b-000b6a4d90f4,
,,,,0ccb5a0a-53e9-11e4-9f4b-000b6a4d90f4,
,,,,0ccbcdf4-53e9-11e4-9f4b-000b6a4d90f4,
,,,,0ccc40cf-53e9-11e4-9f4b-000b6a4d90f4,
,,,,0cccb33d-53e9-11e4-9f4b-000b6a4d90f4,
,,,,0ccd26c3-53e9-11e4-9f4b-000b6a4d90f4,
,,,,0ccd9814-53e9-11e4-9f4b-000b6a4d90f4,
,,,,0cce0b8f-53e9-11e4-9f4b-000b6a4d90f4,
,,,,0cce7f17-53e9-11e4-9f4b-000b6a4d90f4,
,,,,0ccef1e7-53e9-11e4-9f4b-000b6a4d90f4,
,,,,0ccf662b-53e9-11e4-9f4b-000b6a4d90f4,
,,,,0ccfd7e0-53e9-11e4-9f4b-000b6a4d90f4,
,,,,0cd04add-53e9-11e4-9f4b-000b6a4d90f4,
,,,,0cd0bdd7-53e9-11e4-9f4b-000b6a4d90f4,
,,,,0cd13085-53e9-11e4-9f4b-000b6a4d90f4,
,,,,0cd1a369-53e9-11e4-9f4b-000b6a4d90f4,
,,,,0cd2157e-53e9-11e4-9f4b-000b6a4d90f4,
,,,,0cd2889c-53e9-11e4-9f4b-000b6a4d90f4,
,,,,0cd2fb3a-53e9-11e4-9f4b-000b6a4d90f4,
,,,,0cd36e8d-53e9-11e4-9f4b-000b6a4d90f4,
,,,,0cd3e487-53e9-11e4-9f4b-000b6a4d90f4,
