group,Сладости,,,
Карамель,330,50,,20c2ef23-1b44-43ca-9f11-7ce2a53a8d77
Леденцы,376,50,,1918d345-8eb2-4641-95fb-d7bd28ed05b6
Мед,318,60,,6e752e8c-76a6-4777-a6d7-f68ac985081e
Халва,510,60,,9bb56542-68b0-4ff7-99c2-8088b8724169
Щербет или сливочное полено,420,70,,62b07357-1c3d-4025-98b5-64a684b904be
Орехи в шоколаде,540,40,,d9933b22-7685-4e04-8152-1a18387be49d
Шоколад обыкновенный,510,70,,3082110d-99e6-4c3d-9f95-a419c957f1ae
Шоколад молочный,568,70,,6d849a65-e865-4ce0-9d76-b7ccb6d456bb
Препарат для реабилитации спортсменов СП-11,476,50,,53a03b57-8a0e-4b76-851e-7188bd82a59f
Какао,373,30,,3ab995f8-8aba-4609-8d27-4729c68e00ba
"Варенье, джем",290,50,,14ddc584-8ff1-4fa1-809e-5ec1e61ecb78
ClifBar,368,68,,3a25b389-b34a-4e32-a903-80d50b8f2617
,,,,257ad4a7-5c89-42e6-9494-fcc412518ca5
,,,,82985b5d-754b-47b8-a2be-850a1894204c
,,,,6b4bd521-0bfb-4638-8b3a-a38ab66fdbc9
,,,,b9021442-e8e5-4f3e-a700-306504ccc9d6
,,,,98a86556-4abd-4b38-94f2-db5a2ab2dace
,,,,2abd100f-74a8-4411-9276-98ba741aee8d
,,,,7c730c71-3a49-49c7-af58-7a578e1cc2d2
,,,,55680f88-9039-4a1d-90da-e41bd11d941f
,,,,d6d007ce-a909-471f-bf30-b7e6fad41aab
,,,,7b0bacd7-ef61-4af1-85e9-7bd31bc1b8d9
,,,,5d8420a6-db98-4d4f-a2f5-d1754e93e202
,,,,41a34d74-8f47-4f8d-a0ce-e6461b414ec6
,,,,73c5e035-6330-4836-a8f1-d903a828e307
,,,,19f134a0-6dc1-4dab-97ab-1693989f2c39
,,,,4b60b9ce-a810-4492-8546-13aefb5e2f1c
,,,,66f1303a-1b51-4205-b56e-4dd19012ce5a
,,,,d3d89754-c40e-40f6-975f-ad3cfa8f64e1
,,,,b783c65a-c267-4983-b5f7-adecc036d3ba
,,,,c2925fd7-e58e-47ac-ba20-fb3be09facbc
,,,,1a9300c2-01b7-4988-a0c7-2fab1fefc800
,,,,c877a2b8-c580-403a-a1c0-4e83ce368df9
,,,,d048f68a-76d4-4b32-8a57-cc40dc7f145b
,,,,fe67f62e-a957-4685-866e-321da4cd50c6
,,,,1ebdec8f-de58-4a77-bf8f-1e9ebfdef5c2
,,,,4bcb472c-136b-421f-b447-a774bf07e7eb
,,,,7a512297-3947-45dd-97ea-c39f1f51f203
,,,,876748f1-b227-444f-b6bc-8749bf563354
,,,,3d3be344-8928-47e4-8889-3e143ae01d68
,,,,ab5d74fa-1dfe-4ccb-8298-7309610c9c7e
,,,,2e3b4e71-bd91-46dc-a96b-80e336badb51
,,,,27e87f0f-016d-4349-8ffd-7c4198893939
,,,,9ce7dead-c886-4440-b173-da6aa95aef58
,,,,5587e796-f9c0-471a-9165-1933dc431453
,,,,c457a717-9f60-4762-8aae-f5b3ca92611b
,,,,f0b74866-3090-48dd-8923-c7ca7bce6202
,,,,0077cb6b-5bd4-4940-8e8e-81b79c2bf69d
,,,,0354548f-e840-4c1d-8987-922ded7275ce
,,,,cc8943df-c2a5-428c-bdfd-a176a2e67686
,,,,252a10c5-b2d2-4ecb-ac5d-66827ee80cf9
,,,,52f20402-a2cb-4c8e-9059-e7c7db071eed
,,,,d67bb1b0-6fe7-47c8-8e32-ec69da2a7519
,,,,7121bc7d-f4b1-4a22-abb2-531d56016214
,,,,0dc03b5d-667c-42d9-8611-8082e2d34da7
,,,,5ef8f50c-7691-4f92-936f-6513d3c23f82
,,,,5e6cb2a5-22ee-4e5a-b50a-f714597d5440
,,,,91dd9c2f-80cd-49a2-aeb7-8aa1458a75d5
,,,,f126486c-ba7b-4e3e-8557-54a64a67e17d
,,,,3931bbac-90ee-456d-9030-841e6d0aeacb
,,,,e2ed774f-1d62-4d4c-841f-82538d9c36eb
,,,,70adfec6-04fc-42ee-ab52-acf2ec3ecc6e
,,,,cde9d227-f1f9-4eb4-bb8b-53768a63fefd
,,,,7b71ef17-27ba-495c-b6ec-5c439561cbe4
,,,,f35196b5-01a6-4475-b62f-cfa6b7ac69b1
,,,,41be7982-bbf7-44e3-8b2c-eddfd42ce21c
,,,,3055335b-c212-4de5-b70c-629d5eb34534
,,,,c175ae9f-327a-4dfd-bf6c-8bae422eaafa
,,,,4c938c59-911c-4d38-a6cf-954368bf908a
,,,,f7d40457-6ce3-4280-a611-573a9cffda53
,,,,6da41d5a-39dc-4d35-8bf2-a7f855bb1ab6
,,,,b9ef498d-434c-4a3b-a8f3-cba7dadf68d6
,,,,1f82fb13-1f97-4996-af91-c62ac0e92c07
,,,,03bff0c7-d33f-4d78-b09c-3291989d78c1
,,,,b2f701db-6de6-4647-b5f0-9966bdeab6f1
,,,,1b6251a4-683b-4933-b9a7-8a1da88e60f8
,,,,a9801f2a-64c3-4eb3-adfa-0d34014cad3a
,,,,21c620a9-1add-435a-985d-3abdcb643bad
,,,,33c53076-fd2a-4433-acd0-b97a7079dff7
,,,,99fcf970-3813-422e-90f8-02b95393dade
,,,,c37c8c0e-8055-4eac-8483-2cf9e73e05bb
,,,,e00b8beb-eb06-49b8-8b2d-3b2b6fd13a3c
,,,,5c05008e-902d-4a32-8d27-55bab94ffa62
,,,,36a0cbe8-e11a-4b0a-88ae-fb7d27f7050a
,,,,cf3f7205-3531-49e8-896d-c71a77a29336
,,,,a804c102-da1c-47f2-9ff6-2e3c46f0b46b
,,,,480f07e2-091a-432a-a237-a994dd08e6d4
,,,,af77b137-d092-4e71-894f-24238f6bef64
,,,,8a3aa849-6cf4-4785-8df4-b5c6831b3ed5
,,,,422c8beb-cc0a-4d03-9d50-cdf0500b2f13
,,,,55e03304-1217-4496-ade4-7c76c4959f0d
,,,,6d1cb5f6-5b5c-40c3-b222-cfdd4c3cf642
,,,,d396251f-cadb-4225-b39b-d829cf34d805
,,,,b78af7a5-286e-4f16-b0c1-c0125ffa5964
,,,,0d403fc7-3486-444f-a8bf-4f961b3f197c
,,,,31d62361-c29e-408c-a3c5-3afbbc3d4aaa
,,,,11bd451c-e904-4844-b1e9-8fdd4a6116ad
,,,,9496d504-2634-4a95-9980-80c9f49dd39b
,,,,c416d381-1df7-4097-8cc9-5d55ca35db6e
,,,,58acecd9-8ef9-4380-b769-5235202ed103
,,,,1c7a07af-a960-494c-bdbc-f6ef483feca2
,,,,4fdc2041-3392-46f8-ab93-bf08021e3903
,,,,9d4b7676-1acc-45e7-b39b-c81768179e53
,,,,b44b6390-e387-484f-98d8-dfa54627f18e
,,,,bb5adf37-432e-4533-acc5-bcb56ea2d7bc
,,,,fef77eb7-30dc-4a30-9fb4-83d0cd593146
,,,,e2553524-f958-45d0-a453-862c0ee91454
,,,,e4671c34-9fa9-410d-b58d-45d56adbebb6
,,,,fd8c4027-0a7f-4989-9ee4-978a17b870cc
,,,,67ab04e8-8b71-4ffe-9b86-9dcc07eee5c8
,,,,8752232c-5e87-4c77-b260-cecda36c45a6
,,,,0ec25fcf-ccfc-4ddd-ab84-0f22e22efade
,,,,3700ac80-8e0e-4f2e-aa97-cae6448e3894
,,,,2124ed8f-1688-4784-9e0a-56f9de63571b
,,,,8caab86a-8b21-4b8b-b49d-9ed2b2871de1
,,,,22bfe7b3-e3cc-473e-8f3a-3d1045402ba0
,,,,50b0614d-beb3-4f86-8af5-dabc5b8dd1ab
,,,,396f0d60-5821-454b-8df2-2843dc90f7e5
,,,,8e307168-424c-4dc5-a727-5437cb6c51df
,,,,cc711d47-2d6b-4d56-8c32-efcf56d8e9bf
,,,,abe92b9d-37cf-46d5-8599-78c473866309
,,,,6074233e-3c35-4a5e-9277-0d60676f68d7
,,,,6871e657-5a7a-46b0-bc73-96700a5d8c8b
,,,,ced9911b-0874-467d-a1b7-13dab997ba9a
,,,,5d82327e-7a0a-4e9d-a0d7-fa536b0097f3
,,,,108a7096-aa75-4fae-811d-4dd2747737b4
,,,,56c2edd0-1f31-47dc-af77-0e799e83cfd0
,,,,9f37ecea-b7cf-4ad4-bd12-75b6b7468033
,,,,6ddeda0c-8ab1-400c-a3ab-5d30b27be540
,,,,888c1cfc-eeae-4d7a-8c85-3c4d120cc115
,,,,767ded49-1510-43da-a091-c8ff98d95af1
,,,,345dff12-425b-45b3-bba2-916ea0be2bb9
,,,,4cf8836e-a26f-4f95-9379-e9bbb080e303
,,,,5e79dd1d-f653-427f-b794-91bd059ad6e0
,,,,9a14e714-0416-468c-8629-bc8baa5e63c7
,,,,f4580a56-652b-41e4-849b-699355394865
,,,,96cd4a4a-34cf-40b4-9f1c-72ce3292b1c1
,,,,9708be8a-5362-4692-8c93-5a5ed109c025
,,,,97097ec9-8ecf-4fe4-9047-bc7a13b52857
,,,,b81c2a9f-50e4-4af6-b6e6-0ff55020e3d5
,,,,caa8cf42-5b19-446e-97a2-4be0ca5e40ab
,,,,5548a73b-7af5-4e7f-ab42-bba01d3db6c6
,,,,ac9e8c21-f642-4437-a1ed-a521d9ed1e1e
,,,,1a50318a-a50a-468f-ab11-a0fa1ff15018
,,,,6136a87d-0212-4592-88e4-db2ef7a58907
,,,,3a5cede0-f6c9-430b-8bc3-5fe26ac735c5
,,,,5ae41e2d-3ded-4c8f-b5bc-26c0a3b91466
,,,,a0c752ac-e70f-4736-9677-6c34e9ec8dc3
,,,,8fac017a-b98c-4dda-b1ad-da6b4968ab4d
,,,,01d8c3b0-6a7f-4366-93a8-fa2cf780c3df
,,,,be33ca8b-ebeb-41f0-b284-c9e5b0f6d75b
,,,,51daf9eb-45f9-460f-bfda-b2f9e4d0cc03
,,,,b20e247a-f729-4a1c-a9ed-d1754371bb8f
,,,,c93836d8-27f5-4e94-8801-f03ddf53649b
,,,,40347020-9053-4d01-8732-bf52229dfbce
,,,,731a5267-1af4-467a-aed9-6888e33072ab
,,,,bf67c7b5-6e64-436c-8b5d-cca39330a9bb
,,,,27fcdfef-6a82-43b1-a3d6-e579b65d87ca
,,,,cc05bd6d-e4f8-4f30-9c1b-ea7ffb4c4746
,,,,4f126bff-443b-44d5-b82c-28f8282f7c0b
,,,,88b66f54-eb7a-4d54-a918-9df2f8a6ca45
,,,,ec7bf621-1938-448c-88b3-ce3044793d3d
,,,,b9e387d8-dcbe-49fa-a9e4-93e00c973eba
,,,,3f428463-609c-4ab5-b142-177522fd77a9
,,,,60689a42-6b67-491c-914b-56939c56d997
,,,,5a076f24-3cf2-49ec-9032-6a28b125e427
,,,,8394be28-0ce4-42b1-9bf9-4a2f5b37a01e
,,,,363595f6-5123-415a-96bd-d921fedf2a85
,,,,7872249a-10a5-471d-9075-7ee8dd02e1f7
,,,,7da4b993-2a55-422c-9148-b7cff009619b
,,,,eebed4b7-fb31-4b0a-a45b-0d45c55f253a
,,,,74d055fa-95a6-443f-b4fe-a78fc33050e7
,,,,494a46dd-a956-44ab-9a02-353db051168c
,,,,24913f62-38e4-45f8-82a1-f048617dde18
,,,,5bc81976-d668-44a1-a4f2-3c19bf9e6770
,,,,c885da3f-17f8-4293-a512-99d86032f8f9
,,,,cbbc01ea-b521-4f45-a146-18a68725cd05
,,,,c23c0542-6b21-4d63-bb0f-52cc21cd6bd3
,,,,170ebea8-2011-4e3c-ad74-00f8c44ee857
,,,,affc844f-cde6-484b-bb5e-3e0c84b9dc29
,,,,c977009d-0b01-4070-b9cb-35d395762d02
,,,,5368e343-fb98-42b3-b6e2-fda0e483b521
,,,,5ca1f2b3-bf77-4bc4-958d-d93d20885480
,,,,09de1dbb-e5d2-4dd9-8e44-cb83822e259f
,,,,0ffe431d-9cc6-44d8-8719-52d0ccb294ce
,,,,fa9951df-4936-442e-98c0-fe8a23620ee6
,,,,7f50ba97-aff2-4076-9392-b9e615bba7bb
,,,,17e1934d-ea59-4e09-9fd0-dad43fa416e0
,,,,6477899b-477f-4b62-885a-a14747a4423d
,,,,a790b19c-5170-47d4-9848-87b832914e88
,,,,e299e3cc-0557-4c57-afad-1bf8c2d29cf3
,,,,b2dc75ca-fa5b-4738-b82d-dc34080b76ad
,,,,5a479891-f905-42f2-a548-6438f4bd9e65
,,,,8a0918bf-45b2-43fb-a470-972089976f71
,,,,3c1cf787-30be-46d3-b88a-ec0e76e31a12
,,,,2aa60bf4-6c9c-42ff-a9da-9d08b7c2403b
,,,,e91dcacf-de81-4cd0-987b-bda79d8bb561
,,,,fec08687-ec43-47cb-8896-646696202854
,,,,b20fb05f-bd8c-4bd7-83b3-112dcbf76f35
,,,,a5a7ecf4-30bb-4edd-b851-ff6b61c0ec8f
,,,,8a0bd13a-c044-4be1-b047-ad7f4d7970ad
,,,,3060948a-d2cc-4e33-a382-95674ffa26cc
,,,,5cbff679-0802-48b4-b540-c8dbbcbe4b94
,,,,679d9be6-2ef7-4a2a-9a19-0685471353de
,,,,a63eb2e9-1b7a-4bd8-860d-29d2cbd18aed
,,,,77753b77-344b-4574-bb80-4bc99061ba4a
,,,,1d205fce-4665-44b2-b7c2-ace6f557c904
,,,,efade161-5f56-40fa-a321-89fe0c196aa0
,,,,1a84827e-7ef1-4581-9c84-03a41999b19f
,,,,b4a2c95b-5912-47f1-9992-f9e50a33cc93
,,,,c7de4649-3b51-4d92-a4e2-11d31ef74e8f
,,,,ea1fc05f-367e-4653-a412-1a33e34f978b
,,,,6f87ea51-5237-441b-ae24-569ba6a54ea1
,,,,2ad57685-2566-4a13-99c4-ff2ee6cc7444
,,,,bd0be15e-4a6d-4303-99d9-221650e47979
,,,,3010ef04-3ae8-474e-90a2-76f193e5fb28
,,,,e1c84109-40d9-45d5-945d-2156c289c959
,,,,cfe63e4a-902a-4125-b30e-039314ff8de7
,,,,6b58ab97-0663-4843-88c3-6b83aa64199e
,,,,25f4db84-105f-4ce1-b2da-0d95b5327cef
,,,,4674ca9a-1083-4797-8f21-9ae908dea202
,,,,3da2e64a-8dc2-45fb-9376-30e6a724a9a1
,,,,74930a33-debc-4b30-a216-3ef02be94fd4
,,,,416bbd02-074b-4aa1-b2a6-dbb8a1183970
,,,,b8ff4b14-4500-4977-828a-7f8d8c616b0e
,,,,0650a0cb-8e31-4e89-9399-368097076914
,,,,2ae847f7-8ea2-4d79-a398-cbd1fa3b63ab
,,,,8f7d1962-bf7b-457a-92e0-034d680e17f5
,,,,fb577617-ff17-4763-b32d-a8f01b84b1ac
,,,,8e962c63-e243-426e-895e-bfff110adb3a
,,,,cdc75e03-606d-412c-a2d6-4a69c4508217
,,,,048a45a4-acbc-4c3f-a9c4-986e4e391a72
,,,,7a0aeb87-ad0b-4942-87fd-60822327b580
,,,,9bdb20b6-d4fc-4f72-8481-2bf8baac0dde
,,,,2f2ca8d5-3cce-4ca3-aafa-5d4de4fcc3f2
,,,,9eca99ba-78fc-4baa-b9b8-924d0c03a4d7
,,,,73a3c4b8-5d18-43fd-8646-052943069b59
,,,,b81b782b-62f1-45a8-9af0-45a721399d1e
,,,,608b7558-28b0-41ac-a722-ffe12af0d38c
,,,,24e9d4d5-cc28-48fb-80cc-a0401eda8de1
,,,,427ba1c3-d309-42ee-ba16-6f3f4488ee47
,,,,03aa1792-cd7d-4b94-915e-8deab4e824c9
,,,,3e891981-eead-4f72-bdd5-0d73c31010ee
,,,,127bd4fb-b74c-4ac5-945e-2bc5a579a7ba
,,,,2ff35bac-00f9-4f7c-9a4b-1b4fd09aa99f
,,,,08cc48bb-85b0-4db4-ab05-5dd60bb7735f
,,,,1ef7383b-55f7-453e-b1a9-b4d16290f459
,,,,11b5d5f8-d082-440e-91de-7a3b84af04ba
,,,,f264bb74-b98c-4938-862a-6fcf12612ba4
,,,,654f7daa-1b52-4317-a1b8-1a4df586dde7
,,,,d7e3d725-00d8-4f5b-a955-7026fdf234b5
,,,,15bd04cf-e88f-4105-8771-41dd0543d3e7
,,,,9f3562d5-0af9-4ba5-84a6-5a0d2f7cc2cc
,,,,566f863b-d8e8-4d33-9909-fef93162f0f0
,,,,13c93feb-0266-463e-ba3e-6deea2969c86
,,,,e9c4962e-d814-4c30-9ed5-2dcb3fc53e48
,,,,af44f66a-7cff-46ad-a845-aec759aaebc3
,,,,6710f270-28c6-4c3e-a0c6-59fc801342b2
,,,,4a61172f-25e2-42c3-a352-d8f35ab3bbd7
,,,,ca0676bf-a8d7-4d6a-bc2e-cf9531e0b3eb
,,,,acef7be0-55a4-4f36-9c62-e76e613b4426
,,,,28bf4c5f-96e7-40fa-9639-8e4ef66c50da
,,,,1e686ebd-6ede-429e-8368-8a5db2c8a909
,,,,61839e70-49da-4081-9d38-b2d53e34339a
,,,,b79f11a8-b93c-4c0c-a550-826227af0396
,,,,a6e2bb9a-6b93-43eb-80b4-d2a306b95d5b
,,,,4ef4c8b3-d9ba-4cf5-924e-db830a11e747
,,,,bc635a7b-f000-4909-be92-fdc6acc8bb0e
,,,,407e4087-42e6-472c-85bf-73de924488da
,,,,7e701f9c-1aaf-4ad1-bd54-9571664cea34
,,,,96b3859b-4bfe-4e22-ac0c-4b5a1c23f431
,,,,07a651cf-6a6d-4b65-958c-992731518ead
,,,,8f50f379-5827-42d8-87db-0b20cd6a6ba5
,,,,9eb50a54-e594-4903-8011-169b4d8b218d
,,,,c8191a82-4101-40d3-81dd-55e17e38c656
,,,,f9e656da-17db-4a1a-b57e-9d08bc69d658
,,,,5838dbaf-ac43-4ace-9714-39e26566fe28
,,,,36d8ae03-8797-4689-89c6-d09cd6cbcdad
,,,,9eea07da-411b-48dd-99a7-62f80e01565e
,,,,baa61f6b-683a-4378-b734-bbae9b509b5a
,,,,0f3790c0-7052-4b96-b1af-3a47f28de517
,,,,e7a4b28f-aebc-43c0-b972-cd49e439f9e5
,,,,31bd2c5b-4ec4-4713-afe8-54276f2a624a
,,,,361df595-63f5-44c5-8b65-9d76a1e45a52
,,,,bbd2f40f-2eeb-41b6-936d-8a47fc12a2c7
,,,,5b60f445-8fb1-41e0-8f58-950cb57c633a
,,,,97daf95f-b03f-440d-abbb-1b514ba7f747
,,,,3e247a77-0bc9-4030-926f-19634658e7e3
,,,,ad442a1a-905c-4705-8031-c754f18a1ee7
,,,,6c1192c8-da4a-47d7-a9b9-40a0b3d76519
,,,,423225b9-d7b3-4521-adcf-d9bf95914d24
,,,,ee1a69d8-1fcf-45f4-8cdf-0ab0d5c08c78
,,,,29bca2bf-1416-4876-9004-76b6f16c05e0
,,,,84c283f6-9111-4c2f-a112-8cdfbac06de2
,,,,2d474600-63cb-4819-bf54-b336ace6a869
,,,,35bfd6ab-581b-4afe-95ff-c80a5b187295
,,,,7f6cf567-926a-4684-90ed-f1753c7909c4
,,,,a76463f5-cce7-4cf1-a4a4-694ac9738446
,,,,70cdc5f2-4213-44a7-b737-b54271c2a27e
,,,,e035dc95-5cad-462e-8a1d-662fd3de924d
,,,,edc68313-7aa3-4400-b1df-085f93ae2bee
,,,,dde1e0a2-7890-4988-97c0-a54e5ccb51bd
,,,,76d11249-081d-4b0b-b717-5ca4092fe72f
,,,,42640861-3c5e-4458-956d-522979691067
,,,,bbd505f4-e647-4102-8a1b-f5738066a806
,,,,47c1ad04-1b1b-4b2d-bc17-8362c92a7720
,,,,1fd413ca-db8c-4a6a-821f-e53102c0ace9
,,,,7b55186b-394d-439a-aa85-d8a1aeb36a08
,,,,e2ebd226-ee0d-4e60-89d6-e4d95a573e30
,,,,ee754ff8-0ecc-46b4-8752-9913c125233c
,,,,eaef2401-d841-40f9-b833-696a4dcf961f
,,,,67b50be8-ab5d-4a41-bfeb-86c3281f2423
,,,,eecb5b34-cf6d-4b8b-a43e-d027a6966d86
,,,,67e11026-62b1-4208-b8b8-9c7d712d7556
,,,,5979331c-3177-4444-8f2c-436e878aa54b
,,,,315857ad-c974-4e85-8f5d-8faddc2a131c
,,,,fabdf685-818b-4800-a9e3-eea7fda9c780
,,,,4a2a8735-d324-422b-bc2a-2314bb833217
,,,,b3441ab1-98ba-4e2d-88ab-9a741d6fb138
,,,,6b7532ac-b0c5-4ee1-a5d0-31fe53411721
,,,,33198ace-dd0d-4e8a-96e5-85a3b5697d07
,,,,bbfb05aa-26d4-4c7f-8ecc-d91444d35ec0
,,,,b89b4dda-5df8-40da-aa6e-d38cdf613622
,,,,ce74108d-8a87-4347-9943-f03c46d9b17e
,,,,5e39f214-f508-4db7-bf7e-c4af7073369c
,,,,bf950fbe-4358-4d34-b4d2-b4284accf253
,,,,1c7141ad-796a-4723-9ce8-a096072100da
,,,,f703d4bf-6262-4156-aec9-84724b07e563
,,,,064954fe-93c6-452d-9522-7564a6b1e747
,,,,84b48c84-ba37-48ae-b9e0-c7d246008cc0
,,,,c17d412d-c111-491b-9ac6-89d6a8f9c416
,,,,129a1429-8683-4c04-bfb2-f3055b9e68ea
,,,,6ace168d-3add-423f-822e-787aedee9834
,,,,64ece7a1-cd97-4634-bca7-1aaef70b4e01
,,,,4b3eb1bc-ffda-4d3c-a938-38c749d6ecdc
,,,,f84bbca8-5441-4792-8a33-200190a1e15d
,,,,272c786a-154e-4279-8f2e-600e79f0a5e8
,,,,10cc7d1e-a4bb-4e67-93c7-32075ef6d05c
,,,,4705c577-93fc-4748-8e02-83d1b2a515e7
,,,,a8732e70-4eee-47ed-a861-17581c104674
,,,,9128eec2-2073-4d55-b8c8-a828df446b35
,,,,ddb60446-5307-46f6-84ef-a35426e173db
,,,,49150875-d3d0-4f29-82de-78b21d1f2e18
,,,,50c7699c-69de-4f39-9f7b-df678b203a23
,,,,c97c9df8-ef20-474c-a6bb-734eb19af6c6
,,,,cc35dc46-227e-4e4c-a683-65da4a3d4631
,,,,ced91a93-df89-4605-adf1-23e0cfa1c8eb
,,,,b064a4a3-df65-4caf-af76-eb8e9057fe8b
,,,,7992ef1e-0cbd-4407-8d02-ca6410be73ab
,,,,9ffada8c-9318-4ace-9f0a-a8c869e4f21d
,,,,5c1b4100-0a81-42f0-914f-15bd41e68957
,,,,b508f827-42ec-43df-90a7-bcffaf3b3f91
,,,,ed650031-332f-4e9c-97e8-dd6027ce1b6a
,,,,3eff734e-cf08-4adf-ab4b-7f2f7c135b76
,,,,8c84d7ee-6069-43ec-bb0d-cfbaebf23734
,,,,aaf42c2c-e1af-41f9-8859-134e7250f180
,,,,90af831c-f806-4ce3-9713-5966edd5f3b4
,,,,d8ba651e-254f-423a-bd2f-b0e740aa3ce0
,,,,36ea5a55-d23c-438c-9861-e77151b01f19
,,,,1747b46f-5581-41ba-90ee-095a42925fb2
,,,,8f4ec889-d712-42d1-bc1a-055dcf016fba
,,,,1dada393-cd87-42c1-ba7d-39c8aadd2475
,,,,58155eaf-85d5-4ed7-b06b-138b27de0869
,,,,fb7c9d46-74ec-41aa-997b-528f487c014e
,,,,1471c2ec-4641-4858-9b8a-8af0236f4666
,,,,5faa6a6a-e76b-43c4-9f5b-fb081b4cd636
,,,,c143a7c5-6fab-4b4b-9ac1-0a0f2398f7cf
,,,,597adcc7-499b-4217-8915-a69719fcc350
,,,,0f7de065-0c27-4745-84e3-cdd7a9e234ca
,,,,6a950f5c-4d19-4ac1-96d8-087d94dabb47
,,,,81cffa0b-9aea-4f4f-b914-e4eae292b0e5
,,,,f08554cb-d7d9-4de2-bcd0-d4474069cfda
,,,,e34197e8-c57d-49a0-9712-af936a96d7a2
,,,,ddf9d5a5-b2a7-49b6-824c-5fe51f332e4c
,,,,daa1c23b-780d-4a60-b629-85d64a683d30
,,,,e494432e-c8e1-43df-844a-69d7d4c538f6
,,,,c24e1c26-4f7c-4a09-973e-87b1accd4c16
,,,,6d0ad985-f139-4cea-ac62-47bbe8347ccc
,,,,3fd92a76-4f8c-490d-9dbe-d4252df95654
,,,,dfd57a07-1534-4d96-8000-5116782d8378
,,,,7b44b46f-c644-412b-84ee-0eab21d98b76
,,,,04914642-d998-49f7-95cc-9ad7dba94741
,,,,ee9aa07c-4f93-473e-975f-fc891d85cc08
,,,,3457a4e6-7593-41f7-a113-7aa1ccee0ca4
,,,,b6b5f7ac-e20f-42fe-97f3-f5dc3be91b09
,,,,e56b3550-5b67-4f0f-8801-746d04dcb97d
,,,,77392dcd-e39e-415d-a636-bdf7a38a81a3
,,,,a4f9ce17-8192-427e-bb4e-9fa72009ef95
,,,,b57b4c4c-182a-47fc-9932-026e9a9b6738
,,,,d70ecf11-50a8-4bad-b9db-fe7cd6b0c429
,,,,4e5c94eb-e944-423c-a601-fa49d5f6a4ab
,,,,73fa573b-edd6-4e2a-a71b-2a38bf407abe
,,,,b3a7f454-0d36-46bf-923e-8a91f1dd4ed3
,,,,75112ca9-ccba-4a33-a80d-e7663f25388d
,,,,11f60281-42f3-48ff-b30f-73f45361f4e6
,,,,a1eea915-778d-4edc-8b52-50f88a5f5763
,,,,c463faa1-4e8f-48a5-8b1c-d02faf9db1f3
,,,,c3b3d794-871b-40b5-9d83-166128804fcd
,,,,f12176d4-6bfd-45ed-a036-8495f7170f60
,,,,a5cf2403-13e0-4b00-a9b2-8144953608bb
,,,,d185e355-f2fa-4f34-8305-2bd518c09a22
,,,,b57aca31-d270-4fbc-80ab-812eb00fee91
,,,,f4103c81-6a09-4c63-bd72-864cb0e48529
,,,,e90673ff-6da3-4bed-af79-a9fd75295c85
,,,,027a3207-ae55-4ebf-99e1-3d7a31b652b0
,,,,50bbfe66-1adc-4e97-8984-3466b3601970
,,,,899b9c10-be04-4c92-9843-1bc0b7e5baee
,,,,2e020e99-89ad-4f37-aede-9e6cd0510720
,,,,ced68083-7003-4d29-ba32-562e3af7f61a
,,,,faaaf2ec-739a-4672-8268-a557c1fb0fb7
,,,,691a8a33-0345-4598-a6a2-309a52b5b882
,,,,92a12013-b2de-4edd-95dc-9cfae4c4d2ab
,,,,5da3cbe8-11aa-49a4-a4fc-133916da10f2
,,,,d4e859cb-cb8c-464d-834f-dc4385b102af
,,,,122d7e0f-d17a-48ca-abe0-5554429bc311
,,,,93778ff7-7fcd-4655-8143-a42c0a6e446f
,,,,19320896-7bc9-43f2-a333-8edb7ca3cfef
,,,,7b86f831-2cad-45ae-9f6e-bc825ed7abe5
,,,,d75a71b5-4765-47f7-b3f9-7243fe0d52bd
,,,,23a1437e-8f58-4ebf-89c2-e0b368cb722d
,,,,871abcb4-a1ed-4056-a005-5304ba03ce86
,,,,56575d59-53a7-445c-892a-aff692355fdf
,,,,4f3bfa73-499c-48a6-a236-ab248d59ac64
,,,,6457534a-678f-4d9b-8ada-7adcb0bb5901
,,,,21be5731-d99e-455f-8143-1e7fdc9f55f4
,,,,4bbef93a-a0ff-40d0-b76a-66308a8bd765
,,,,2ea3aeff-625d-4d13-95f6-a3ccd921dec5
,,,,56f0cfb4-a555-49f7-be5d-57e0c5f397df
,,,,90e638a6-9244-4be9-8ad4-52ed2f4cfb02
,,,,7521a47d-a6ab-42cb-a675-ecf30af4cb07
,,,,64ac619a-a55e-450d-858a-fffef595d1ac
,,,,9bf92410-36d0-4203-a3fd-402eed509451
,,,,6d5155ee-49bd-4da0-a453-cd75f11ca83d
,,,,0e47b4c0-0dde-4c2d-beef-61077f394e08
,,,,68b3997e-0eb6-4be2-b154-04a9eeb98884
,,,,4e775871-d258-43da-be35-6139052d7c69
,,,,a06af4df-9004-4c25-9ea6-01461d744154
,,,,13aa8135-65dd-4054-a2d5-c1cba0653adb
,,,,6a9a199c-d56f-4630-a873-c1a2fbd735a0
,,,,b913d5b4-7508-43d4-b8e1-bd9138404c3a
,,,,068a2df0-b9d6-4a16-884b-f067614ca68c
,,,,a170aacf-8acc-48f0-818e-d6b2bbdeb4bd
,,,,c3c76287-8e9f-4c2c-b445-c618ee337fc6
,,,,3c843448-6592-4129-b82c-aa9dd2d6487a
,,,,8f8d65ad-ba46-4e42-8c19-b029f60cc504
,,,,21aba45d-0de8-406d-89c9-8d919e3a91a5
,,,,1b03583f-1e36-43b7-b47f-acf6db2cac3b
,,,,109887b3-fd36-40a1-8741-e04ce130ccd6
,,,,f8152c07-ee6c-4dba-bbf3-7eec6783d0bb
,,,,f2ee62bd-533c-4cba-a682-6bcc1b18d9c6
,,,,237e1bf1-a3a9-4c4f-a19d-4ffb1088d75f
,,,,e0baa101-ea9d-470b-a0b9-a9205affa5f4
,,,,89b904f9-8db2-485d-abf9-2a2d8a07330d
,,,,54675a4e-13ea-4591-b573-8e33ca12652a
,,,,20db6f70-b4ff-4b30-bdf0-b3b8ce0468f6
,,,,319e9bc5-6894-4fe9-b7c3-68b92327bb4d
,,,,6bd45f60-e6dc-4de9-ae10-734a446a1b1a
,,,,459841fc-489f-493f-aed7-a30df7d68f65
,,,,068c5bf1-f272-415f-83fb-def2202ffc80
,,,,7d7a7520-4fef-44a8-ac36-33284eedf350
,,,,ee4497fa-5b61-430f-84b0-3625de1aece7
,,,,ef80cdc2-b29c-44f9-ab0e-fb3ccc94e47f
,,,,21ae295e-aeb8-462f-b58f-1cf5b1f44955
,,,,0816c925-a1ab-4782-84bd-59a546fb0b46
,,,,ce672411-ac08-4636-8df8-7d2f2029fc5a
,,,,62f3e9a8-7ff8-4051-9a9f-006a6265c878
,,,,5302ddc5-8675-4136-bad9-52e4bfc39244
,,,,eee4434f-7339-4628-b26d-0766ddd8b6d6
,,,,c6743e52-9d1f-435e-b012-55abd80d5c6c
,,,,0760a04b-99fb-4897-a449-30ca7627e855
,,,,c9c0210f-c938-4625-9218-80024d045286
,,,,e68e46a1-1755-4644-a7a4-b0e143811c14
,,,,da84b132-875b-4a85-b0a4-79b835a9b3b2
,,,,ab264457-d1aa-4ea4-aa18-378949e8903c
,,,,93f33e62-dab6-48c0-99cc-7c04c11c6653
,,,,064f00cf-ddab-4cff-977a-67c82cc0f25c
,,,,8b276c6b-13be-4ef2-a987-09c69e3ef2d5
,,,,2f697492-75eb-428c-98d8-16099c845156
,,,,c791dcd5-b12c-4988-9ed6-205d7790b117
,,,,046061d6-1de7-4712-831a-ca2991b6240b
,,,,6e39208a-7835-4462-9853-fcf92b6a20d6
,,,,3dd54c7d-9e9b-44ec-9e07-9626d4bf32c7
,,,,a45b1808-6f37-4a35-b242-45c16989a99b
,,,,c71d2d83-f4a7-4a04-8748-26ac1d0a8ba7
,,,,409d3664-d880-4a91-b592-030750339376
,,,,68bdfeb0-53f3-43e6-866d-61bfa9489c2f
,,,,09208e2a-9410-47a0-a5bb-6d85baab8ab9
,,,,e8c3153d-1e85-4212-8245-1f19fa1cab27
,,,,0e9ae02a-da55-41d5-a34f-40185979bac2
,,,,df78fd8e-1ca4-466c-9ec3-94a0f4de7bce
,,,,4e4c1737-4a0b-43b3-8d93-562fe91ee294
,,,,3b625894-0afc-4685-8662-e8b16d4abdfd
,,,,48447392-690a-4787-8f77-23a437dc19a6
,,,,0ff58481-9bf2-4f87-a46e-af6885946eac
,,,,57f1c713-93f4-402a-b1ec-ab3d5fad8a82
,,,,47de9029-94bf-4bc6-95e5-2d3b2581dc4e
,,,,79fae2a3-7902-4278-bd30-93c17cae998f
,,,,ac98417c-a039-44a1-bfea-61c18a7539da
,,,,154bed13-62a9-4d16-9028-939b26525160
,,,,bea4e842-a3c3-42b6-a0c0-3631f192ea0e
,,,,36fe3b00-8fee-4386-8490-d6da86467f36
,,,,1b412e37-eab9-4462-b549-4e62660bf9a5
,,,,3af448b2-641e-423f-8f7a-53d5aeb7fe76
,,,,b4384d1d-a897-4338-874b-9c58f424e328
,,,,4041cd8f-5e61-46ce-8c99-442f7d9169be
,,,,1f6bbf3b-c295-45c0-932d-89ecad52bafb
,,,,d2932c0e-ff3d-4a43-8f72-4871efdce97e
,,,,e42dc349-6241-4c95-ae69-81c911100cb5
,,,,8c4381b0-9e86-4274-8af3-27d714bcdbe4
,,,,6810e463-a0da-4a91-b7a4-abd712837837
,,,,3393660b-c119-4fd9-9ca1-d469f64d4e80
,,,,d550e4ad-500c-426c-9e8b-ac127e73a0ee
,,,,ee7fac04-5742-4416-bfde-c5c1bc7b5431
,,,,f09b604f-43ca-4a5e-8d81-c4491e16f004
,,,,cf7ae426-01c7-4234-a136-ad4b58aa358c
,,,,5be175e6-746c-40c3-a92c-d540f0af872a
,,,,d5f2fd3a-772c-4565-82af-181df2fa3842
,,,,9b133f24-2e32-4eac-816d-d273804ea3c9
,,,,9b744e7a-e834-413d-ba2b-48d6574eb968
,,,,15e14ee2-4155-4e97-b1d4-32456f37a70f
,,,,4b36eb0a-9623-4bb0-890d-25cfc85f90fc
,,,,63ffe6c2-79d6-49e6-9392-f6298b1ee3d1
,,,,d7ec3fd5-0fdd-4fbe-8c3e-9f569ec486b2
,,,,382ab38a-7ee3-4be9-80e0-f2f8776d4452
,,,,097eaad2-4b72-4b6c-946e-3cc34197a404
,,,,9f513e7f-efc7-4f86-85fd-b7466f65e215
,,,,49dcfd14-8ce2-42e0-af9e-09e4e1fa2e03
,,,,747c3458-f602-4e4c-bcac-340fd3b9e701
,,,,1291a131-80a3-4de9-ad0f-30d711542592
,,,,484c46a7-e1d0-42e7-ba33-51f0403576c8
,,,,c70d461e-3da7-4362-a316-46edda2d9546
,,,,10c5388a-a4b0-4a70-a1f4-5c4b3298df0e
,,,,19709224-9e50-4061-bf83-27f81a5981c5
,,,,755e0372-43bb-4255-82a8-6a44e34ac9f6
,,,,18dbad58-a4f0-4633-aa3c-791e69c0c1fa
,,,,3d6097f9-0828-4931-9a5b-3f17fecead8e
,,,,6f3fe8ba-e472-4f36-ac35-b908ce24404f
,,,,71212db8-d6ab-452a-afec-d0fb0c6d04ee
,,,,875316b5-d9f6-4d9b-b19d-a309d259e0e3
,,,,d9b019b7-e4cb-4fb2-b576-531b98e15d6a
,,,,0824f0b9-84d8-4cdb-bfbf-fddce0d8684a
,,,,ab444aca-9c8f-4c3f-a1ff-2c0c52c8ff42
,,,,bf465ef2-27be-402b-9180-92b47b52c97f
,,,,7149428c-1a76-438e-b903-cea645b17916
,,,,e62d0213-0acd-4ec1-a8af-7b3d94edcb2e
,,,,9162e3e4-e5cc-4d01-89b9-fef167f188dc
,,,,4ed0d4ec-f767-42cb-8eee-25b096d28f5e
,,,,92d17bf6-360a-429d-895d-dbb76f31055b
,,,,89b1f4b1-7ae0-4b4a-89e2-88c02e303ad9
,,,,05e48e89-c81e-4691-8630-70bca888b407
,,,,cac254ec-0cba-4efd-a110-69b075c192c4
,,,,42b02dfb-7a96-4dfd-9364-80f1b99fb0c0
,,,,c20678d4-4ced-49bb-95a6-b41d1cb59317
,,,,05e8577c-26f8-4f16-b781-3c2020072dcf
,,,,fd14a09a-b5f4-402f-a3b0-e3459dbf5186
,,,,42bea93e-92aa-446e-8692-92c0668d944e
,,,,548ff5b1-77e9-4a2d-89f2-bb50eee5ee73
,,,,8228cd6e-1fb8-46b5-9ef5-4bc6daaa03cb
,,,,2f309adf-ce29-4cf5-ba70-43f736484dad
,,,,b16acc0f-1759-4f90-9cc5-6925930be253
,,,,447a8041-5ae4-44df-a29f-765e821f4b94
,,,,488b36cf-7d4f-4b2c-8d3c-cba1ef8849a0
,,,,57312ace-ae73-4a04-bc67-ea3d65311ad2
,,,,a448121a-e56b-404b-9d68-d42d38eb8932
,,,,097fba5c-ef99-4b5f-9fd8-bf001e2754c4
,,,,916e15fb-62bb-4eb7-97ca-b37c41a3269c
,,,,83e200d7-08ca-4d1a-bf88-0745035a5c3e
,,,,86707de6-99a2-4c0d-b01a-58cd5cfcf754
,,,,35d2ce82-00d3-483d-9cf7-c492da5a5745
,,,,7975f1b0-11ae-4290-8910-a1df29bbf61c
,,,,f51c1770-c984-4742-a5a9-58b2b200422b
,,,,b413ce75-d588-4132-84ad-7fda3637ce91
,,,,bf9da593-1b7e-48c6-8672-c5dd89ddc933
,,,,976cb85c-971f-4326-aa6d-a2366e8db36d
,,,,2463657a-e2c4-4c25-90c4-7fb161784ab6
,,,,ffc190fb-ebeb-41cf-bf0b-e10e32a08adf
,,,,03a92efe-daf6-4787-8b55-d26e5f6a8ca2
,,,,ebe75ac3-5bfa-4adb-96df-8f812de32a7f
,,,,a5aca652-14f1-4d1f-a400-6dfa6cc10c62
,,,,d7543a03-8e27-46e5-b45e-3d0668edc4bc
,,,,d0f3f582-ddba-4d74-8e9c-6482c233db7b
,,,,c21b714d-0dfb-4afe-ba03-9ac44a8c11a3
,,,,9c3e125e-a6aa-42bc-badb-16fd1bd70489
,,,,d068a7ec-8633-498c-bceb-bb47befdb6f0
,,,,f9cda08a-ef12-48f5-8005-b305a0f3b996
,,,,b3538687-0c5f-4481-a1df-fd118d50dcb1
,,,,69126fcf-ee35-4524-ade4-88d1ec5c97cd
,,,,c5c742d9-b79b-40a4-b566-caf1ef62d950
,,,,9aaf174f-52a5-42a0-8606-ec42ab668d2d
,,,,e4cc69ea-c82d-4d05-a1cf-ff3c9987c44b
,,,,8fa82248-8e71-4a7d-8a67-b3154478423f
,,,,1b6d3357-379e-474f-84c4-88ed77109ca7
,,,,d7124c06-9ae2-490c-b402-9b34d10a41ff
,,,,d177322d-3db5-4f2a-b009-430040013bff
,,,,f2f8711e-71d1-4389-8cbb-db46014d7bd6
,,,,7ad32131-eecd-411a-b6cd-43c4d0e3df53
,,,,8254da2a-c65e-491d-b501-cf7eea6b2cca
,,,,51b35064-aecc-4ff3-8273-05cd82b4c0d9
,,,,018fc275-d625-45e4-bfbe-8d5f0daa2856
,,,,a37b907e-ea59-49cf-8427-e4283c9dbce5
,,,,e0bdc72d-091d-43be-942e-50a9e9baef47
,,,,3cce9d75-d754-410b-85bd-0ee622c4a60c
,,,,5438c114-3a7d-4e92-a670-517c46ce8f85
,,,,30c77ffa-2b7b-47d4-9f88-efc8f96c82c2
,,,,dc4dc982-3e2f-48b0-b0f3-2499e4ae096d
,,,,63e5e69d-5d4b-4e32-8493-db4c0a7bc0b7
,,,,6c8cde0e-8a89-4640-9b2b-2a005a42502d
,,,,2cdef363-aafc-44f5-85fb-ede5686745e7
,,,,87897ea4-9a41-4fea-a272-245f7e546276
,,,,23ed2421-ffcc-4eb1-8e21-c7339dab5c7d
,,,,9cf1d3c4-c341-46d5-ba8b-18e2cf60b8b9
,,,,45967c44-77a9-47ef-843d-fbb6d48a91ca
,,,,807044c3-fc8d-4f95-8eee-14f547b4ff12
,,,,a454e40d-9d15-48ed-ac85-ae28abd6af8c
,,,,c1e909a1-968d-4d56-ad2b-22d9d06ba847
,,,,cf1ff4ec-5d86-48e6-ad8b-fe4fe0029991
,,,,cd3dfa38-5657-4a55-b2d4-cfa1fd19a380
,,,,94f0be69-e046-47ee-801f-deac4b3e45af
,,,,bfd92557-859f-4163-aded-09443d5a709b
,,,,0608ca32-6f25-4099-8fbc-84cbd707f012
,,,,e220b936-1394-41d9-9211-e1fae43e5338
,,,,257590f3-d65b-4cc2-9a02-b1ec597eac8e
,,,,60a4c719-bcd9-4281-bad4-f2f0700e6d8f
,,,,78ba461c-309a-48e1-bf03-ac1cd9cb411b
,,,,e9879ac1-476b-49f7-a699-6bfcb5ea92e3
,,,,1d683301-37ec-40ba-b03a-9d7a4ef49225
,,,,9e668076-8ae9-4e8a-b7c6-13bfe64c2bf1
,,,,17e880e9-de63-4c89-93f7-eca0e5a60ddc
,,,,12c0d4bb-629c-4bdf-871b-06b7a60795cd
,,,,9a697c88-7fa6-4fe3-925e-0784984cb54d
,,,,b531dc07-9328-4c03-9936-059a5375f36f
,,,,896e253f-ae76-4c7b-8941-e1fc679ee669
,,,,cc17f466-eea8-4b48-a955-1f4fea20c5bd
,,,,78f4f969-1514-4ba8-b213-e5e2809a6c50
,,,,590a3fd5-e86b-415c-9315-035bd235a03e
,,,,c2692f3d-0871-42b2-ba08-4aaac5b4553e
,,,,2e9113b7-7045-42dc-a867-2d250b4d7cfa
,,,,06aad92e-28c6-42ea-b9a3-09f860b2aa21
,,,,ce4d3ea0-4f69-464d-88f6-1352ff25bd01
,,,,bafd8b8d-c6dc-4cea-b4e1-77b0406fbaa0
,,,,78248619-249d-4edb-b9f9-c097862e28be
,,,,9ae79f3d-dce5-4037-8a36-c5dad8ef6b54
,,,,65029d46-8fb6-479c-a92a-584229ec2687
,,,,db5f8316-4244-4e51-8649-d29bb9111965
,,,,841eba07-e6c0-478f-ba06-4a1785a003e8
,,,,eeb5aa30-0bbe-4923-bc71-1e9ef87a5b71
,,,,0b678888-fcaa-4459-9c64-32c74894126d
,,,,aa8c230c-f328-4098-991e-387bb856fa42
,,,,38033c03-dca1-419a-844a-5b099e75493f
,,,,1b2e9af9-e3c8-4d06-b7e8-55e412cb7db2
,,,,b8848046-6d53-4d4f-9ece-686a8f799c70
,,,,b4e4f0c8-4f1a-4a56-b809-959bbb81b486
,,,,dd371268-a71d-4309-acbb-7650149437fd
,,,,e0eb2f1f-fb84-4e8f-ab47-8f2a1bab0006
,,,,84ceb6c3-d77f-4105-84c9-0f3c29f753c6
,,,,08daec11-0a2c-4ca9-bfb4-7f8cce0c0cc6
,,,,48c9cdc5-4927-44e1-a1c8-39849fdfcbb6
,,,,49abc6c5-5764-41aa-ac50-3ef22522c781
,,,,770d0d97-ff44-4dd1-9b0f-6d86f49e042a
,,,,a8685bc4-029a-4a78-b182-3f631c6ca45c
,,,,3afd2bfe-07a4-4abc-b1cf-c3ba95f4fbd9
,,,,783b4bf3-b6a4-4a40-8928-08775b3aac43
,,,,ba6afe5b-428f-4e90-8b06-203b1437e504
,,,,44e37110-538b-47b6-a0da-38ecd1179ec2
,,,,15618481-6d5f-4040-951f-7cafc74f3720
,,,,fe256797-482f-4474-9be6-55c36dfc7aa9
,,,,e50db4d1-f402-467d-9963-327049aabc69
,,,,1949e429-826b-4f3c-bd00-0b5922434783
,,,,10c709c5-691a-4518-bee7-310b8ef9e7b0
,,,,49fce278-8558-4475-9930-afe77b85e89d
,,,,2b2983aa-9bd6-49cd-8556-5fb3331789d4
,,,,68488da8-5e8e-40f4-a28e-4df6e0869e4c
,,,,1dd4fdbe-5bda-4a0d-9a66-5db0356a09f3
,,,,da0264e1-70d2-454a-be6f-a76084b97f5c
,,,,0f0c445e-84b7-43b1-a423-93013b11b947
,,,,2b100f73-f38e-4bd3-b761-9559075d503a
,,,,64f9e2c2-f0e5-405c-a026-28d50b2a519f
,,,,c829cc28-4fa8-491b-bf67-79f858f1028b
,,,,9b1b0e8c-9503-4fcf-b292-7ae4ad6ae3b5
,,,,06223d81-c4a9-4faf-beeb-fec5638bb1b5
,,,,0c668976-df77-4aba-b56d-a0efe7780dfe
,,,,7ad56c91-8898-404c-a7f4-ee0557e02049
,,,,6d40057b-ee42-4315-8392-21e49be0c37c
,,,,3befdd9c-b364-4457-8de7-109e4ccb7635
,,,,3ec664a1-08ea-4c32-91e5-612ba55918ff
,,,,b99a817c-6f70-4307-9909-3b0e582598b0
,,,,ead53494-b474-4d3e-b784-6b697284db9b
,,,,924396d2-4efe-4b94-8f0a-a48400e7d0bd
,,,,466b5eb9-6c7b-4de3-b127-0507884782b1
,,,,4586ce81-5180-4e75-84b7-db845c5349ea
,,,,676fdad8-1615-48eb-ba00-ec05f5625120
,,,,335d9299-d41f-4da1-a919-8f8ac67f08e6
,,,,6840e54b-42fa-407c-9bb9-90b4f8e91b33
,,,,51e8107f-1ebc-432f-b8f2-acb4223d0ec7
,,,,787c4d15-b671-4586-9655-f0e0bf480fde
,,,,1de383d9-c4ac-4ec5-8f23-83f84450c718
,,,,908dcd9e-5e13-4556-977b-5d820f2c82c7
,,,,60f754a3-b9df-4f52-b96d-e0f235beba28
,,,,49f84673-c9a2-4988-b337-cdf54da1c72c
,,,,927c2fc2-d3d8-4ca4-a522-b7f98103381f
,,,,77775c8f-b91c-42c4-9c0c-f5ffcae2e6f9
,,,,b0518824-362f-4112-8ab0-9745d52a8d89
,,,,a1a77b50-522a-4321-9e21-a5ffd157c996
,,,,7a818c6b-bbe4-4f8b-90da-f6d2e9f60a62
,,,,3911b6f9-88e2-4faa-8b05-3560553bb61a
,,,,22d6f9ba-5aa0-4d0e-ac5d-5c200077d7b3
,,,,109106e7-5883-4dc3-8d9d-af726a3cec53
,,,,29b0d1a0-e915-405b-92e0-31a50a80c5b3
,,,,150e976d-d23e-4c89-8310-f49150ebdeeb
,,,,e90dc060-0fe1-4d7d-81a3-dedaf28f875b
,,,,d902a2b7-6e2c-4021-8eba-c4fcf2f0106d
,,,,9d0a1db1-4f62-49c2-9a80-5430aa855f8a
,,,,f505aeb7-a2c1-4102-b286-76e3059335bb
,,,,3b8ffbc1-b0b4-4583-8670-9a71256ab7c9
,,,,bb6fea11-08b4-4a59-91f9-f61cbe358279
,,,,90c7cbd0-3c93-4033-9761-2872f530f486
,,,,f0fd9632-cbb8-4d62-9ec7-af75fa8dc5d1
,,,,da98d079-10f5-4f4c-8ec2-30cbd0d385db
,,,,e1c8c7c2-5e3d-4498-af76-c8b2ebc1f617
,,,,7c8ba4d6-6868-4956-851c-714c77de7c7c
,,,,ae089ae7-b3b9-49cf-9e9c-98b51e4afb05
,,,,f90c665c-6668-40dd-aa50-3f19853ff2db
,,,,f0c19504-fef8-4e92-80f3-fb774bca88b1
,,,,87885540-bbb0-4cfa-878b-4e4036e7a3b9
,,,,17c9f3cb-a34f-4e2e-8796-729d121f3635
,,,,fe638930-0542-4543-aaeb-57f55edd632b
,,,,d8b60ac7-ba56-49ad-8ae0-30ed0c630eb0
,,,,843324cc-0b54-4af1-accd-86f7b793a59a
,,,,26abafc9-ecc9-466d-8bba-3fceddad5405
,,,,2b28a77e-385b-46b6-922f-b2d0c396a475
,,,,c35e6ec5-87a9-4d33-8f7a-994a8c8e59ec
,,,,f93ff9c3-0ea3-44fd-af40-92a6fc742bed
,,,,cbaf7aeb-aaf4-4002-ad36-8b91a68077d0
,,,,687c2cab-86e9-4700-9204-657e757cc537
,,,,d05d62a1-5413-43e4-9f59-992dfda7d109
,,,,d8f8f582-d62b-4935-8494-18569d85d6bf
,,,,6bb1aa71-3d03-4155-b20b-594076fe166a
,,,,47bb1ef7-ae5c-4c4d-b950-5c0276e7af3e
,,,,66ccfbb6-ce59-4792-b2ae-51972831f2a2
,,,,e48e63a4-c79b-421b-955f-e981bc309cec
,,,,b99afc92-e960-4cb9-bb74-c18c4973547c
,,,,12586ddd-36fb-4472-8d79-21c7ba4a4221
,,,,6c96a868-ba7a-442e-839f-154e4714cdd0
,,,,4031338e-eb12-4d25-bcd8-b8e4bf3aae5b
,,,,983e205c-179c-4d5c-8e5a-dcb632ee2d26
,,,,a17e50b5-c438-44f4-8d02-541b0ca7e9a9
,,,,68a381c2-b302-4148-af75-7403fe9c079a
,,,,292fb830-f2be-4c6b-8bb6-7d30b47b10a9
,,,,df0e380a-4fc6-4ef4-9177-7c9eb070f5ed
,,,,4ff13af7-054d-49e9-9406-a6efe33a5fb3
,,,,0f7164f7-c99b-46f0-9eb0-bd2808deccd6
,,,,5c62dd9b-cd04-44d4-8071-d28b94959eae
,,,,f3f3378b-80b7-467c-81cf-8af732a417a6
,,,,987a0e28-bdae-42a1-aa4f-6ebd7b56b2e9
,,,,9c3e833e-70dc-466c-831d-4d56e9b31afd
,,,,cee81c84-0311-4e89-a703-a44a4b73aeae
,,,,38d4f8b6-55d7-4850-9412-f570c0dc9096
,,,,0a306e7f-13ff-4e7c-8fa1-3d71461cba0f
,,,,ca6c0726-7432-4ae3-8e13-b19467cb05e3
,,,,866f39d2-acfa-4cf3-b81d-fdcdfa98a4c5
,,,,26617e35-207e-40e6-8a3d-18ad98774a0f
,,,,48c4029a-97a8-443c-ae03-34f3e2bd948b
,,,,8c018ce0-7e4a-402a-96b2-4e4d7219bc6d
,,,,904a3939-4eb7-479b-93f2-538e4c5ca5f8
,,,,33c10178-18dc-40b6-8ea3-582e5be5d5bc
,,,,ad87a6e4-3ccc-4ce9-b1b3-84e2b5cfdebb
,,,,c3d52028-6ca4-42a9-b401-bb9a345e7453
,,,,6e73a169-42df-49e8-8a0e-58608ea349d5
,,,,ba4ec774-daa1-444b-aad6-b3b4621c5043
,,,,7a14c3e0-5494-4532-a2c5-1f8bec516a23
,,,,bb30b74e-7265-4c5a-bbe1-eaf19f988e91
,,,,583b35c0-2046-47be-ada0-66ec50281ab1
,,,,3484e3ab-f585-4c72-a971-76be45b4503e
,,,,21d1b11b-8475-4179-a5fe-2f6a32dbf6f8
,,,,8c987332-5ec5-4c02-b030-46854f310130
,,,,41480f41-feb4-4e6f-8f02-2bf121c7958f
,,,,b0d1d911-de70-493d-a781-8476f16f7dcf
,,,,7d9ee89e-69a2-4bec-b24f-2b4b87e3feb8
,,,,d0b43603-1e8c-4027-8286-3e5a2647b1d7
,,,,99787571-8b77-4317-ae07-68b53312371f
,,,,a0c883ac-ae54-416a-96e3-b68967c5515d
,,,,c687f82b-a9cf-47f6-a6f4-a3f12a62fc5a
,,,,d0eef42c-6ddc-4bf6-9672-6e1566b6318c
,,,,ae371106-32e1-43f6-baf4-37d7cedc248b
,,,,effde3e7-9a1e-4e64-8b05-ff27ec591ec1
,,,,20727f43-6934-41bf-84fb-083a32769b49
,,,,e1c7f120-76bc-4048-a8ed-059e80a6d90e
,,,,4775b763-cbd6-409e-9390-54e7b6c11602
,,,,0461d7e7-8dc3-4139-a37a-1e542d46382a
,,,,7438f8a2-b8bf-4792-afc6-02ae4cf9f6c9
,,,,3a4dd805-d94a-4863-9254-155466079843
,,,,c9a09d22-2481-45d7-badd-34ca12f6b06c
,,,,f816b618-3396-4fe5-99e7-f5deb88509af
,,,,37fccb99-f693-4e87-8d7d-f56181ca32f4
,,,,93007f6a-ba99-46ba-9bbf-97ed7d0ea8be
,,,,4c5a63f6-152f-4aff-8546-861cecdb6d4e
,,,,a9d1571a-ea87-431c-888c-3064d1083e7e
,,,,9a0f0d80-025f-4283-bbf4-de84d4af57de
,,,,dd953d48-89a3-4f04-9640-782135e9fe79
,,,,717e65b1-507c-4047-b03c-231f9b7f3b87
,,,,0628c8e6-2b9f-48e5-8074-06459430544d
,,,,f8a39c95-aad2-49d3-98bd-671a9545e5f0
,,,,39402811-ead8-4af7-8798-8e31c7bab57f
,,,,f67e22c4-b2d1-47d9-b17a-0b7f122cffc7
,,,,1c4ccb9a-17f2-46f7-9ad9-1f6c783c6213
,,,,b8929554-ab5e-41bc-b57c-38c593be2c13
,,,,e7e87e39-8022-4c6d-872c-62400129a959
,,,,cc004254-2111-434c-b212-abfa9c55e2f6
,,,,587fc7b0-6102-434b-b5d9-c51d14faff03
,,,,1e2f1474-a91a-48b2-a81b-c3333b117494
,,,,3fcb7efb-31da-41e8-a115-329acaff2ece
,,,,dd686f7a-5464-4354-be06-6716251e20f5
,,,,d153a2cd-048f-45de-b39f-7beb0d7b4c34
,,,,b627c4b7-9311-4e8c-87fc-321172001735
,,,,9d085095-42cb-48ae-8217-fe4672d9e397
,,,,88d8d2fc-cdbd-4440-a7be-21600d24481a
,,,,f788c870-e582-4841-8f61-bb52c2062919
,,,,46bc42eb-8cc8-41a7-a9eb-ee31a711d5df
,,,,60d07633-185b-4150-8ef1-d474668f7a87
,,,,7420da91-b6fa-4ca0-84d0-4359584999b0
,,,,727349a1-0374-4b5f-9efd-fb7eecdabad3
,,,,1c63beb1-4518-43d6-ae8d-9c791320e600
,,,,8656e8d5-f43a-45b6-a263-7b6b39dcc40b
,,,,e50ea76a-3d54-44f5-a8ba-553931de1671
,,,,168aa8c2-71f8-4cf8-94ff-71f5f0bb38c4
,,,,cc145032-27d4-418d-9020-801d93a5450b
,,,,f606ee21-53bc-479b-869d-25e06a5b6220
,,,,812b3e65-45f8-4e4f-993f-3cf9405c1345
,,,,74589b98-6958-4491-8d29-16fc3fba8eb7
,,,,de28f02e-7fd2-4b54-b829-1542f757dfaf
,,,,b294f8a2-3137-496a-9eac-e1cdd6b7ace9
,,,,28d488a0-31d1-4077-ac8b-20be8cc34776
,,,,a876d428-8cc1-43e4-afbf-540167bc101a
,,,,d1812938-3b5b-490d-a6c4-842cbdead1e5
,,,,2949d70d-58d2-4b1c-987e-8fe5f311b68d
,,,,81b2b26e-db20-4d30-a29f-a8ef597eb4e0
,,,,5ab6f83c-a88e-4b52-a11e-5d895b7c3282
,,,,725f1ad7-0925-4644-9975-96a82d95db8d
,,,,6b7cb931-2250-4cc1-a1c0-59b67b7cf44f
,,,,84226933-f90b-4810-8b70-4b18506a8e5d
,,,,b1222c08-8de5-4fb5-bba6-ecc8d40fde81
,,,,599b0705-f928-4fe7-b952-f32fc028cf1f
,,,,5e8b7e3b-d3c7-4c52-a6d6-888011380914
,,,,97734618-e9d5-4ea0-ab11-f33948f7cfda
,,,,edcadf38-d7a6-41df-b4b2-ccd5a28c8a46
,,,,6e75ccde-5a8f-4af1-b499-b87280738c1b
,,,,f0a17fb4-0aca-43fd-b2c3-6428fceda160
,,,,4c803f74-a4b1-4f56-bda6-76c5e923169a
,,,,8b7f7637-05ee-4be9-84aa-8fe4313d09ad
,,,,f04418c9-020f-41bf-9e6c-372347ada6b9
,,,,bfdbbb0c-1b78-4ae6-b44a-facd6ad3340b
,,,,e4b27fc3-6ab0-4695-ae65-e10abbf46c3c
,,,,5915a6c7-1096-419d-978d-6a1586ac96eb
,,,,b8f1d974-975a-450f-abcf-3b4dca9e286a
,,,,10fdef4c-75e3-4691-8851-98c39d7adc6c
,,,,731f10a3-e96e-467a-a1f4-89bfa3fec0e5
,,,,cd4ce2a9-ff43-443c-bc24-ee45cfa65f56
,,,,29379529-caad-4a29-890c-e707dbf444c7
,,,,d63cc19a-281e-4cbb-8eb1-ef04707fe4e1
,,,,275f590b-c164-4c26-9a7f-529ac454d18b
,,,,72bb3b24-d468-4b1d-ba82-c02054d1848c
,,,,7ca63a20-21f4-45a2-a4d0-a4f6ce2b708d
,,,,074e2804-cf08-4648-b625-0d3016151305
,,,,559d7486-86c7-40e3-b5a7-61753380b99c
,,,,b6019d8a-0797-4a7e-9e92-78284f9d8eda
,,,,80cdcfd5-4680-490a-a02c-0957876119a6
,,,,81f647cd-dbd2-4fef-9ea1-bfaa137e7ba3
,,,,03db1209-b338-4332-ba2c-318bc13dece4
,,,,117c6676-aa1f-4344-99f1-e8452e180c71
,,,,c60bf325-7e54-49a1-acf6-07a27865af4d
,,,,5cb03ebc-aa33-4ca9-b899-ebf549f55657
,,,,1c0ded82-dabb-49a2-9a05-bece33a92e6d
,,,,e14f9d0e-2ce1-4316-9739-baac10edb6c5
,,,,c80e2207-82d9-4e3b-a987-7bd021ab2243
,,,,bc554131-39d7-4b87-99fc-a4c84775bbf0
,,,,181ff4a6-3329-4898-97c4-c86441ab9b6e
,,,,58453641-a965-4ab9-ada4-fc19963c3c52
,,,,9438e4c5-54bd-4c0b-894f-3ebb061aba92
,,,,d6e42a81-3577-472a-b8e9-7ae106c33dd9
,,,,e4ea634c-feb9-4fff-9c48-8e3b7fd7a68e
,,,,f39b081c-1c38-46c7-a967-92d00d76f14d
,,,,4d5778a9-aeae-4afc-84ae-ed54952b6d08
,,,,5afa83dd-2365-494a-b945-1a37e2f9a651
,,,,a87184e1-24d9-4474-957a-5933bb627397
,,,,f45041ae-1b0b-4762-86b6-9c6994ebba64
,,,,5654b52f-b3f2-411e-8415-6250bc524d74
,,,,6b7085e3-d769-4996-b2c0-4d55969f6987
,,,,2a5fe21a-0685-4ce4-b619-3774203b2e71
,,,,331a9eda-b672-474b-8ad9-2c352a2ea052
,,,,e304bae5-7b12-4999-8e2e-a8db0ae69863
,,,,7f83209b-3f43-43cd-b29b-bc391ef02904
,,,,dc8cfbfa-7681-48f3-82f8-228ad8d05367
,,,,4502cff0-7918-4202-a554-b0544cb2d904
,,,,970ae84a-83e5-46ed-9c7e-4dcd4da038ad
,,,,593edd46-4241-4aaa-8019-902579e2a22a
,,,,b73b8ea0-5c70-470c-89ba-4870da66165e
,,,,70514a86-ebb2-44d9-97a8-002bc85e3023
,,,,02e75e87-ae34-4487-ad96-464a9bedfed6
,,,,7aa7c71c-bb14-44cd-91cb-04733aafd6b8
,,,,d198305c-cfba-4354-b1b6-4eb0896c2baf
,,,,2c1675c5-4508-4e50-a32b-3d35411a036e
,,,,4aa3cf43-b0bf-4fa1-92b6-057fc1b3e81d
,,,,64a33692-4940-40d6-834c-b1f5e6dbf05a
,,,,fb1665b7-c946-4908-9b21-ff242747d7c7
,,,,7df22fae-23ab-4662-aa0f-58a40c3e238c
,,,,2ad3aa29-977d-458b-b1fb-f4755034fa61
,,,,68afc98a-65bb-4701-8b13-7a215f663c35
,,,,833250e9-903c-47f5-a159-8559daf8fa78
,,,,29e3f2b0-d447-4a39-ae53-b7e8cad44e33
,,,,136720f8-8b97-44c7-af31-c4a8677521d0
,,,,7c3a5b7d-173f-4537-921d-64063338ff16
,,,,4439102e-a992-48e3-9a07-82ddb437a562
,,,,446feb73-b782-4ba1-9e73-979f11bcb2c7
,,,,c9ecda0d-04dc-429c-a0cb-bc0eefe80527
,,,,44468a74-68d6-48c3-b0d7-1e54611c1912
,,,,a179b52f-2808-45da-9735-5faf01383485
,,,,5d0513b5-5e31-4166-bd72-c2b536177abd
,,,,04493d05-c18a-4f30-b4bf-ecf37b328a9c
,,,,7dbde619-1c16-4062-92e3-bac65b3c3505
,,,,e649ab12-2fdc-4cc1-9b1e-16934c7b4ca5
,,,,ceb9fefe-73e3-49e6-acfa-b77d418b4804
,,,,2b2716f7-1ed5-4858-aa32-93e9ef353e5b
,,,,333b71ff-28b5-4b9c-b9cc-d02bf37294d4
,,,,9ff1d062-1ce1-4818-9bc8-f17d0cf37847
,,,,8ef026c0-519c-4856-81d1-1432db3b7405
,,,,a1c8639e-626f-4d66-9cdf-ad80ab89e0e3
,,,,977a2ec6-896c-4cd8-bd95-dea471194ec4
,,,,b2431cba-2e84-4688-af3b-9751fa9d2624
,,,,4daacf57-9036-4d10-ac52-20d24db6d918
,,,,8148ac36-2f9b-4c65-b329-894e14d57bb9
,,,,a0102ba9-a670-42ee-b8cc-34be564e48df
,,,,be65c7f0-c46a-4163-b589-112a3dbbdcbf
,,,,ab8d04a8-0b8a-4b77-9501-87ead4408a3b
,,,,89d31df8-c0b6-4d3e-a29e-11a27b9f484d
,,,,9a8882d4-5b6a-46a6-bf80-56c12bc0278d
,,,,3446c07c-715c-4ac2-a882-ede2a76a1463
,,,,84839c02-4797-4ea9-adba-26147ee4b5c1
,,,,f2f6b3d7-f546-42a5-bfae-30153bc93af5
,,,,5f269b69-fae9-4a14-aad1-783290afe8c1
,,,,766fae58-d9f7-4913-8555-948da1c02dd4
,,,,375284e6-869d-429d-a12e-f40c9f119203
,,,,f9bb19bb-81c8-4cc3-bb41-5bd22d7242a5
,,,,354c8ee8-8683-4d0d-bb3f-66f37c11a1e9
,,,,e0ea8440-9d09-4c51-b966-0fcaf608df64
,,,,8f930b0d-ece0-47b3-9622-11fd28b881f1
,,,,4f4432af-02af-4023-b7c9-cf9069b0f477
,,,,6f77cd11-d337-4100-af1b-6d7f56bf3d4a
,,,,95cf1591-f968-43c3-8453-db1dc6ce8959
,,,,d4aefaf3-e1ed-4e7c-99b7-8ca93dd93a3a
,,,,b059b905-4be6-4548-b5e0-63618516cc44
,,,,6785c3f9-f051-4dc2-88c4-6cfce00e31fc
,,,,90df6a29-1c0a-4865-a5aa-96880fbdced2
,,,,91eeac7b-d532-474e-a7c7-6a81705c1df5
,,,,891c3b28-a1b7-402e-907b-ab4d0a07ef8c
,,,,1f66b3a6-2124-4400-b32d-b5a2cf01d251
,,,,3f453522-0711-4f4b-9082-b5d83763a6a8
,,,,dd5d77cc-7994-4a82-93e3-292cf06edc07
,,,,e1e825d6-4779-47ca-a4d6-a5ee220b089a
,,,,71c963cc-d5ab-4fc6-a54e-b7fb997aabbe
,,,,a438a92d-f270-4d8a-8368-4c5c341d41d3
,,,,2b2cd25d-c36c-494b-8c2f-2172ee316a21
,,,,2b40b86e-9cfc-4d50-bc41-4f0c980fa392
,,,,f317b181-8c9f-4dee-9616-ad755e216cad
,,,,c94cc133-3902-4f60-b9e0-1a49b6161706
,,,,9db03d66-ced2-4e2d-b832-724b1b79e7c1
,,,,e0a9ed2d-0bb3-4160-a7f4-0f2536508277
,,,,9087ce86-e4a3-4986-a3de-f820a766f97d
,,,,c9acc414-c22d-44c4-b77b-c0f0c69745fb
,,,,f9f40d47-8642-43ce-a32c-83f407c47463
,,,,ec74aa3f-03f0-4a86-8948-0afc45085e43
,,,,9eda4887-e241-4891-a517-9d678f3979ac
,,,,75b71268-2f98-4b9e-8f8c-f6cc668f6080
,,,,11b28e27-5619-4187-968a-eb53120e1e84
,,,,71b2d45a-7788-41f0-933a-5e301f9d6e54
,,,,e40cd93f-6cee-4fab-9553-389015013593
,,,,4414372b-df1b-4626-9e2f-4c3d88bcf297
,,,,b662268c-735e-4a1f-be69-36fb5a9989ab
,,,,3664082f-543b-4b1d-88f3-59b9fe81ac98
,,,,36e2c353-5ace-4379-87b8-b29703b8bd10
,,,,fe2a31b9-7d0f-4791-8de9-f5c7bb900511
,,,,d1f819ba-6045-4ed1-8a13-4c79b920c97d
,,,,a42e7f3b-a9b1-4518-863a-48cdf132e483
,,,,60cb6513-6755-405f-9439-b1d1f4793ddc
,,,,e30611a6-c228-42f2-97f9-867bcfba7db1
,,,,877bbe92-d3ab-4658-b43c-057e74faf72b
,,,,eb909eaf-dcf5-4818-8b79-e961c77e6698
,,,,1c6aa4f8-f416-4a02-8788-a6de0ff353cb
,,,,3a756aef-509f-47de-be7f-d11a6ac14dc9
,,,,45cbf686-0f77-4ce0-b94c-9611521c20ec
,,,,5e13d479-cd10-4b0e-883f-a32df05c9f80
,,,,abcc17cf-62f6-4932-93f9-96a4138966f0
,,,,45fe1922-d2bc-4c4f-92a3-97ae923aff90
,,,,6d6874e6-bd21-41c5-9e89-20c89ff7f0ea
,,,,99217c87-54c3-4fc4-9c43-dbdb28d63b55
,,,,a322b410-43e6-476b-a7b7-25ce632f1b6c
,,,,5fa5f0a1-ba56-43f8-a76b-cfdedc2c1f2f
,,,,4ee64ee0-5455-4a9a-aae3-905fe75b0a24
,,,,da4c1dde-67bf-48be-82b4-496d39c8990e
,,,,56cefaf3-a67a-412d-8b85-10a51e19a127
,,,,9aa3d77a-a2a3-463c-aa5f-05f8100df378
